arquivo,coletanea_sugerida,numero_extraido,titulo_extraido,bytes,formato,mtime,status,chave_db,match_tipo
01.Antífona.pptx,,01,Antífona,119717,pptx,1550356808.0,duplicado-antigo,CC/1,titulo
1. 382 Vamos à Igreja.pptx,,1,Vamos à Igreja,128067,pptx,1534106757.0,duplicado-antigo,CC/382,titulo
1. Cantai um Novo Cântico.pptx,,1,Hinos de Louvor nº 118,57127,pptx,1632084122.0,sem-match,,
135.Louvor.pptx,,135,Louvor,92873,pptx,1656881884.0,sem-match,,
2 Co 4.8-9.pptx,,2,2 Co 4:8-9,95798,pptx,1527454860.0,sem-match,,
3 - 96.Deslumbrante.pptx,,3,Deslumbrante,122269,pptx,1654462828.0,candidato,CC/96,titulo
4.De eternidade a eternidade (revisado).pptx,,4,De Eternidade a Eternidade,134216,pptx,1659301671.0,duplicado-antigo,HL/4,titulo
416.Filhos da Luz (revisado).pptx,,416,Filhos da Luz,126770,pptx,1659301671.0,duplicado-antigo,CC/416,titulo
5 - 368 Confiança.pptx,,5,Confiança,125093,pptx,1523361410.0,candidato,CC/311,titulo
5 - Nossa Pátria está nos Céus (Corrigida).pptx,,5,Letra e Música: Jailson Vieira,56061,pptx,1645375628.0,sem-match,,
77. OS PASSOS DO JUSTO (revisado).pptx,,77,OS PASSOS DO JUSTO,74050,pptx,1686516615.0,candidato,VM/77,titulo
8. 111. SEMPRE O MESMO.pptx,,8,SEMPRE O MESMO,49405,pptx,1577836956.0,duplicado-antigo,VM/111,titulo
"9 Santo és, Senhor.pptx",,9,"Santo És, Senhor",124448,pptx,1542482111.0,duplicado-antigo,HL/9,titulo
9. Para sempre com Jesus novo.pptx,,9,Para Sempre com Jesus,117694,pptx,1577836771.0,candidato,COR/125,titulo
A Imagem do Deus Invisivel.pptx,,,A Imagem do Deus Invisível,42945,pptx,1657478553.0,candidato,COR/20,titulo
A cruz não foi seu fim.pptx,,,Letra e Música: Jailson Vieira,44485,pptx,1631480209.0,sem-match,,
A sua imagem novo.pptx,,,A Sua Imagem,127990,pptx,1529791327.0,sem-match,,
ALIANÇA ETERNA.pptx,,,ALIANÇA ETERNA,40656,pptx,1740234642.0,sem-match,,
Andai no Espírito.pptx,,,Letra e Música: Jaime F. da Costa Jr.,45478,pptx,1601222778.0,sem-match,,
Boa Obra em Vós.pptx,,,Boa Obra em Nós,128551,pptx,1642974224.0,sem-match,,
Buscai Primeiro.pptx,,,Buscai Primeiro o Reino de Deus,177369,pptx,1729358664.0,duplicado-antigo,VM/304,titulo
CC 186 - É Jesus quem salva.pptx,CC,186,Hino CC nº 186,11503906,pptx,1597270278.0,duplicado-antigo,CC/186,numero
CC 545-Vamos-à-Escola.pptx,CC,545,1/6,75438,pptx,1621771697.0,candidato,CC/545,numero
CULTO DE GRATIDÃO.pptx,,,CULTO DE GRATIDÃO,33726,pptx,1580600399.0,sem-match,,
Cantor Cristao NOVO/1 a 50/01.Antífona.pptx,CC,01,Antífona,119717,pptx,1550356808.0,duplicado-antigo,CC/1,numero
Cantor Cristao NOVO/1 a 50/02 Justo és Senhor.pptx,CC,02,Justo és Senhor,115551,pptx,1521546272.0,duplicado-antigo,CC/2,numero
Cantor Cristao NOVO/1 a 50/03 Louvor ao SENHOR.pptx,CC,03,Louvor ao SENHOR,98156,pptx,1521546310.0,duplicado-antigo,CC/3,numero
Cantor Cristao NOVO/1 a 50/04 Ao Deus santo.pptx,CC,04,Ao Deus santo,113795,pptx,1521546360.0,duplicado-antigo,CC/4,numero
Cantor Cristao NOVO/1 a 50/05 Presença Divina.pptx,CC,05,Presença Divina,119536,pptx,1521546422.0,duplicado-antigo,CC/5,numero
Cantor Cristao NOVO/1 a 50/06 Glória ao Senhor.pptx,CC,06,Glória ao Senhor,101436,pptx,1546729681.0,duplicado-antigo,CC/6,numero
Cantor Cristao NOVO/1 a 50/07 Maravilhas Divinas.pptx,CC,07,Maravilhas Divinas,126330,pptx,1521546700.0,duplicado-antigo,CC/7,numero
Cantor Cristao NOVO/1 a 50/08 Adoração.pptx,CC,08,Adoração,113460,pptx,1521546760.0,duplicado-antigo,CC/8,numero
Cantor Cristao NOVO/1 a 50/09.Santo.pptx,CC,09,Santo,117682,pptx,1521546844.0,duplicado-antigo,CC/9,numero
Cantor Cristao NOVO/1 a 50/10 Auxílio Divino.pptx,CC,10,CC n°10,114773,pptx,1521546874.0,duplicado-antigo,CC/10,numero
Cantor Cristao NOVO/1 a 50/11 Ao Deus Trino.pptx,CC,11,Ao Deus Trino,115652,pptx,1521546972.0,duplicado-antigo,CC/11,numero
Cantor Cristao NOVO/1 a 50/12 Louvamos.pptx,CC,12,Louvamos,118218,pptx,1521547136.0,duplicado-antigo,CC/12,numero
Cantor Cristao NOVO/1 a 50/13 Adoração a Deus.pptx,CC,13,Adoração a Deus,114331,pptx,1521547260.0,duplicado-antigo,CC/13,numero
Cantor Cristao NOVO/1 a 50/14 O Deus de Abraão.pptx,CC,14,O Deus de Abraão,119513,pptx,1521547454.0,duplicado-antigo,CC/14,numero
Cantor Cristao NOVO/1 a 50/15.Exultação.pptx,CC,15,Exultação,189801,pptx,1762347788.0,duplicado-antigo,CC/15,numero
"Cantor Cristao NOVO/1 a 50/16 Oh, Vinde Adorar.pptx",CC,16,"Oh, Vinde Adorar",116151,pptx,1542545827.0,duplicado-antigo,CC/16,numero
Cantor Cristao NOVO/1 a 50/17 O Amor de Deus.pptx,CC,17,O Amor de Deus,127201,pptx,1521547930.0,duplicado-antigo,CC/17,numero
Cantor Cristao NOVO/1 a 50/18.Amor sem Igual.pptx,CC,18,Amor sem Igual,131464,pptx,1549842811.0,duplicado-antigo,CC/18,numero
Cantor Cristao NOVO/1 a 50/19 Boa Nova.pptx,CC,19,Boa Nova,100047,pptx,1521548792.0,duplicado-antigo,CC/19,numero
Cantor Cristao NOVO/1 a 50/20 Amor Perene.pptx,CC,20,Amor Perene,119641,pptx,1521548868.0,duplicado-antigo,CC/20,numero
Cantor Cristao NOVO/1 a 50/21 Amor ao Pai e ao Filho.pptx,CC,21,Amor ao Pai e ao Filho,101959,pptx,1521549518.0,duplicado-antigo,CC/21,numero
Cantor Cristao NOVO/1 a 50/22 Amor Sublime.pptx,CC,22,Amor Sublime,104455,pptx,1521549082.0,duplicado-antigo,CC/22,numero
"Cantor Cristao NOVO/1 a 50/23 Deus, fonte da vida.pptx",CC,23,"Deus, fonte da vida",106860,pptx,1521549632.0,duplicado-antigo,CC/23,numero
Cantor Cristao NOVO/1 a 50/24 Deus é Amor.pptx,CC,24,Deus é Amor,107450,pptx,1521549760.0,duplicado-antigo,CC/24,numero
Cantor Cristao NOVO/1 a 50/25 Amor.pptx,CC,25,Amor,120912,pptx,1521549862.0,duplicado-antigo,CC/25,numero
Cantor Cristao NOVO/1 a 50/26 Rei Excelso.pptx,CC,26,Rei Excelso,100659,pptx,1521549994.0,duplicado-antigo,CC/26,numero
Cantor Cristao NOVO/1 a 50/28 Nasceu o Redentor.pptx,CC,28,Nasceu o Redentor,130146,pptx,1521553278.0,duplicado-antigo,CC/28,numero
Cantor Cristao NOVO/1 a 50/29 Nasce Jesus.pptx,CC,29,Nasce Jesus,110698,pptx,1521553392.0,duplicado-antigo,CC/29,numero
Cantor Cristao NOVO/1 a 50/30 Noite de Paz.pptx,CC,30,Noite de Paz,98862,pptx,1521553514.0,duplicado-antigo,CC/30,numero
Cantor Cristao NOVO/1 a 50/31 Lugar para Cristo.pptx,CC,31,Lugar para Cristo,125419,pptx,1544965166.0,duplicado-antigo,CC/31,numero
Cantor Cristao NOVO/1 a 50/32 Cristo em Belém.pptx,CC,32,CC n°32,122704,pptx,1521553912.0,duplicado-antigo,CC/32,numero
Cantor Cristao NOVO/1 a 50/33 Nasceu Jesus.pptx,CC,33,Nasceu Jesus,183678,pptx,1765377253.0,candidato,CC/33,numero
Cantor Cristao NOVO/1 a 50/34 Plena Graça.pptx,CC,34,Plena Graça,95257,pptx,1521554154.0,candidato,CC/34,numero
Cantor Cristao NOVO/1 a 50/35 Incomparável.pptx,CC,35,Incomparável,105353,pptx,1528928836.0,candidato,CC/35,numero
Cantor Cristao NOVO/1 a 50/36 O Amor de Jesus.pptx,CC,36,O Amor de Jesus,104290,pptx,1521554504.0,candidato,CC/36,numero
Cantor Cristao NOVO/1 a 50/37 Amor Glorioso.pptx,CC,37,Amor Glorioso,106238,pptx,1521554686.0,candidato,CC/37,numero
Cantor Cristao NOVO/1 a 50/38 Divino Amor.pptx,CC,38,Divino Amor,100517,pptx,1521554830.0,candidato,CC/38,numero
Cantor Cristao NOVO/1 a 50/39 A Ovelha Perdida.pptx,CC,39,A Ovelha Perdida,102986,pptx,1538309683.0,candidato,CC/39,numero
Cantor Cristao NOVO/1 a 50/40 Amor de Cristo.pptx,CC,40,Amor de Cristo,95755,pptx,1521555036.0,candidato,CC/40,numero
Cantor Cristao NOVO/1 a 50/41 Reconhecimento.pptx,CC,41,Reconhecimento,96086,pptx,1521555092.0,candidato,CC/41,numero
Cantor Cristao NOVO/1 a 50/42 Realização.pptx,CC,42,Realização,106625,pptx,1521555312.0,candidato,CC/42,numero
Cantor Cristao NOVO/1 a 50/43.Palavras Preciosas.pptx,CC,43,Palavras Preciosas,100953,pptx,1521555432.0,candidato,CC/43,numero
Cantor Cristao NOVO/1 a 50/44 A Linda História.pptx,CC,44,A Linda História,107422,pptx,1521555574.0,duplicado-antigo,CC/44,numero
Cantor Cristao NOVO/1 a 50/45 Por Amor de Nós.pptx,CC,45,Por Amor de Nós,101032,pptx,1521555654.0,candidato,CC/45,numero
Cantor Cristao NOVO/1 a 50/46 Jesus me Transformou.pptx,CC,46,Jesus me Transformou,182621,pptx,1521555738.0,duplicado-antigo,CC/46,numero
Cantor Cristao NOVO/1 a 50/47 Alegria Perene.pptx,CC,47,Alegria Perene,103731,pptx,1521555980.0,candidato,CC/47,numero
Cantor Cristao NOVO/1 a 50/48 Salvação.pptx,CC,48,Salvação,103066,pptx,1521556074.0,candidato,CC/48,numero
Cantor Cristao NOVO/1 a 50/49 Tudo Fez Jesus.pptx,CC,49,Tudo Fez Jesus,97789,pptx,1521556172.0,candidato,CC/49,numero
Cantor Cristao NOVO/1 a 50/50 A Velha História.pptx,CC,50,A Velha História,104125,pptx,1521556296.0,candidato,CC/50,numero
Cantor Cristao NOVO/101 a 150/101 Ressurgiu.pptx,CC,101,Ressurgiu,145606,pptx,1521716762.0,duplicado-antigo,CC/101,numero
Cantor Cristao NOVO/101 a 150/102Cristo Volta.pptx,CC,,Cristo Volta,103947,pptx,1521716986.0,duplicado-antigo,CC/102,titulo
Cantor Cristao NOVO/101 a 150/103 Jesus Vindo.pptx,CC,103,Jesus Vindo,101815,pptx,1521801900.0,duplicado-antigo,CC/103,numero
Cantor Cristao NOVO/101 a 150/104 O Bom Porvir.pptx,CC,104,O Bom Porvir,104018,pptx,1521802278.0,candidato,CC/104,numero
Cantor Cristao NOVO/101 a 150/105 Feliz.pptx,CC,105,Feliz,94300,pptx,1521802330.0,duplicado-antigo,CC/105,numero
Cantor Cristao NOVO/101 a 150/106 O Desejado.pptx,CC,106,O Desejado,106813,pptx,1521802460.0,candidato,CC/106,numero
Cantor Cristao NOVO/101 a 150/107 Esperando.pptx,CC,107,Esperando,98512,pptx,1521802608.0,duplicado-antigo,CC/107,numero
Cantor Cristao NOVO/101 a 150/108.Chamada Final.pptx,CC,108,Chamada Final,103897,pptx,1548626139.0,candidato,CC/108,numero
Cantor Cristao NOVO/101 a 150/109 Por Pouco Tempo.pptx,CC,109,Por Pouco Tempo,99326,pptx,1521802952.0,duplicado-antigo,CC/109,numero
Cantor Cristao NOVO/101 a 150/110 Quando Cristo Vier.pptx,CC,110,Quando Cristo Vier,127016,pptx,1521803220.0,duplicado-antigo,CC/110,numero
Cantor Cristao NOVO/101 a 150/111.Não Tardará.pptx,CC,111,Não Tardará,126334,pptx,1548625435.0,duplicado-antigo,CC/111,numero
Cantor Cristao NOVO/101 a 150/112 Vencendo Vem Jesus.pptx,CC,112,Vencendo Vem Jesus,126136,pptx,1521803620.0,candidato,CC/112,numero
Cantor Cristao NOVO/101 a 150/113.O Dia Glorioso.pptx,CC,113,O Dia Glorioso,119468,pptx,1548625514.0,candidato,CC/113,numero
Cantor Cristao NOVO/101 a 150/114 A Vinda do Senhor.pptx,CC,114,A Vinda do Senhor,125996,pptx,1521804132.0,candidato,CC/114,numero
Cantor Cristao NOVO/101 a 150/115 Breve com Jesus.pptx,CC,115,Breve com Jesus,110533,pptx,1521810340.0,candidato,CC/115,numero
Cantor Cristao NOVO/101 a 150/116 Desejo da Alma.pptx,CC,116,Desejo da Alma,126389,pptx,1521810406.0,candidato,CC/116,numero
Cantor Cristao NOVO/101 a 150/117 Espírito Santo.pptx,CC,117,Espírito Santo,115685,pptx,1521810514.0,candidato,CC/117,numero
Cantor Cristao NOVO/101 a 150/118 Santo Espírito.pptx,CC,118,Santo Espírito,110732,pptx,1521810626.0,candidato,CC/118,numero
Cantor Cristao NOVO/101 a 150/119 Fidelidade.pptx,CC,119,Fidelidade,118593,pptx,1521810982.0,candidato,CC/119,numero
Cantor Cristao NOVO/101 a 150/120 Louvai ao Senhor.pptx,CC,120,Louvai ao Senhor,119531,pptx,1521811126.0,candidato,CC/120,numero
Cantor Cristao NOVO/101 a 150/121 Ecos de Louvor.pptx,CC,121,Ecos de Louvor,114141,pptx,1521811214.0,candidato,CC/121,numero
Cantor Cristao NOVO/101 a 150/122 Motivos de Louvor.pptx,CC,122,Motivos de Louvor,115290,pptx,1521811460.0,candidato,CC/122,numero
Cantor Cristao NOVO/101 a 150/123.Bendito o Cordeiro.pptx,CC,123,Bendito o Cordeiro,122832,pptx,1548626550.0,duplicado-antigo,CC/123,numero
Cantor Cristao NOVO/101 a 150/124 Cantarei.pptx,CC,124,Cantarei,121826,pptx,1521811822.0,candidato,CC/124,numero
Cantor Cristao NOVO/101 a 150/125.Redenção.pptx,CC,125,Redenção,129860,pptx,1549836191.0,candidato,CC/125,numero
Cantor Cristao NOVO/101 a 150/126.Louvai.pptx,CC,126,Louvai,189837,pptx,1759085898.0,duplicado-antigo,CC/126,numero
Cantor Cristao NOVO/101 a 150/127 Jesus Bondoso.pptx,CC,127,Jesus Bondoso,114219,pptx,1521812110.0,candidato,CC/127,numero
Cantor Cristao NOVO/101 a 150/128 A Redenção.pptx,CC,128,A Redenção,118785,pptx,1521812192.0,candidato,CC/128,numero
Cantor Cristao NOVO/101 a 150/129 Bendita Luz.pptx,CC,129,Bendita Luz,122408,pptx,1521812308.0,candidato,CC/129,numero
Cantor Cristao NOVO/101 a 150/130 Beneficência.pptx,CC,130,Beneficência,122485,pptx,1521813022.0,candidato,CC/130,numero
Cantor Cristao NOVO/101 a 150/131 Bendize.pptx,CC,131,Bendize,115005,pptx,1521813086.0,candidato,CC/131,numero
Cantor Cristao NOVO/101 a 150/132 Ebenézer.pptx,CC,132,Ebenézer,181330,pptx,1682788343.0,duplicado-antigo,CC/132,numero
Cantor Cristao NOVO/101 a 150/133 Exultação.pptx,CC,133,Exultação,113787,pptx,1521813392.0,candidato,CC/133,numero
Cantor Cristao NOVO/101 a 150/134 Reino Universal.pptx,CC,134,Reino Universal,114239,pptx,1521813534.0,candidato,CC/134,numero
Cantor Cristao NOVO/101 a 150/135.Louvor (revisado).pptx,CC,135,Louvor,92873,pptx,1656881884.0,duplicado-antigo,CC/135,numero
Cantor Cristao NOVO/101 a 150/135.Louvor.pptx,CC,135,Louvor,92645,pptx,1550435250.0,duplicado-antigo,CC/135,numero
Cantor Cristao NOVO/101 a 150/136 Estudo Bíblico.pptx,CC,136,Estudo Bíblico,117774,pptx,1521814212.0,candidato,CC/136,numero
Cantor Cristao NOVO/101 a 150/137 O Pão da Vida.pptx,CC,137,O Pão da Vida,115720,pptx,1521814272.0,candidato,CC/137,numero
Cantor Cristao NOVO/101 a 150/138 A Lei do Senhor.pptx,CC,138,A Lei do Senhor,114292,pptx,1521814448.0,candidato,CC/138,numero
Cantor Cristao NOVO/101 a 150/139 O Dia do Senhor.pptx,CC,139,O Dia do Senhor,116140,pptx,1521814742.0,candidato,CC/139,numero
Cantor Cristao NOVO/101 a 150/140 Domingo.pptx,CC,140,Domingo,113316,pptx,1521814810.0,candidato,CC/140,numero
Cantor Cristao NOVO/101 a 150/141 Descanso aos Domingos.pptx,CC,141,Descanso aos Domingos,116754,pptx,1521814932.0,candidato,CC/141,numero
Cantor Cristao NOVO/101 a 150/142 Pão da Vida.pptx,CC,142,Pão da Vida,117151,pptx,1531090074.0,candidato,CC/142,numero
Cantor Cristao NOVO/101 a 150/143 A Ceia do Senhor.pptx,CC,143,A Ceia do Senhor,116127,pptx,1521815078.0,candidato,CC/143,numero
Cantor Cristao NOVO/101 a 150/144 Vera Páscoa.pptx,CC,144,Vera Páscoa,113684,pptx,1521815136.0,candidato,CC/144,numero
Cantor Cristao NOVO/101 a 150/145 Batismo.pptx,CC,145,Batismo,116551,pptx,1521815214.0,candidato,CC/145,numero
Cantor Cristao NOVO/101 a 150/146 Alegria Verdadeira.pptx,CC,146,Alegria Verdadeira,112882,pptx,1521815280.0,candidato,CC/146,numero
Cantor Cristao NOVO/101 a 150/147 Obediência no Batismo.pptx,CC,147,Obediência no Batismo,117165,pptx,1521815364.0,candidato,CC/147,numero
Cantor Cristao NOVO/101 a 150/148 Hora Bendita.pptx,CC,148,Hora Bendita,117497,pptx,1522667372.0,duplicado-antigo,CC/148,numero
Cantor Cristao NOVO/101 a 150/149 Persistência em Oração.pptx,CC,149,Persistência em Oração,117095,pptx,1522668884.0,duplicado-antigo,CC/149,numero
Cantor Cristao NOVO/101 a 150/150 Pai Nosso.pptx,CC,150,Pai Nosso,116869,pptx,1522669074.0,duplicado-antigo,CC/150,numero
Cantor Cristao NOVO/101 a 150/~$145 Batismo.pptx,CC,,,165,pptx,1635076199.0,sem-match,,
Cantor Cristao NOVO/151 a 200/151 Comunhão.pptx,CC,151,Comunhão,115569,pptx,1522669256.0,duplicado-antigo,CC/151,numero
Cantor Cristao NOVO/151 a 200/152.Pastor Divino.pptx,CC,152,Pastor Divino,115892,pptx,1551040364.0,duplicado-antigo,CC/152,numero
Cantor Cristao NOVO/151 a 200/153 Perdão.pptx,CC,153,Perdão,113398,pptx,1522669580.0,candidato,CC/153,numero
Cantor Cristao NOVO/151 a 200/154 Firme nas Promessas.pptx,CC,154,Firme nas Promessas,125932,pptx,1522669758.0,candidato,CC/154,numero
Cantor Cristao NOVO/151 a 200/155 O Grande Amigo.pptx,CC,155,O Grande Amigo,180587,pptx,1726930885.0,candidato,CC/155,numero
Cantor Cristao NOVO/151 a 200/156 Orando Sempre.pptx,CC,156,Orando Sempre,122514,pptx,1522670154.0,candidato,CC/156,numero
Cantor Cristao NOVO/151 a 200/157 Vivifica-nos Senhor.pptx,CC,157,Vivifica-nos Senhor,111145,pptx,1522670298.0,candidato,CC/157,numero
Cantor Cristao NOVO/151 a 200/158 Em Oração.pptx,CC,158,Em Oração,118967,pptx,1522670456.0,candidato,CC/158,numero
Cantor Cristao NOVO/151 a 200/159 Minha Oração.pptx,CC,159,Minha Oração,119091,pptx,1522670540.0,candidato,CC/159,numero
Cantor Cristao NOVO/151 a 200/160 A Fé Contemplada.pptx,CC,160,A Fé Contemplada,109326,pptx,1541374682.0,candidato,CC/160,numero
Cantor Cristao NOVO/151 a 200/161 Poder Espiritual.pptx,CC,161,Poder Espiritual,116017,pptx,1522753024.0,candidato,CC/161,numero
Cantor Cristao NOVO/151 a 200/162 Vigiar e Orar.pptx,CC,162,Vigiar e Orar,125141,pptx,1522754036.0,duplicado-antigo,CC/162,numero
Cantor Cristao NOVO/151 a 200/163 Desejos.pptx,CC,163,CC n°163,115378,pptx,1522754702.0,duplicado-antigo,CC/163,numero
Cantor Cristao NOVO/151 a 200/164 Revificação.pptx,CC,164,Revificação,119653,pptx,1522754938.0,candidato,CC/164,numero
Cantor Cristao NOVO/151 a 200/165 Oração.pptx,CC,165,Oração,116141,pptx,1522755086.0,candidato,CC/165,numero
Cantor Cristao NOVO/151 a 200/166 As Promessas de Deus.pptx,CC,166,As Promessas de Deus,120850,pptx,1522755278.0,candidato,CC/166,numero
"Cantor Cristao NOVO/151 a 200/167 Vem, inflama.pptx",CC,167,"Vem, inflama",119640,pptx,1522755726.0,candidato,CC/167,numero
Cantor Cristao NOVO/151 a 200/168 Chuva de Bênçãos.pptx,CC,168,Chuva de Bênçãos,126092,pptx,1522755938.0,candidato,CC/168,numero
Cantor Cristao NOVO/151 a 200/169 Mais de Cristo.pptx,CC,169,Mais de Cristo,183334,pptx,1522755998.0,candidato,CC/169,numero
Cantor Cristao NOVO/151 a 200/170 Oração de Consagração.pptx,CC,170,Oração de Consagração,118003,pptx,1522756070.0,candidato,CC/170,numero
Cantor Cristao NOVO/151 a 200/171 Avivamento.pptx,CC,171,Avivamento,119373,pptx,1522756126.0,candidato,CC/171,numero
Cantor Cristao NOVO/151 a 200/172 Cada Dia.pptx,CC,172,Cada Dia,116211,pptx,1522756200.0,candidato,CC/172,numero
Cantor Cristao NOVO/151 a 200/173 Mais Amor.pptx,CC,173,Mais Amor,116254,pptx,1522756512.0,candidato,CC/173,numero
Cantor Cristao NOVO/151 a 200/174 Faça-se a Luz.pptx,CC,174,Faça-se a Luz,117717,pptx,1522756604.0,candidato,CC/174,numero
Cantor Cristao NOVO/151 a 200/175 Minha Aspiração.pptx,CC,175,Minha Aspiração,118987,pptx,1522756688.0,candidato,CC/175,numero
Cantor Cristao NOVO/151 a 200/176 Tempo de Ser Santo (antigo).pptx,CC,176,Tempo de Ser Santo,118566,pptx,1659306282.0,candidato,CC/176,numero
Cantor Cristao NOVO/151 a 200/176 Tempo de Ser Santo (revisado).pptx,CC,176,Tempo de Ser Santo,121051,pptx,1659301671.0,duplicado-antigo,CC/176,numero
Cantor Cristao NOVO/151 a 200/177 Alvorada.pptx,CC,177,Alvorada,116066,pptx,1522756850.0,candidato,CC/177,numero
Cantor Cristao NOVO/151 a 200/178 O Culto Findou.pptx,CC,178,O Culto Findou,117529,pptx,1522756908.0,candidato,CC/178,numero
Cantor Cristao NOVO/151 a 200/179 O Fim do Culto.pptx,CC,179,O Fim do Culto,115609,pptx,1522757242.0,candidato,CC/179,numero
Cantor Cristao NOVO/151 a 200/180 Despedida.pptx,CC,180,Despedida,115034,pptx,1522757308.0,candidato,CC/180,numero
Cantor Cristao NOVO/151 a 200/181 Bênçãos.pptx,CC,181,Bênçãos,113589,pptx,1522757354.0,candidato,CC/181,numero
Cantor Cristao NOVO/151 a 200/182 Despedida do Culto.pptx,CC,182,Despedida do Culto,120717,pptx,1522757432.0,candidato,CC/182,numero
Cantor Cristao NOVO/151 a 200/183 A Luz do Mundo.pptx,CC,183,A Luz do Mundo,122343,pptx,1522757502.0,candidato,CC/183,numero
Cantor Cristao NOVO/151 a 200/184 Há Livre Perdão.pptx,CC,184,Há Livre Perdão,122749,pptx,1522757590.0,candidato,CC/184,numero
Cantor Cristao NOVO/151 a 200/185 Somente Cristo.pptx,CC,185,Somente Cristo,122212,pptx,1522757668.0,candidato,CC/185,numero
Cantor Cristao NOVO/151 a 200/186 É Jesus Quem Salva.pptx,CC,186,É Jesus Quem Salva,111247,pptx,1572792248.0,duplicado-antigo,CC/186,numero
Cantor Cristao NOVO/151 a 200/187 Teus Pecados.pptx,CC,187,CC n°187,115124,pptx,1522757952.0,candidato,CC/187,numero
Cantor Cristao NOVO/151 a 200/188 O Evangelho.pptx,CC,188,CC n°188,123352,pptx,1532293161.0,candidato,CC/188,numero
Cantor Cristao NOVO/151 a 200/189 Graça Inefável.pptx,CC,189,CC n°189,119943,pptx,1522758342.0,candidato,CC/189,numero
Cantor Cristao NOVO/151 a 200/190 Para Salvar-te.pptx,CC,190,Para Salvar-te,177799,pptx,1783823519.0,duplicado-antigo,CC/190,numero
Cantor Cristao NOVO/151 a 200/191 Eis a Nova.pptx,CC,191,CC n°191,119546,pptx,1522759674.0,candidato,CC/191,numero
Cantor Cristao NOVO/151 a 200/192 Só por Jesus.pptx,CC,192,CC n°192,106837,pptx,1546811989.0,duplicado-antigo,CC/192,numero
Cantor Cristao NOVO/151 a 200/193 Proclamação.pptx,CC,193,CC n°193,114174,pptx,1522759932.0,candidato,CC/193,numero
Cantor Cristao NOVO/151 a 200/194 A Mensagem Celeste.pptx,CC,194,CC n°194,114716,pptx,1522760048.0,candidato,CC/194,numero
Cantor Cristao NOVO/151 a 200/195 A Vida por Um Olhar.pptx,CC,195,CC n°195,124309,pptx,1522760314.0,candidato,CC/195,numero
Cantor Cristao NOVO/151 a 200/196 Conta-me.pptx,CC,196,CC n°196,115802,pptx,1522760572.0,candidato,CC/196,numero
Cantor Cristao NOVO/151 a 200/197 Inabalável.pptx,CC,197,CC n°197,119083,pptx,1522760720.0,candidato,CC/197,numero
Cantor Cristao NOVO/151 a 200/198 Aleluia.pptx,CC,198,CC n°198,120861,pptx,1522760842.0,candidato,CC/198,numero
Cantor Cristao NOVO/151 a 200/199 Cordeiro Divino.pptx,CC,199,CC n°199,117337,pptx,1522761018.0,candidato,CC/199,numero
Cantor Cristao NOVO/151 a 200/200 A Vinda de Jesus.pptx,CC,200,CC n°200,117738,pptx,1522762120.0,candidato,CC/200,numero
Cantor Cristao NOVO/201 a 250/201 O Novo Nascimento.pptx,CC,201,CC n°201,122848,pptx,1522774320.0,candidato,CC/201,numero
Cantor Cristao NOVO/201 a 250/202 Jesus Tem Poder.pptx,CC,202,CC n°202,120103,pptx,1522774422.0,candidato,CC/202,numero
Cantor Cristao NOVO/201 a 250/203 Olha para Jesus.pptx,CC,203,CC n°203,116444,pptx,1522774510.0,candidato,CC/203,numero
Cantor Cristao NOVO/201 a 250/204 Reconciliai-vos.pptx,CC,204,CC n°204,120108,pptx,1522774672.0,candidato,CC/204,numero
Cantor Cristao NOVO/201 a 250/205 Jesus Crucificado.pptx,CC,205,CC n°205,117965,pptx,1522774758.0,candidato,CC/205,numero
Cantor Cristao NOVO/201 a 250/206 Promessa Gloriosa.pptx,CC,206,CC n°206,122558,pptx,1522774886.0,candidato,CC/206,numero
Cantor Cristao NOVO/201 a 250/207 Mensagem Real.pptx,CC,207,CC n°207,91592,pptx,1522775110.0,duplicado-antigo,CC/207,numero
Cantor Cristao NOVO/201 a 250/208 Justificação.pptx,CC,208,Justificação,104300,pptx,1522775294.0,candidato,CC/208,numero
Cantor Cristao NOVO/201 a 250/209 Venham Escutar.pptx,CC,209,Venham Escutar,108340,pptx,1522775454.0,candidato,CC/209,numero
Cantor Cristao NOVO/201 a 250/210 Cristo Te Chama.pptx,CC,210,Cristo Te Chama,107870,pptx,1522775558.0,candidato,CC/210,numero
Cantor Cristao NOVO/201 a 250/211 Vem Pecador.pptx,CC,211,Vem Pecador,97390,pptx,1522775824.0,candidato,CC/211,numero
Cantor Cristao NOVO/201 a 250/212 Oh! Vinde Já.pptx,CC,212,Oh! Vinde Já,100745,pptx,1522775896.0,candidato,CC/212,numero
Cantor Cristao NOVO/201 a 250/213 Quem Quiser.pptx,CC,213,Quem Quiser,104444,pptx,1522776082.0,candidato,CC/213,numero
Cantor Cristao NOVO/201 a 250/214 Cristo Chama por Ti.pptx,CC,214,Cristo Chama por Ti,108552,pptx,1522776178.0,candidato,CC/214,numero
Cantor Cristao NOVO/201 a 250/215 Fonte Bendita.pptx,CC,215,Fonte Bendita,107892,pptx,1522776292.0,candidato,CC/215,numero
Cantor Cristao NOVO/201 a 250/216 Descanso em Jesus.pptx,CC,216,Descanso em Jesus,104609,pptx,1522776376.0,candidato,CC/216,numero
Cantor Cristao NOVO/201 a 250/217 Segue-me.pptx,CC,217,Segue-me,100536,pptx,1522776786.0,candidato,CC/217,numero
Cantor Cristao NOVO/201 a 250/218 Vinde a Mim.pptx,CC,218,Vinde a Mim,106876,pptx,1522776920.0,candidato,CC/218,numero
Cantor Cristao NOVO/201 a 250/219 Vem Já.pptx,CC,219,Vem Já,106057,pptx,1522777202.0,candidato,CC/219,numero
Cantor Cristao NOVO/201 a 250/220 Perdão e Salvação.pptx,CC,220,Perdão e Salvação,108401,pptx,1522777436.0,candidato,CC/220,numero
Cantor Cristao NOVO/201 a 250/221 Convite.pptx,CC,221,Convite,102999,pptx,1522777614.0,candidato,CC/221,numero
Cantor Cristao NOVO/201 a 250/222 Manso e Suave.pptx,CC,222,Manso e Suave,125448,pptx,1522777702.0,candidato,CC/222,numero
Cantor Cristao NOVO/201 a 250/223 Abrigo.pptx,CC,223,Abrigo,105925,pptx,1522777830.0,candidato,CC/223,numero
Cantor Cristao NOVO/201 a 250/224 Um Passo Só.pptx,CC,224,Um Passo Só,116670,pptx,1522777978.0,candidato,CC/224,numero
Cantor Cristao NOVO/201 a 250/225 Voz de Ternura.pptx,CC,225,Voz de Ternura,103837,pptx,1522778220.0,candidato,CC/225,numero
Cantor Cristao NOVO/201 a 250/226 Dá Teu Coração.pptx,CC,226,Dá Teu Coração,110689,pptx,1522778428.0,candidato,CC/226,numero
Cantor Cristao NOVO/201 a 250/227 Despertado Coração.pptx,CC,227,Despertado Coração,107980,pptx,1522779182.0,candidato,CC/227,numero
Cantor Cristao NOVO/201 a 250/228 Ouvi a Chamada.pptx,CC,228,Ouvi a Chamada,104221,pptx,1522779392.0,candidato,CC/228,numero
Cantor Cristao NOVO/201 a 250/229 Régio Hóspede.pptx,CC,229,Régio Hóspede,104052,pptx,1522779468.0,candidato,CC/229,numero
Cantor Cristao NOVO/201 a 250/230 Deus Chamando.pptx,CC,230,Deus Chamando,107392,pptx,1522779594.0,candidato,CC/230,numero
"Cantor Cristao NOVO/201 a 250/231 Vem, Filho, Vem.pptx",CC,231,"Vem, Filho, Vem",107327,pptx,1522779686.0,candidato,CC/231,numero
Cantor Cristao NOVO/201 a 250/232 Cristo à Porta.pptx,CC,232,Cristo à Porta,107089,pptx,1522779814.0,candidato,CC/232,numero
Cantor Cristao NOVO/201 a 250/233 Por que Não Já.pptx,CC,233,Por que Não Já,103792,pptx,1522779906.0,candidato,CC/233,numero
Cantor Cristao NOVO/201 a 250/234 Cristo Salva.pptx,CC,234,Cristo Salva,121747,pptx,1522780214.0,candidato,CC/234,numero
Cantor Cristao NOVO/201 a 250/235 Chamada.pptx,CC,235,CC n°235,119046,pptx,1522780326.0,candidato,CC/235,numero
Cantor Cristao NOVO/201 a 250/236 Atribulado Coração.pptx,CC,236,ATRIBULADO CORAÇÃO,95502,pptx,1522780476.0,candidato,CC/236,numero
Cantor Cristao NOVO/201 a 250/237 Tão Perto.pptx,CC,237,CC n°237,119141,pptx,1522780582.0,candidato,CC/237,numero
Cantor Cristao NOVO/201 a 250/238 Água da Vida.pptx,CC,238,CC n°238,120395,pptx,1522781686.0,candidato,CC/238,numero
Cantor Cristao NOVO/201 a 250/239 A Luz do Céu.pptx,CC,239,A Luz do Céu,122132,pptx,1522782966.0,duplicado-antigo,CC/239,numero
Cantor Cristao NOVO/201 a 250/240 Vem a Cristo.pptx,CC,240,Vem a Cristo,121674,pptx,1522783058.0,duplicado-antigo,CC/240,numero
Cantor Cristao NOVO/201 a 250/241 Palavra Abençoada.pptx,CC,241,Palavra Abençoada,122778,pptx,1522783166.0,candidato,CC/241,numero
Cantor Cristao NOVO/201 a 250/242 Vinde Já.pptx,CC,242,Vinde Já,116504,pptx,1522783254.0,candidato,CC/242,numero
Cantor Cristao NOVO/201 a 250/243 Vida Eterna.pptx,CC,243,Vida Eterna,121836,pptx,1522783396.0,candidato,CC/243,numero
Cantor Cristao NOVO/201 a 250/244 Graça Admirável.pptx,CC,244,Graça Admirável,116078,pptx,1522783504.0,candidato,CC/244,numero
Cantor Cristao NOVO/201 a 250/245 Cristo Vai Passar.pptx,CC,245,Cristo Vai Passar,122843,pptx,1522783602.0,duplicado-antigo,CC/245,numero
Cantor Cristao NOVO/201 a 250/246 Vem Agora.pptx,CC,246,CC n°246,119310,pptx,1522783840.0,candidato,CC/246,numero
"Cantor Cristao NOVO/201 a 250/247 Vem, Filho Perdido.pptx",CC,247,CC n°247,122368,pptx,1522783962.0,candidato,CC/247,numero
Cantor Cristao NOVO/201 a 250/248 Filho Pródigo.pptx,CC,248,CC n°248,119231,pptx,1522784158.0,candidato,CC/248,numero
Cantor Cristao NOVO/201 a 250/249 Banquete de Belsazar.pptx,CC,249,CC n°249,123550,pptx,1522784278.0,candidato,CC/249,numero
Cantor Cristao NOVO/201 a 250/250 Quase Induzido.pptx,CC,250,Quase Induzido,99193,pptx,1522784560.0,candidato,CC/250,numero
Cantor Cristao NOVO/251 a 300/251 Quase Achegado.pptx,CC,251,Quase Achegado,99498,pptx,1522784642.0,candidato,CC/251,numero
Cantor Cristao NOVO/251 a 300/252 A Porta Franca.pptx,CC,252,A Porta Franca,104057,pptx,1522784722.0,candidato,CC/252,numero
Cantor Cristao NOVO/251 a 300/253 Não Havia Lugar.pptx,CC,253,Não Havia Lugar,105214,pptx,1522784806.0,candidato,CC/253,numero
Cantor Cristao NOVO/251 a 300/254 Não Venhas Tarde.pptx,CC,254,Não Venhas Tarde,105079,pptx,1522784884.0,candidato,CC/254,numero
Cantor Cristao NOVO/251 a 300/255 Qual é Teu Refúgio.pptx,CC,255,Qual é Teu Refúgio?,105980,pptx,1522785084.0,candidato,CC/255,numero
Cantor Cristao NOVO/251 a 300/256 Inda há Lugar.pptx,CC,256,Inda há Lugar,110926,pptx,1522786012.0,candidato,CC/256,numero
Cantor Cristao NOVO/251 a 300/257 Quem é Que Vai.pptx,CC,257,Quem é Que Vai,101343,pptx,1522786102.0,candidato,CC/257,numero
Cantor Cristao NOVO/251 a 300/258 Chora Agora.pptx,CC,258,CC n°258,116729,pptx,1522786182.0,candidato,CC/258,numero
Cantor Cristao NOVO/251 a 300/259 A Última Hora.pptx,CC,259,A Última Hora,128974,pptx,1522786302.0,candidato,CC/259,numero
Cantor Cristao NOVO/251 a 300/260 Agora.pptx,CC,260,Agora,112869,pptx,1522786784.0,candidato,CC/260,numero
Cantor Cristao NOVO/251 a 300/261 Alma Ansiosa.pptx,CC,261,Alma Ansiosa,117077,pptx,1522786950.0,candidato,CC/261,numero
Cantor Cristao NOVO/251 a 300/262 Contrição.pptx,CC,262,Contrição,110067,pptx,1522786988.0,candidato,CC/262,numero
Cantor Cristao NOVO/251 a 300/263 Luz Divina.pptx,CC,263,Luz Divina,121295,pptx,1522787072.0,candidato,CC/263,numero
Cantor Cristao NOVO/251 a 300/264 Das Trevas.pptx,CC,264,Das Trevas,118139,pptx,1522840692.0,candidato,CC/264,numero
Cantor Cristao NOVO/251 a 300/265 Resgate.pptx,CC,265,Resgate,114937,pptx,1522840818.0,candidato,CC/265,numero
Cantor Cristao NOVO/251 a 300/266 Tal Qual Estou.pptx,CC,266,Tal Qual Estou,118957,pptx,1522840918.0,candidato,CC/266,numero
Cantor Cristao NOVO/251 a 300/267 Salvação Pela Fé.pptx,CC,267,Salvação Pela Fé,111030,pptx,1522840978.0,candidato,CC/267,numero
Cantor Cristao NOVO/251 a 300/268 Como Estou.pptx,CC,268,Como Estou,124868,pptx,1522841350.0,candidato,CC/268,numero
Cantor Cristao NOVO/251 a 300/269 Confissão.pptx,CC,269,Confissão,118330,pptx,1522841440.0,candidato,CC/269,numero
Cantor Cristao NOVO/251 a 300/270 Resolução.pptx,CC,270,Resolução,121293,pptx,1522841532.0,candidato,CC/270,numero
Cantor Cristao NOVO/251 a 300/271 Substituição.pptx,CC,271,Substituição,118522,pptx,1522841666.0,candidato,CC/271,numero
Cantor Cristao NOVO/251 a 300/272 Só um Passo.pptx,CC,272,Só um Passo,121852,pptx,1522841776.0,candidato,CC/272,numero
Cantor Cristao NOVO/251 a 300/273 Salvador Benigno.pptx,CC,273,Salvador Benigno,122226,pptx,1522841860.0,candidato,CC/273,numero
Cantor Cristao NOVO/251 a 300/274 Coro Santo.pptx,CC,274,Coro Santo,121841,pptx,1522860572.0,candidato,CC/274,numero
Cantor Cristao NOVO/251 a 300/275 Contentamento.pptx,CC,275,Contentamento,113953,pptx,1522860634.0,duplicado-antigo,CC/275,numero
Cantor Cristao NOVO/251 a 300/276 Coro Celeste.pptx,CC,276,Coro Celeste,121983,pptx,1522860796.0,duplicado-antigo,CC/276,numero
Cantor Cristao NOVO/251 a 300/277 Convencido.pptx,CC,277,Convencido,115215,pptx,1522860870.0,candidato,CC/277,numero
Cantor Cristao NOVO/251 a 300/278 Cantai.pptx,CC,278,Cantai,120878,pptx,1522860976.0,candidato,CC/278,numero
Cantor Cristao NOVO/251 a 300/279 A Doce Luz.pptx,CC,279,A Doce Luz,125169,pptx,1522861084.0,candidato,CC/279,numero
Cantor Cristao NOVO/251 a 300/280 Fiquei Curado.pptx,CC,280,Fiquei Curado,113825,pptx,1522861150.0,candidato,CC/280,numero
Cantor Cristao NOVO/251 a 300/281 Fonte Divina.pptx,CC,281,Fonte Divina,118476,pptx,1522861298.0,candidato,CC/281,numero
Cantor Cristao NOVO/251 a 300/282 Maravilha.pptx,CC,282,Maravilha,114754,pptx,1535207249.0,duplicado-antigo,CC/282,numero
Cantor Cristao NOVO/251 a 300/283 Mais Perto.pptx,CC,283,Mais Perto,115112,pptx,1535208726.0,candidato,CC/283,numero
Cantor Cristao NOVO/251 a 300/284 Companhia Divina.pptx,CC,284,Companhia Divina,114387,pptx,1522861630.0,candidato,CC/284,numero
Cantor Cristao NOVO/251 a 300/285 O Alvo Supremo.pptx,CC,285,O Alvo Supremo,121431,pptx,1624826560.0,candidato,CC/285,numero
Cantor Cristao NOVO/251 a 300/286 Junto a Ti.pptx,CC,286,Junto a Ti,124789,pptx,1522862524.0,candidato,CC/286,numero
Cantor Cristao NOVO/251 a 300/287 Com Jesus.pptx,CC,287,Com Jesus,113361,pptx,1522862598.0,candidato,CC/287,numero
Cantor Cristao NOVO/251 a 300/288 Perto do Senhor.pptx,CC,288,Perto do Senhor,115736,pptx,1522862692.0,candidato,CC/288,numero
Cantor Cristao NOVO/251 a 300/289 Ao Pé da Cruz.pptx,CC,289,Ao Pé da Cruz,122025,pptx,1522862778.0,candidato,CC/289,numero
Cantor Cristao NOVO/251 a 300/290 Cristo meu Mestre.pptx,CC,290,Cristo meu Mestre,119221,pptx,1522863546.0,duplicado-antigo,CC/290,numero
Cantor Cristao NOVO/251 a 300/291 Comunhão Celeste.pptx,CC,291,Comunhão Celeste,117956,pptx,1522863658.0,candidato,CC/291,numero
Cantor Cristao NOVO/251 a 300/292 Perto de Jesus.pptx,CC,292,Perto de Jesus,122037,pptx,1522863738.0,candidato,CC/292,numero
Cantor Cristao NOVO/251 a 300/293 Desejos Espirituais.pptx,CC,293,Desejos Espirituais,119526,pptx,1522863824.0,candidato,CC/293,numero
Cantor Cristao NOVO/251 a 300/294 Necessitado.pptx,CC,294,Necessitado,118301,pptx,1522863908.0,candidato,CC/294,numero
Cantor Cristao NOVO/251 a 300/295 Tudo Entregarei.pptx,CC,295,Tudo Entregarei,116639,pptx,1522865520.0,candidato,CC/295,numero
Cantor Cristao NOVO/251 a 300/296 Consagração.pptx,CC,296,Consagração,123914,pptx,1522865594.0,candidato,CC/296,numero
Cantor Cristao NOVO/251 a 300/297 Súplica.pptx,CC,297,Súplica,114936,pptx,1522865760.0,candidato,CC/297,numero
Cantor Cristao NOVO/251 a 300/298 Estou Pronto.pptx,CC,298,Estou Pronto,118797,pptx,1522865902.0,candidato,CC/298,numero
Cantor Cristao NOVO/251 a 300/299 Onde Quer Que Seja.pptx,CC,299,Onde Quer Que Seja,119541,pptx,1522866270.0,candidato,CC/299,numero
Cantor Cristao NOVO/251 a 300/300 Tudo Por Cristo.pptx,CC,300,Tudo Por Cristo,125364,pptx,1522866544.0,candidato,CC/300,numero
Cantor Cristao NOVO/251 a 300/~$274 Coro Santo.pptx,CC,,,165,pptx,1635076234.0,sem-match,,
Cantor Cristao NOVO/301 a 350/301 Crer e Observar (antigo).pptx,CC,301,Crer e Observar,195663,pptx,1659306185.0,duplicado-antigo,CC/301,numero
Cantor Cristao NOVO/301 a 350/301 Crer e Observar (revisado).pptx,CC,301,Crer e Observar,195705,pptx,1762347449.0,duplicado-antigo,CC/301,numero
Cantor Cristao NOVO/301 a 350/302 Como a Neve.pptx,CC,302,CC n°302,119280,pptx,1522867690.0,candidato,CC/302,numero
Cantor Cristao NOVO/301 a 350/303 Amor a Jesus.pptx,CC,303,Amor a Jesus,117018,pptx,1522867756.0,candidato,CC/303,numero
Cantor Cristao NOVO/301 a 350/304 Um Vaso de Benção.pptx,CC,304,Um Vaso de Benção,195922,pptx,1522867894.0,duplicado-antigo,CC/304,numero
Cantor Cristao NOVO/301 a 350/305 Consagrar Tudo.pptx,CC,305,Consagrar Tudo,115637,pptx,1522868018.0,candidato,CC/305,numero
Cantor Cristao NOVO/301 a 350/306 O Caminho da Cruz.pptx,CC,306,O Caminho da Cruz,122548,pptx,1541368227.0,candidato,CC/306,numero
Cantor Cristao NOVO/301 a 350/307 Reconhecimento.pptx,CC,307,Reconhecimento,125674,pptx,1522868210.0,candidato,CC/307,numero
"Cantor Cristao NOVO/301 a 350/308 Para Onde For, Irei.pptx",CC,308,"Para Onde For, Irei",154975,pptx,1522868364.0,candidato,CC/308,numero
Cantor Cristao NOVO/301 a 350/309 Consagrando-nos.pptx,CC,309,Consagrando-nos,103865,pptx,1522868434.0,candidato,CC/309,numero
Cantor Cristao NOVO/301 a 350/310 Em Teus Braços.pptx,CC,310,Em Teus Braços,103984,pptx,1522868902.0,candidato,CC/310,numero
Cantor Cristao NOVO/301 a 350/311 Confiança.pptx,CC,311,Confiança,95177,pptx,1522868956.0,duplicado-antigo,CC/311,numero
Cantor Cristao NOVO/301 a 350/312 Amparo.pptx,CC,312,Amparo,105894,pptx,1522869064.0,candidato,CC/312,numero
Cantor Cristao NOVO/301 a 350/313 Proteção Divina.pptx,CC,313,Proteção Divina,100758,pptx,1522869146.0,candidato,CC/313,numero
Cantor Cristao NOVO/301 a 350/314 Estou Seguro.pptx,CC,314,Estou Seguro,195561,pptx,1522869288.0,candidato,CC/314,numero
Cantor Cristao NOVO/301 a 350/315 Meu Clamor.pptx,CC,315,Meu Clamor,98660,pptx,1522869676.0,candidato,CC/315,numero
Cantor Cristao NOVO/301 a 350/316 Deus é por Mim.pptx,CC,316,Deus é por Mim,106995,pptx,1522869770.0,candidato,CC/316,numero
Cantor Cristao NOVO/301 a 350/317 Abrigo.pptx,CC,317,Abrigo,102577,pptx,1522869870.0,candidato,CC/317,numero
Cantor Cristao NOVO/301 a 350/318 Deus Me Esconde.pptx,CC,318,Deus Me Esconde,107308,pptx,1522869962.0,candidato,CC/318,numero
Cantor Cristao NOVO/301 a 350/319.Abrigo Perfeito.pptx,CC,319,Abrigo Perfeito,177172,pptx,1784393127.0,duplicado-antigo,CC/319,numero
Cantor Cristao NOVO/301 a 350/320 Abrigo Feliz.pptx,CC,320,Abrigo Feliz,103478,pptx,1522870160.0,candidato,CC/320,numero
Cantor Cristao NOVO/301 a 350/321 Abrigo Seguro.pptx,CC,321,Abrigo Seguro,98882,pptx,1522870234.0,candidato,CC/321,numero
Cantor Cristao NOVO/301 a 350/322 Cristo Valerá.pptx,CC,322,Cristo Valerá,121856,pptx,1522870312.0,candidato,CC/322,numero
Cantor Cristao NOVO/301 a 350/323 Castelo Forte.pptx,CC,323,Castelo Forte,119308,pptx,1522870378.0,candidato,CC/323,numero
Cantor Cristao NOVO/301 a 350/324 Refúgio Verdadeiro.pptx,CC,324,Refúgio Verdadeiro,104913,pptx,1546812269.0,candidato,CC/324,numero
Cantor Cristao NOVO/301 a 350/325 Naufrágio.pptx,CC,325,Naufrágio,106650,pptx,1522870752.0,candidato,CC/325,numero
Cantor Cristao NOVO/301 a 350/326 Refúgio.pptx,CC,326,CC n°326,116834,pptx,1522870838.0,candidato,CC/326,numero
Cantor Cristao NOVO/301 a 350/327 O Piloto.pptx,CC,327,CC n°327,114241,pptx,1522871032.0,candidato,CC/327,numero
Cantor Cristao NOVO/301 a 350/328 Sossegai.pptx,CC,328,Sossegai,121787,pptx,1551041850.0,duplicado-antigo,CC/328,numero
Cantor Cristao NOVO/301 a 350/329 Conta as Bênçãos.pptx,CC,329,Conta as Bênçãos,126365,pptx,1522871424.0,duplicado-antigo,CC/329,numero
Cantor Cristao NOVO/301 a 350/330 O Segredo do Viver.pptx,CC,330,CC n°330,122707,pptx,1522871576.0,candidato,CC/330,numero
Cantor Cristao NOVO/301 a 350/331 Glória no Porvir.pptx,CC,331,CC n°331,119973,pptx,1522871704.0,candidato,CC/331,numero
Cantor Cristao NOVO/301 a 350/332 Meu Senhor de Tudo Sabe.pptx,CC,332,Meu Senhor de Tudo Sabe,120743,pptx,1522871902.0,candidato,CC/332,numero
Cantor Cristao NOVO/301 a 350/333 Deus é Sabedor.pptx,CC,333,CC n°333,117808,pptx,1522871996.0,candidato,CC/333,numero
Cantor Cristao NOVO/301 a 350/334 Alívio.pptx,CC,334,CC n°334,115421,pptx,1523276742.0,candidato,CC/334,numero
Cantor Cristao NOVO/301 a 350/335 Cristo Amado.pptx,CC,335,Cristo Amado,125594,pptx,1523277010.0,candidato,CC/335,numero
Cantor Cristao NOVO/301 a 350/336 Fonte de Consolação.pptx,CC,336,CC n°336,118433,pptx,1523277206.0,candidato,CC/336,numero
Cantor Cristao NOVO/301 a 350/337 Nada de Desânimo.pptx,CC,337,CC n°337,120101,pptx,1523277366.0,candidato,CC/337,numero
Cantor Cristao NOVO/301 a 350/338 Redentor.pptx,CC,338,CC n°338,116761,pptx,1523277568.0,candidato,CC/338,numero
Cantor Cristao NOVO/301 a 350/339 Não Consintas.pptx,CC,339,Não Consintas,122444,pptx,1523277860.0,duplicado-antigo,CC/339,numero
Cantor Cristao NOVO/301 a 350/340 Importará.pptx,CC,340,CC n°340,121545,pptx,1523278192.0,candidato,CC/340,numero
Cantor Cristao NOVO/301 a 350/341 Socorro Divino.pptx,CC,341,CC n°341,122113,pptx,1523278376.0,candidato,CC/341,numero
Cantor Cristao NOVO/301 a 350/342 A Minha Cruz.pptx,CC,342,CC n°342,119429,pptx,1523278488.0,candidato,CC/342,numero
Cantor Cristao NOVO/301 a 350/343 Sempre Firme.pptx,CC,343,CC n°343,119592,pptx,1523278584.0,candidato,CC/343,numero
Cantor Cristao NOVO/301 a 350/344 Deus Cuidará de Ti.pptx,CC,344,CC n°344,124451,pptx,1523278716.0,candidato,CC/344,numero
Cantor Cristao NOVO/301 a 350/345 Contar a Jesus.pptx,CC,345,Contar a Jesus,125625,pptx,1523278818.0,candidato,CC/345,numero
Cantor Cristao NOVO/301 a 350/346 Meu Deus Proverá.pptx,CC,346,CC n°346,119185,pptx,1523278934.0,candidato,CC/346,numero
Cantor Cristao NOVO/301 a 350/347 O Coração em Paz.pptx,CC,347,O Coração em Paz,123139,pptx,1523279076.0,candidato,CC/347,numero
Cantor Cristao NOVO/301 a 350/348 Confiando.pptx,CC,348,CC n°348,121309,pptx,1523279606.0,candidato,CC/348,numero
Cantor Cristao NOVO/301 a 350/349.Rica Promessa.pptx,CC,349,CC n°349,124812,pptx,1551041773.0,candidato,CC/349,numero
Cantor Cristao NOVO/301 a 350/350 Quero o Salvador.pptx,CC,350,CC n°350,122913,pptx,1523279898.0,candidato,CC/350,numero
Cantor Cristao NOVO/351 a 400/351 Direção Divina.pptx,CC,351,CC n°351,116439,pptx,1523280332.0,candidato,CC/351,numero
Cantor Cristao NOVO/351 a 400/352 Seguindo a Cristo.pptx,CC,352,CC n°352,113849,pptx,1523280418.0,candidato,CC/352,numero
Cantor Cristao NOVO/351 a 400/353 Sou Pecador.pptx,CC,353,CC n°353,124418,pptx,1523280686.0,candidato,CC/353,numero
Cantor Cristao NOVO/351 a 400/354 Cada Momento.pptx,CC,354,Cada Momento,125790,pptx,1523282776.0,duplicado-antigo,CC/354,numero
Cantor Cristao NOVO/351 a 400/355 Luz Benigna.pptx,CC,355,CC n°355,115694,pptx,1523358018.0,candidato,CC/355,numero
Cantor Cristao NOVO/351 a 400/356 Jesus Como Guia.pptx,CC,356,CC n°356,116940,pptx,1523358246.0,candidato,CC/356,numero
Cantor Cristao NOVO/351 a 400/357 Guia-me.pptx,CC,357,CC n°357,118909,pptx,1523358580.0,candidato,CC/357,numero
Cantor Cristao NOVO/351 a 400/358 Não Há Perigo.pptx,CC,358,Não Há Perigo,107309,pptx,1523358754.0,candidato,CC/358,numero
Cantor Cristao NOVO/351 a 400/359 Jesus Me Guia.pptx,CC,359,Jesus Me Guia,125447,pptx,1523359880.0,candidato,CC/359,numero
Cantor Cristao NOVO/351 a 400/360 Companheiro.pptx,CC,360,Companheiro,119131,pptx,1523360214.0,candidato,CC/360,numero
Cantor Cristao NOVO/351 a 400/361 Por Mim.pptx,CC,361,Por Mim,106297,pptx,1523360662.0,candidato,CC/361,numero
Cantor Cristao NOVO/351 a 400/362 Nunca Sozinho.pptx,CC,362,Nunca Sozinho,110084,pptx,1523360846.0,candidato,CC/362,numero
Cantor Cristao NOVO/351 a 400/363 Sê Tu Meu Guia.pptx,CC,363,Sê Tu Meu Guia,99262,pptx,1523360926.0,candidato,CC/363,numero
Cantor Cristao NOVO/351 a 400/364 Filhos de Deus.pptx,CC,364,Filhos de Deus,101194,pptx,1523361006.0,candidato,CC/364,numero
Cantor Cristao NOVO/351 a 400/365 Fé Persistente.pptx,CC,365,Fé Persistente,119261,pptx,1523361170.0,candidato,CC/365,numero
Cantor Cristao NOVO/351 a 400/366 Firmeza.pptx,CC,366,Firmeza,124493,pptx,1523361238.0,duplicado-antigo,CC/366,numero
Cantor Cristao NOVO/351 a 400/367 Firme na Rocha.pptx,CC,367,Firme na Rocha,122594,pptx,1523361326.0,candidato,CC/367,numero
Cantor Cristao NOVO/351 a 400/368 Confiança.pptx,CC,368,Confiança,125093,pptx,1523361410.0,candidato,CC/368,numero
Cantor Cristao NOVO/351 a 400/369 Só Jesus.pptx,CC,369,Só Jesus,118725,pptx,1523361568.0,candidato,CC/369,numero
Cantor Cristao NOVO/351 a 400/370 Crendo em Cristo.pptx,CC,370,Crendo em Cristo,126168,pptx,1523361710.0,candidato,CC/370,numero
Cantor Cristao NOVO/351 a 400/371 Rocha Eterna.pptx,CC,371,Rocha Eterna,117565,pptx,1523449222.0,candidato,CC/371,numero
Cantor Cristao NOVO/351 a 400/372 Salvo Estou.pptx,CC,372,Salvo Estou,125118,pptx,1523449426.0,candidato,CC/372,numero
Cantor Cristao NOVO/351 a 400/373 Certeza.pptx,CC,373,Certeza,124455,pptx,1523449546.0,candidato,CC/373,numero
Cantor Cristao NOVO/351 a 400/374 Salvo.pptx,CC,374,Salvo,121302,pptx,1523449688.0,candidato,CC/374,numero
Cantor Cristao NOVO/351 a 400/375 Segurança.pptx,CC,375,Segurança,111339,pptx,1523449822.0,duplicado-antigo,CC/375,numero
Cantor Cristao NOVO/351 a 400/376 Salvação Perfeita.pptx,CC,376,Salvação Perfeita,126006,pptx,1523449946.0,duplicado-antigo,CC/376,numero
Cantor Cristao NOVO/351 a 400/377 Não Sei Por Que.pptx,CC,377,Não Sei Por Que,125885,pptx,1523450048.0,candidato,CC/377,numero
Cantor Cristao NOVO/351 a 400/378 Já Estou Certo.pptx,CC,378,Já Estou Certo,117572,pptx,1523450116.0,candidato,CC/378,numero
Cantor Cristao NOVO/351 a 400/379 Laços Benditos.pptx,CC,379,Laços Benditos,118648,pptx,1523450212.0,candidato,CC/379,numero
Cantor Cristao NOVO/351 a 400/380 Amor.pptx,CC,380,Amor,186729,pptx,1759601775.0,candidato,CC/380,numero
Cantor Cristao NOVO/351 a 400/381 Amor Fraternal.pptx,CC,381,CC n°381,738278,pptx,1759601344.0,duplicado-antigo,CC/381,numero
Cantor Cristao NOVO/351 a 400/382 Vamos à Igreja.pptx,CC,382,Vamos à Igreja,127735,pptx,1718570825.0,candidato,CC/382,numero
Cantor Cristao NOVO/351 a 400/383 Satisfação.pptx,CC,383,Satisfação,124943,pptx,1523450614.0,candidato,CC/383,numero
Cantor Cristao NOVO/351 a 400/384 A Voz de Jesus.pptx,CC,384,A Voz de Jesus,101477,pptx,1523450764.0,candidato,CC/384,numero
Cantor Cristao NOVO/351 a 400/385 Louvor.pptx,CC,385,Louvor,102698,pptx,1523451258.0,candidato,CC/385,numero
"Cantor Cristao NOVO/351 a 400/386 Cristo, meu Deleite.pptx",CC,386,"Cristo, meu Deleite",119579,pptx,1523451356.0,candidato,CC/386,numero
Cantor Cristao NOVO/351 a 400/387 Contentamento.pptx,CC,387,Contentamento,119078,pptx,1523451454.0,candidato,CC/387,numero
Cantor Cristao NOVO/351 a 400/388 O Homem Feliz.pptx,CC,388,O Homem Feliz,119183,pptx,1523452106.0,candidato,CC/388,numero
Cantor Cristao NOVO/351 a 400/389 Ventura.pptx,CC,389,Ventura,118226,pptx,1523453326.0,candidato,CC/389,numero
Cantor Cristao NOVO/351 a 400/390 Nada Falta.pptx,CC,390,Nada Falta,118503,pptx,1523453432.0,candidato,CC/390,numero
Cantor Cristao NOVO/351 a 400/391 Estou Contente.pptx,CC,391,Estou Contente,123105,pptx,1523453680.0,candidato,CC/391,numero
Cantor Cristao NOVO/351 a 400/392 Extraviado.pptx,CC,392,Extraviado,118668,pptx,1523453776.0,candidato,CC/392,numero
Cantor Cristao NOVO/351 a 400/393 Cristo Pra Mim.pptx,CC,393,Cristo Pra Mim,122674,pptx,1523454560.0,candidato,CC/393,numero
Cantor Cristao NOVO/351 a 400/394 Realidade.pptx,CC,394,Realidade,113828,pptx,1523454650.0,candidato,CC/394,numero
Cantor Cristao NOVO/351 a 400/395 Cristo Satisfaz.pptx,CC,395,Cristo Satisfaz,189645,pptx,1544392501.0,duplicado-antigo,CC/395,numero
Cantor Cristao NOVO/351 a 400/396 Cegueira e Vista.pptx,CC,396,Cegueira e Vista,94196,pptx,1523455222.0,candidato,CC/396,numero
Cantor Cristao NOVO/351 a 400/397 Achei Descanso.pptx,CC,397,Achei Descanso,114214,pptx,1523455304.0,candidato,CC/397,numero
Cantor Cristao NOVO/351 a 400/398.Sou Feliz.pptx,CC,398,Sou Feliz,124302,pptx,1549836299.0,candidato,CC/398,numero
Cantor Cristao NOVO/351 a 400/399 Cantarei de Cristo.pptx,CC,399,Cantarei de Cristo,122919,pptx,1523455510.0,candidato,CC/399,numero
Cantor Cristao NOVO/351 a 400/400 Júbilo.pptx,CC,400,Júbilo,121185,pptx,1523455616.0,candidato,CC/400,numero
Cantor Cristao NOVO/401 a 450/401 Eu Sou de Jesus.pptx,CC,401,Eu Sou de Jesus,122257,pptx,1523534578.0,candidato,CC/401,numero
Cantor Cristao NOVO/401 a 450/402 Escrava Resgatada.pptx,CC,402,Escrava Resgatada,122959,pptx,1523534716.0,candidato,CC/402,numero
Cantor Cristao NOVO/401 a 450/403 Alegre.pptx,CC,403,Alegre,121458,pptx,1538340456.0,duplicado-antigo,CC/403,numero
Cantor Cristao NOVO/401 a 450/404 Substituição.pptx,CC,404,Substituição,117212,pptx,1523537480.0,candidato,CC/404,numero
Cantor Cristao NOVO/401 a 450/405 Gozo e Paz.pptx,CC,405,CC n°405,119671,pptx,1523537634.0,candidato,CC/405,numero
Cantor Cristao NOVO/401 a 450/406 Confiar em Cristo.pptx,CC,406,Confiar em Cristo,122531,pptx,1523537724.0,candidato,CC/406,numero
Cantor Cristao NOVO/401 a 450/407 Feliz Dia.pptx,CC,407,Feliz Dia,121673,pptx,1523537876.0,candidato,CC/407,numero
Cantor Cristao NOVO/401 a 450/408 Descanso Verdadeiro.pptx,CC,408,Descanso Verdadeiro,116452,pptx,1523538812.0,candidato,CC/408,numero
Cantor Cristao NOVO/401 a 450/409 Plena Paz.pptx,CC,409,Plena Paz,110003,pptx,1523538906.0,candidato,CC/409,numero
Cantor Cristao NOVO/401 a 450/410 Felicidade no Serviço.pptx,CC,410,Felicidade no Serviço,195678,pptx,1690143021.0,candidato,CC/410,numero
Cantor Cristao NOVO/401 a 450/411.Dia Festivo.pptx,CC,411,Dia Festivo,125000,pptx,1550435367.0,duplicado-antigo,CC/411,numero
Cantor Cristao NOVO/401 a 450/412 A Música dos Salvos.pptx,CC,412,A Música dos Salvos,123180,pptx,1523876476.0,candidato,CC/412,numero
Cantor Cristao NOVO/401 a 450/413 Lealdade.pptx,CC,413,Lealdade,118808,pptx,1523876588.0,candidato,CC/413,numero
Cantor Cristao NOVO/401 a 450/414 Acordai.pptx,CC,414,Acordai,123890,pptx,1529879493.0,candidato,CC/414,numero
Cantor Cristao NOVO/401 a 450/415 Alerta.pptx,CC,415,Alerta,112900,pptx,1523881976.0,candidato,CC/415,numero
Cantor Cristao NOVO/401 a 450/416.Filhos da Luz (antigo).pptx,CC,416,Filhos da Luz,126233,pptx,1659306264.0,duplicado-antigo,CC/416,numero
Cantor Cristao NOVO/401 a 450/416.Filhos da Luz (revisado).pptx,CC,416,Filhos da Luz,126770,pptx,1659301671.0,duplicado-antigo,CC/416,numero
Cantor Cristao NOVO/401 a 450/417 Brilha no Viver.pptx,CC,417,Brilha no Viver,122100,pptx,1547416475.0,candidato,CC/417,numero
Cantor Cristao NOVO/401 a 450/418 Disposição de Trabalhar.pptx,CC,418,Disposição de Trabalhar,123857,pptx,1523885808.0,candidato,CC/418,numero
Cantor Cristao NOVO/401 a 450/419 Mãos ao Trabalho.pptx,CC,419,Mãos ao Trabalho,114628,pptx,1524052874.0,candidato,CC/419,numero
Cantor Cristao NOVO/401 a 450/420 Servir Alegremente.pptx,CC,420,Servir Alegremente,122933,pptx,1524052958.0,candidato,CC/420,numero
Cantor Cristao NOVO/401 a 450/421 Conversão Cristã.pptx,CC,421,Conversão Cristã,104001,pptx,1524053056.0,candidato,CC/421,numero
Cantor Cristao NOVO/401 a 450/422 Trabalho Cristão.pptx,CC,422,Trabalho Cristão,109684,pptx,1547416728.0,duplicado-antigo,CC/422,numero
Cantor Cristao NOVO/401 a 450/423 Oh! Buscai.pptx,CC,423,Oh! Buscai,125334,pptx,1524053458.0,candidato,CC/423,numero
Cantor Cristao NOVO/401 a 450/424 Vamos à Colheita.pptx,CC,424,Vamos à Colheita,109760,pptx,1524053566.0,duplicado-antigo,CC/424,numero
Cantor Cristao NOVO/401 a 450/425 Luz Após Trevas.pptx,CC,425,Luz Após Trevas,99235,pptx,1524053632.0,candidato,CC/425,numero
Cantor Cristao NOVO/401 a 450/426 Gratidão na Luta.pptx,CC,426,Gratidão na Luta,104403,pptx,1524053900.0,candidato,CC/426,numero
Cantor Cristao NOVO/401 a 450/427 Conquistar o Mundo.pptx,CC,427,Conquistar o Mundo,104692,pptx,1524054024.0,candidato,CC/427,numero
Cantor Cristao NOVO/401 a 450/428 Luz nas Trevas.pptx,CC,428,Luz nas Trevas,103884,pptx,1524054116.0,candidato,CC/428,numero
Cantor Cristao NOVO/401 a 450/429 Ceifando.pptx,CC,429,Ceifando,103243,pptx,1524054196.0,candidato,CC/429,numero
Cantor Cristao NOVO/401 a 450/430 Em Cada Lugar.pptx,CC,430,Em Cada Lugar,107036,pptx,1524054356.0,candidato,CC/430,numero
Cantor Cristao NOVO/401 a 450/431 Gozo e Paz.pptx,CC,431,Acorde em Tempo,122699,pptx,1524054592.0,candidato,CC/431,numero
Cantor Cristao NOVO/401 a 450/432 Avante com Deus.pptx,CC,432,Avante com Deus,116212,pptx,1524054708.0,candidato,CC/432,numero
Cantor Cristao NOVO/401 a 450/433 A Colheita Além.pptx,CC,433,A Colheita Além,129023,pptx,1524054826.0,candidato,CC/433,numero
Cantor Cristao NOVO/401 a 450/434 Onde os Obreiros.pptx,CC,434,Onde os Obreiros,125083,pptx,1524054926.0,candidato,CC/434,numero
Cantor Cristao NOVO/401 a 450/435 Ainda Há Lugar.pptx,CC,435,Ainda Há Lugar,124876,pptx,1524055054.0,candidato,CC/435,numero
Cantor Cristao NOVO/401 a 450/436 Dai-nos Luz.pptx,CC,436,Dai-nos Luz,125136,pptx,1524055140.0,duplicado-antigo,CC/436,numero
Cantor Cristao NOVO/401 a 450/437 As Boas-Novas.pptx,CC,437,As Boas-Novas,132090,pptx,1524055306.0,candidato,CC/437,numero
Cantor Cristao NOVO/401 a 450/438 Ouvindo Jesus.pptx,CC,438,Ouvindo Jesus,122613,pptx,1524055458.0,candidato,CC/438,numero
Cantor Cristao NOVO/401 a 450/439 Oração Pela Pátria.pptx,CC,439,Oração Pela Pátria,119942,pptx,1524055548.0,candidato,CC/439,numero
Cantor Cristao NOVO/401 a 450/440 A Pátria Feliz.pptx,CC,440,A Pátria Feliz,118844,pptx,1524055612.0,candidato,CC/440,numero
Cantor Cristao NOVO/401 a 450/441 Graça e Salvação.pptx,CC,441,Graça e Salvação,125216,pptx,1524055738.0,candidato,CC/441,numero
Cantor Cristao NOVO/401 a 450/442 O Missionário.pptx,CC,442,O Missionário,119242,pptx,1524055812.0,candidato,CC/442,numero
Cantor Cristao NOVO/401 a 450/443 Eis Milhões.pptx,CC,443,Eis Milhões,128189,pptx,1524055906.0,candidato,CC/443,numero
Cantor Cristao NOVO/401 a 450/444 Brasil.pptx,CC,444,Brasil,117675,pptx,1524055960.0,candidato,CC/444,numero
Cantor Cristao NOVO/401 a 450/445 Deves Divulgar.pptx,CC,445,Deves Divulgar,124924,pptx,1524056060.0,candidato,CC/445,numero
Cantor Cristao NOVO/401 a 450/446 Avançai.pptx,CC,446,Avançai,118000,pptx,1524056136.0,candidato,CC/446,numero
Cantor Cristao NOVO/401 a 450/447 Nunca Ouvir de Cristo.pptx,CC,447,Nunca Ouvir de Cristo,129958,pptx,1524056314.0,candidato,CC/447,numero
Cantor Cristao NOVO/401 a 450/448 Ide.pptx,CC,448,Ide,123026,pptx,1524056404.0,candidato,CC/448,numero
Cantor Cristao NOVO/401 a 450/449 Ousados Proclamai.pptx,CC,449,Ousados Proclamai,128044,pptx,1524056546.0,candidato,CC/449,numero
Cantor Cristao NOVO/401 a 450/450 Igreja Alerta.pptx,CC,450,Igreja Alerta,128670,pptx,1536526801.0,candidato,CC/450,numero
Cantor Cristao NOVO/401 a 450/Muiri rame repiru.pptx,CC,,--- slide 2 ---,41932,pptx,1752410331.0,sem-match,,
Cantor Cristao NOVO/451 a 500/451 Os Que Confiam.pptx,CC,451,Os Que Confiam,122483,pptx,1546729750.0,candidato,CC/451,numero
Cantor Cristao NOVO/451 a 500/452 Decisão.pptx,CC,452,Decisão,128032,pptx,1524136446.0,candidato,CC/452,numero
Cantor Cristao NOVO/451 a 500/453 À Peleja.pptx,CC,453,À Peleja,123937,pptx,1524136548.0,candidato,CC/453,numero
Cantor Cristao NOVO/451 a 500/454 Vitória nas Lutas.pptx,CC,454,Vitória Nas Lutas,106217,pptx,1524136804.0,duplicado-antigo,CC/454,numero
Cantor Cristao NOVO/451 a 500/455 Heróis.pptx,CC,455,Heróis,123637,pptx,1524136876.0,candidato,CC/455,numero
Cantor Cristao NOVO/451 a 500/456.O Estandarte.pptx,CC,456,O Estandarte,118499,pptx,1762347592.0,duplicado-antigo,CC/456,numero
Cantor Cristao NOVO/451 a 500/457 Confiança em Deus.pptx,CC,457,Confiança em Deus,125383,pptx,1524137048.0,candidato,CC/457,numero
Cantor Cristao NOVO/451 a 500/458 Cristo Vos Conduz.pptx,CC,458,Cristo Vos Conduz,123713,pptx,1524137222.0,candidato,CC/458,numero
Cantor Cristao NOVO/451 a 500/459 Companheiras.pptx,CC,459,Companheiras,124715,pptx,1524137310.0,duplicado-antigo,CC/459,numero
Cantor Cristao NOVO/451 a 500/460 Vitória.pptx,CC,460,Vitória,123778,pptx,1524137386.0,candidato,CC/460,numero
Cantor Cristao NOVO/451 a 500/461 Fujamos da Tentação.pptx,CC,461,Fujamos da Tentação,119585,pptx,1524137532.0,candidato,CC/461,numero
Cantor Cristao NOVO/451 a 500/462 Unidos.pptx,CC,462,Unidos,117824,pptx,1524137680.0,candidato,CC/462,numero
Cantor Cristao NOVO/451 a 500/463 Triunfo.pptx,CC,463,Triunfo,109414,pptx,1524137724.0,candidato,CC/463,numero
Cantor Cristao NOVO/451 a 500/464 Sempre Fiéis.pptx,CC,464,Sempre Fiéis,121788,pptx,1524137840.0,candidato,CC/464,numero
Cantor Cristao NOVO/451 a 500/465 Igual a Daniel.pptx,CC,465,Igual a Daniel,118648,pptx,1524138502.0,candidato,CC/465,numero
Cantor Cristao NOVO/451 a 500/466 Lutai Por Cristo.pptx,CC,466,Lutai Por Cristo,122458,pptx,1524139278.0,candidato,CC/466,numero
Cantor Cristao NOVO/451 a 500/467 Avante com Alegria.pptx,CC,467,Avante com Alegria,111082,pptx,1524139342.0,candidato,CC/467,numero
Cantor Cristao NOVO/451 a 500/468 Testemunhas.pptx,CC,468,Testemunhas,115473,pptx,1524139886.0,candidato,CC/468,numero
Cantor Cristao NOVO/451 a 500/469 Corajosos.pptx,CC,469,Corajosos,122542,pptx,1524140768.0,candidato,CC/469,numero
Cantor Cristao NOVO/451 a 500/470 O Combate.pptx,CC,470,O Combate,118640,pptx,1524140886.0,candidato,CC/470,numero
Cantor Cristao NOVO/451 a 500/471 Vitorioso.pptx,CC,471,Vitorioso,118273,pptx,1524141064.0,candidato,CC/471,numero
Cantor Cristao NOVO/451 a 500/472 Frente Ousada.pptx,CC,472,Frente Ousada,121881,pptx,1524141154.0,candidato,CC/472,numero
Cantor Cristao NOVO/451 a 500/473 Firmes na Fé.pptx,CC,473,CC n°473,121901,pptx,1524141334.0,candidato,CC/473,numero
"Cantor Cristao NOVO/451 a 500/474 Eia, ao Combate.pptx",CC,474,CC n°474,120180,pptx,1524141498.0,candidato,CC/474,numero
Cantor Cristao NOVO/451 a 500/475.Lutar.pptx,CC,475,CC n°475,120245,pptx,1550356950.0,candidato,CC/475,numero
Cantor Cristao NOVO/451 a 500/476 Brilho Celeste.pptx,CC,476,CC n°476,121376,pptx,1535928171.0,duplicado-antigo,CC/476,numero
Cantor Cristao NOVO/451 a 500/477 Como Andar.pptx,CC,477,CC n°477,117159,pptx,1524141920.0,duplicado-antigo,CC/477,numero
Cantor Cristao NOVO/451 a 500/478 O Peregrino.pptx,CC,478,CC n°478,115873,pptx,1524142006.0,duplicado-antigo,CC/478,numero
Cantor Cristao NOVO/451 a 500/479 Vou à Pátria.pptx,CC,479,CC n°479,119498,pptx,1524142168.0,candidato,CC/479,numero
Cantor Cristao NOVO/451 a 500/480 Favor.pptx,CC,480,CC n°480,116098,pptx,1524142300.0,candidato,CC/480,numero
Cantor Cristao NOVO/451 a 500/481 Ao Lar Celestial.pptx,CC,481,CC n°481,117328,pptx,1524142562.0,candidato,CC/481,numero
"Cantor Cristao NOVO/451 a 500/482 Guia, ó Deus.pptx",CC,482,CC n°482,118230,pptx,1524142654.0,candidato,CC/482,numero
Cantor Cristao NOVO/451 a 500/483 Pátria Celestial.pptx,CC,483,CC n°483,117587,pptx,1524143426.0,duplicado-antigo,CC/483,numero
Cantor Cristao NOVO/451 a 500/484 Saudade.pptx,CC,484,CC n°484,115656,pptx,1524144362.0,duplicado-antigo,CC/484,numero
Cantor Cristao NOVO/451 a 500/485 Livro da Vida.pptx,CC,485,CC n°485,119367,pptx,1524144532.0,candidato,CC/485,numero
Cantor Cristao NOVO/451 a 500/486 Doce Porvir.pptx,CC,486,CC n°486,119251,pptx,1524144676.0,candidato,CC/486,numero
Cantor Cristao NOVO/451 a 500/487 Precioso é Jesus.pptx,CC,487,CC n°487,108617,pptx,1745770928.0,candidato,CC/487,numero
Cantor Cristao NOVO/451 a 500/488 Cada Vez Mais.pptx,CC,488,CC n°488,124221,pptx,1524145046.0,candidato,CC/488,numero
Cantor Cristao NOVO/451 a 500/489 Céu Pra Mim.pptx,CC,489,CC n°489,119359,pptx,1524145372.0,candidato,CC/489,numero
Cantor Cristao NOVO/451 a 500/490 Com Cristo é Céu.pptx,CC,490,CC n°490,120004,pptx,1524145568.0,candidato,CC/490,numero
Cantor Cristao NOVO/451 a 500/491 Como Há de Ser.pptx,CC,491,CC n°491,121621,pptx,1524145700.0,candidato,CC/491,numero
Cantor Cristao NOVO/451 a 500/492 Meu Canto Celestial.pptx,CC,492,CC n°492,120823,pptx,1524145810.0,candidato,CC/492,numero
Cantor Cristao NOVO/451 a 500/493 No Paraíso.pptx,CC,493,CC n°493,121752,pptx,1524145958.0,candidato,CC/493,numero
Cantor Cristao NOVO/451 a 500/494 Além.pptx,CC,494,CC n°494,118354,pptx,1524146054.0,candidato,CC/494,numero
Cantor Cristao NOVO/451 a 500/495 Redenção.pptx,CC,495,CC n°495,127255,pptx,1531083400.0,candidato,CC/495,numero
Cantor Cristao NOVO/451 a 500/496 Rio da Vida.pptx,CC,496,CC n°496,119099,pptx,1524147386.0,candidato,CC/496,numero
Cantor Cristao NOVO/451 a 500/497 Tantos Remidos.pptx,CC,497,CC n°497,122200,pptx,1524147504.0,candidato,CC/497,numero
Cantor Cristao NOVO/451 a 500/498 A Bela Cidade.pptx,CC,498,CC n°498,119800,pptx,1524147648.0,candidato,CC/498,numero
Cantor Cristao NOVO/451 a 500/499 Tudo Feliz.pptx,CC,499,CC n°499,121206,pptx,1524147776.0,candidato,CC/499,numero
Cantor Cristao NOVO/451 a 500/500 Glória pra Mim.pptx,CC,500,CC n°500,119638,pptx,1524147870.0,duplicado-antigo,CC/500,numero
Cantor Cristao NOVO/501 a 550/501 O Nosso Lar.pptx,CC,501,O Nosso Lar,104336,pptx,1524570220.0,duplicado-antigo,CC/501,numero
Cantor Cristao NOVO/501 a 550/502 Um Pouco Mais.pptx,CC,502,Um Pouco Mais,107123,pptx,1524573342.0,duplicado-antigo,CC/502,numero
Cantor Cristao NOVO/501 a 550/503 Face a Face.pptx,CC,503,Face a Face,106506,pptx,1524573486.0,candidato,CC/503,numero
Cantor Cristao NOVO/501 a 550/504 Lá no Céu.pptx,CC,504,Lá no Céu,105962,pptx,1524573598.0,candidato,CC/504,numero
Cantor Cristao NOVO/501 a 550/505 Jerusalém.pptx,CC,505,Jerusalém,98963,pptx,1524573684.0,candidato,CC/505,numero
Cantor Cristao NOVO/501 a 550/506 Junto ao Trono.pptx,CC,506,Junto ao Trono,100920,pptx,1524573774.0,candidato,CC/506,numero
Cantor Cristao NOVO/501 a 550/507 Minha Coroa.pptx,CC,507,CC n°507,119905,pptx,1524573880.0,candidato,CC/507,numero
Cantor Cristao NOVO/501 a 550/508 Terra Feliz.pptx,CC,508,CC n°508,123740,pptx,1524574006.0,candidato,CC/508,numero
Cantor Cristao NOVO/501 a 550/509 Verei Meu Redentor.pptx,CC,509,CC n°509,117542,pptx,1746367338.0,candidato,CC/509,numero
Cantor Cristao NOVO/501 a 550/510 Fonte de Amor.pptx,CC,510,CC n°510,116361,pptx,1524574352.0,candidato,CC/510,numero
Cantor Cristao NOVO/501 a 550/511 Com Jesus.pptx,CC,511,CC n°511,117358,pptx,1524574442.0,candidato,CC/511,numero
Cantor Cristao NOVO/501 a 550/512 O Doce Lar.pptx,CC,512,CC n°512,121666,pptx,1524574548.0,candidato,CC/512,numero
Cantor Cristao NOVO/501 a 550/513 Triunfo.pptx,CC,513,CC n°513,119299,pptx,1524574634.0,candidato,CC/513,numero
Cantor Cristao NOVO/501 a 550/514 Paz Real.pptx,CC,514,CC n°514,119110,pptx,1524574726.0,candidato,CC/514,numero
Cantor Cristao NOVO/501 a 550/515 Na Glória.pptx,CC,515,CC n°515,119754,pptx,1524578498.0,candidato,CC/515,numero
Cantor Cristao NOVO/501 a 550/516 Além da Morte.pptx,CC,516,CC n°516,119253,pptx,1524574994.0,candidato,CC/516,numero
Cantor Cristao NOVO/501 a 550/517 Querido Lar.pptx,CC,517,CC n°517,121789,pptx,1538339729.0,candidato,CC/517,numero
Cantor Cristao NOVO/501 a 550/518 Glória.pptx,CC,518,CC n°518,115474,pptx,1524653728.0,candidato,CC/518,numero
Cantor Cristao NOVO/501 a 550/519 Perante o Rei.pptx,CC,519,CC n°519,119710,pptx,1524653840.0,candidato,CC/519,numero
Cantor Cristao NOVO/501 a 550/520 Canaã Celeste.pptx,CC,520,CC n°520,115360,pptx,1524654272.0,candidato,CC/520,numero
Cantor Cristao NOVO/501 a 550/521 A Cidade Santa.pptx,CC,521,CC n°521,124047,pptx,1524654492.0,candidato,CC/521,numero
Cantor Cristao NOVO/501 a 550/522 Um Bom Amigo.pptx,CC,522,CC n°522,120586,pptx,1524654892.0,duplicado-antigo,CC/522,numero
Cantor Cristao NOVO/501 a 550/523 Cordeirinhos.pptx,CC,523,CC n°523,114981,pptx,1524655192.0,duplicado-antigo,CC/523,numero
Cantor Cristao NOVO/501 a 550/524 Joias Preciosas.pptx,CC,524,CC n°524,120029,pptx,1524655410.0,duplicado-antigo,CC/524,numero
"Cantor Cristao NOVO/501 a 550/525 Vinde, Meninos.pptx",CC,525,CC n°525,122551,pptx,1524656436.0,duplicado-antigo,CC/525,numero
Cantor Cristao NOVO/501 a 550/526 Os Meninos.pptx,CC,526,CC n°526,118003,pptx,1524656734.0,candidato,CC/526,numero
Cantor Cristao NOVO/501 a 550/527 A Benção.pptx,CC,527,CC n°527,116996,pptx,1524656832.0,duplicado-antigo,CC/527,numero
Cantor Cristao NOVO/501 a 550/528 Aspiração Infantil.pptx,CC,528,CC n°528,122794,pptx,1524657196.0,candidato,CC/528,numero
Cantor Cristao NOVO/501 a 550/529 Vai Buscar.pptx,CC,529,CC n°529,119239,pptx,1524657662.0,duplicado-antigo,CC/529,numero
Cantor Cristao NOVO/501 a 550/530 Soldado Infantil.pptx,CC,530,CC n°530,122612,pptx,1524659452.0,duplicado-antigo,CC/530,numero
Cantor Cristao NOVO/501 a 550/531 Teu Cantinho.pptx,CC,531,Teu Cantinho,99094,pptx,1524659768.0,duplicado-antigo,CC/531,numero
"Cantor Cristao NOVO/501 a 550/532 Ó Meninos, Vinde!.pptx",CC,532,"Ó Meninos, Vinde!",101511,pptx,1524662146.0,duplicado-antigo,CC/532,numero
Cantor Cristao NOVO/501 a 550/533 Pequenos Guerreiros.pptx,CC,533,Pequenos Guerreiros,100227,pptx,1524662220.0,duplicado-antigo,CC/533,numero
Cantor Cristao NOVO/501 a 550/534 Cantam Glória.pptx,CC,534,Cantam Glória,113181,pptx,1524662356.0,duplicado-antigo,CC/534,numero
Cantor Cristao NOVO/501 a 550/535 Hosana Infantil.pptx,CC,535,Hosana Infantil,104931,pptx,1524662492.0,candidato,CC/535,numero
Cantor Cristao NOVO/501 a 550/536 Lição.pptx,CC,536,Lição,96528,pptx,1524662896.0,duplicado-antigo,CC/536,numero
Cantor Cristao NOVO/501 a 550/537 Desejo Infantil.pptx,CC,537,Desejo Infantil,104493,pptx,1524663104.0,duplicado-antigo,CC/537,numero
"Cantor Cristao NOVO/501 a 550/538 Oh Vinde, Meninos.pptx",CC,538,"Oh Vinde, Meninos",102827,pptx,1524663338.0,duplicado-antigo,CC/538,numero
Cantor Cristao NOVO/501 a 550/539 Brilhando.pptx,CC,539,Brilhando,101716,pptx,1745771828.0,duplicado-antigo,CC/539,numero
Cantor Cristao NOVO/501 a 550/540 Oração da Criança.pptx,CC,540,Oração da Criança,108868,pptx,1524663546.0,duplicado-antigo,CC/540,numero
Cantor Cristao NOVO/501 a 550/541 Pequenos Raios.pptx,CC,541,Pequenos Raios,104765,pptx,1524664422.0,duplicado-antigo,CC/541,numero
Cantor Cristao NOVO/501 a 550/542 Jesus e as Crianças.pptx,CC,542,Jesus e as Crianças,108027,pptx,1524664988.0,duplicado-antigo,CC/542,numero
Cantor Cristao NOVO/501 a 550/545-Vamos-à-Escola.pptx,CC,545,1/6,75438,pptx,1621771697.0,duplicado-antigo,CC/545,numero
Cantor Cristao NOVO/51 a 100/100 Jesus Ressuscitado.pptx,CC,100,Jesus Ressuscitado,118886,pptx,1521640910.0,candidato,CC/100,numero
Cantor Cristao NOVO/51 a 100/51 Vida na Graça.pptx,CC,51,Vida na Graça,103726,pptx,1521630306.0,candidato,CC/51,numero
Cantor Cristao NOVO/51 a 100/52 Jesus Glorioso.pptx,CC,52,Jesus Glorioso,103823,pptx,1522615754.0,candidato,CC/52,numero
Cantor Cristao NOVO/51 a 100/53 Os Filhos de Sião.pptx,CC,53,Os Filhos de Sião,107436,pptx,1521630792.0,duplicado-antigo,CC/53,numero
Cantor Cristao NOVO/51 a 100/54 Glória e Honra.pptx,CC,54,Glória e Honra,96088,pptx,1521630942.0,candidato,CC/54,numero
Cantor Cristao NOVO/51 a 100/55 Hosana nas Alturas.pptx,CC,55,Hosana nas Alturas,104184,pptx,1521631362.0,candidato,CC/55,numero
Cantor Cristao NOVO/51 a 100/56 Rei da Glória.pptx,CC,56,Rei da Glória,100611,pptx,1527719154.0,candidato,CC/56,numero
Cantor Cristao NOVO/51 a 100/57 Bendito o Rei.pptx,CC,57,Bendito o Rei,103564,pptx,1529533650.0,candidato,CC/57,numero
Cantor Cristao NOVO/51 a 100/58 O Nome de Jesus.pptx,CC,58,O Nome de Jesus,147823,pptx,1531348220.0,candidato,CC/58,numero
Cantor Cristao NOVO/51 a 100/59 Saudai Emanuel.pptx,CC,59,Saudai Emanuel,104227,pptx,1521632008.0,candidato,CC/59,numero
Cantor Cristao NOVO/51 a 100/60 Coroai 1.pptx,CC,60,Coroai,118564,pptx,1532557887.0,duplicado-antigo,CC/60,numero
"Cantor Cristao NOVO/51 a 100/60.Coroai, com repetição.pptx",CC,60,Coroai,118605,pptx,1548634100.0,duplicado-antigo,CC/60,numero
Cantor Cristao NOVO/51 a 100/61 Glória a Jesus.pptx,CC,61,Glória a Jesus,95821,pptx,1521632398.0,candidato,CC/61,numero
Cantor Cristao NOVO/51 a 100/62.Nome Precioso.pptx,CC,62,Nome Precioso,124922,pptx,1549835497.0,duplicado-antigo,CC/62,numero
"Cantor Cristao NOVO/51 a 100/63 Jesus, o Senhor.pptx",CC,63,"Jesus, o Senhor",97951,pptx,1537099182.0,candidato,CC/63,numero
Cantor Cristao NOVO/51 a 100/64 Jubiloso.pptx,CC,64,Jubiloso,103190,pptx,1521632614.0,candidato,CC/64,numero
"Cantor Cristao NOVO/51 a 100/65 Jesus, o Bem-amado.pptx",CC,65,"Jesus, o Bem-amado",126943,pptx,1521632928.0,candidato,CC/65,numero
Cantor Cristao NOVO/51 a 100/66 Rei dos Céus.pptx,CC,66,Rei dos Céus,125992,pptx,1521633230.0,candidato,CC/66,numero
Cantor Cristao NOVO/51 a 100/67 Cristo Exaltado.pptx,CC,67,Cristo Exaltado,103827,pptx,1546811856.0,candidato,CC/67,numero
Cantor Cristao NOVO/51 a 100/68 Bem-aventurado.pptx,CC,68,Bem-aventurado,103883,pptx,1549495583.0,duplicado-antigo,CC/68,numero
Cantor Cristao NOVO/51 a 100/69 Aleluia.pptx,CC,69,Aleluia,86246,pptx,1574513119.0,candidato,CC/69,numero
Cantor Cristao NOVO/51 a 100/70 Nome Adorável.pptx,CC,70,Nome Adorável,100627,pptx,1521634112.0,candidato,CC/70,numero
Cantor Cristao NOVO/51 a 100/71 Amigo Eterno.pptx,CC,71,Amigo Eterno,103927,pptx,1521637786.0,candidato,CC/71,numero
Cantor Cristao NOVO/51 a 100/72 Amigo sem Igual.pptx,CC,72,Amigo sem Igual,97789,pptx,1521637888.0,candidato,CC/72,numero
Cantor Cristao NOVO/51 a 100/73 Um Grande Amigo.pptx,CC,73,Um Grande Amigo,120304,pptx,1521638004.0,candidato,CC/73,numero
Cantor Cristao NOVO/51 a 100/74 Graças a Jesus.pptx,CC,74,Graças a Jesus,136302,pptx,1573685227.0,candidato,CC/74,numero
Cantor Cristao NOVO/51 a 100/75 Que Grande Amigo.pptx,CC,75,Que Grande Amigo,104034,pptx,1521638262.0,candidato,CC/75,numero
Cantor Cristao NOVO/51 a 100/76 Amigo Verdadeiro.pptx,CC,76,Amigo Verdadeiro,103782,pptx,1521638340.0,candidato,CC/76,numero
Cantor Cristao NOVO/51 a 100/77 O Melhor Amigo.pptx,CC,77,O Melhor Amigo,112026,pptx,1521638452.0,candidato,CC/77,numero
Cantor Cristao NOVO/51 a 100/78 Tudo de Graça.pptx,CC,78,Tudo de Graça,96060,pptx,1521638496.0,candidato,CC/78,numero
Cantor Cristao NOVO/51 a 100/79 Um Bom Amigo.pptx,CC,79,Um Bom Amigo,111536,pptx,1521638618.0,candidato,CC/79,numero
Cantor Cristao NOVO/51 a 100/80 Coração Purificado.pptx,CC,80,Coração Purificado,96685,pptx,1521638662.0,candidato,CC/80,numero
Cantor Cristao NOVO/51 a 100/81 Amigo Incomparável.pptx,CC,81,Amigo Incomparável,177684,pptx,1521899788.0,duplicado-antigo,CC/81,numero
Cantor Cristao NOVO/51 a 100/82 O Gólgota.pptx,CC,82,O Gólgota,130312,pptx,1521638948.0,candidato,CC/82,numero
Cantor Cristao NOVO/51 a 100/83 A Cruz de Cristo.pptx,CC,83,A Cruz de Cristo,117562,pptx,1534107368.0,candidato,CC/83,numero
Cantor Cristao NOVO/51 a 100/84 A Cruz.pptx,CC,84,A Cruz,104052,pptx,1521639138.0,candidato,CC/84,numero
Cantor Cristao NOVO/51 a 100/85 Cantai Louvores.pptx,CC,85,Cantai Louvores,122336,pptx,1521639280.0,candidato,CC/85,numero
Cantor Cristao NOVO/51 a 100/86 Sangue Precioso.pptx,CC,86,Sangue Precioso,107531,pptx,1521639348.0,candidato,CC/86,numero
Cantor Cristao NOVO/51 a 100/87 Calvário.pptx,CC,87,Calvário,108421,pptx,1521639440.0,candidato,CC/87,numero
Cantor Cristao NOVO/51 a 100/88 Que Fazes por Mim.pptx,CC,88,Que Fazes por Mim,105434,pptx,1521639518.0,candidato,CC/88,numero
Cantor Cristao NOVO/51 a 100/89 O Poder do Sangue (revisado).pptx,CC,89,O Poder do Sangue,126126,pptx,1656881854.0,duplicado-antigo,CC/89,numero
Cantor Cristao NOVO/51 a 100/89 O Poder do Sangue.pptx,CC,89,O Poder do Sangue,195648,pptx,1521639626.0,duplicado-antigo,CC/89,numero
Cantor Cristao NOVO/51 a 100/90 Contemplação.pptx,CC,90,Contemplação,105910,pptx,1521639748.0,candidato,CC/90,numero
Cantor Cristao NOVO/51 a 100/91 Sangue de Jesus.pptx,CC,91,Sangue de Jesus,85873,pptx,1521639796.0,candidato,CC/91,numero
Cantor Cristao NOVO/51 a 100/92.Substituição.pptx,CC,92,Substituição,112029,pptx,1548626342.0,candidato,CC/92,numero
Cantor Cristao NOVO/51 a 100/93 Só no Sangue.pptx,CC,93,Só no Sangue,126778,pptx,1541979982.0,candidato,CC/93,numero
Cantor Cristao NOVO/51 a 100/94 Jesus na Cruz.pptx,CC,94,Jesus na Cruz,110788,pptx,1521640178.0,candidato,CC/94,numero
Cantor Cristao NOVO/51 a 100/95 Vitória do Rejeitado.pptx,CC,95,Vitória do Rejeitado,110456,pptx,1521640344.0,candidato,CC/95,numero
Cantor Cristao NOVO/51 a 100/96.Deslumbrante.pptx,CC,96,Deslumbrante,122593,pptx,1551040462.0,duplicado-antigo,CC/96,numero
Cantor Cristao NOVO/51 a 100/97 Jesus Veio Aqui.pptx,CC,97,Jesus Veio Aqui,112730,pptx,1521640632.0,candidato,CC/97,numero
Cantor Cristao NOVO/51 a 100/98 Jesus Triunfou.pptx,CC,98,Jesus Triunfou,101241,pptx,1521640750.0,candidato,CC/98,numero
Cantor Cristao NOVO/51 a 100/99 Ressurreição.pptx,CC,99,Ressurreição,121582,pptx,1521640844.0,candidato,CC/99,numero
Cantor Cristao NOVO/550 a 600/560 Ano Novo.pptx,CC,560,Ano Novo,135534,pptx,1546302826.0,duplicado-antigo,CC/560,numero
Cantor Cristao NOVO/550 a 600/579 Olhando para Cristo.pptx,CC,579,Olhando para Cristo,192362,pptx,1656856033.0,duplicado-antigo,CC/579,numero
"Cantor Cristao NOVO/550 a 600/580 Vem, visita a tua igreja e Santifica a tua igreja .pptx",CC,580,CC n°580,737787,pptx,1770773430.0,duplicado-antigo,CC/580,numero
Cantor Cristao NOVO/550 a 600/580. Vem visita a Tua igreja.pptx,CC,580,"VEM, VISITA A TUA IGREJA",121632,pptx,1550436517.0,duplicado-antigo,CC/580,numero
Cantor Cristao NOVO/550 a 600/581 a unica esperança NOVO.pptx,CC,581,A ÚNICA ESPERANÇA,101187,pptx,1573419201.0,duplicado-antigo,CC/581,numero
Cantor Cristão/001 a 050/000 - Modelo.pps,CC,000,,78336,pps,1180317488.0,sem-match,,
Cantor Cristão/001 a 050/001 - Antífona.pps,CC,001,"A TI, Ó DEUS, FIEL E BOM SENHOR, ETERNO PAI, SUPREMO BENFEITOR,NÓS OS TEUS SERVOS, VIMOS DAR LOUVOR,ALELUIA! ALELUIA!",90112,pps,1180084522.0,duplicado-antigo,CC/1,numero
"Cantor Cristão/001 a 050/002 - Justo És, Senhor.pps",CC,002,"JUSTO ÉS,  SENHOR,",76288,pps,1142195700.0,duplicado-antigo,CC/2,numero
Cantor Cristão/001 a 050/003 - Louvor ao Senhor.pps,CC,003,1/1,71168,pps,1141411086.0,duplicado-antigo,CC/3,numero
Cantor Cristão/001 a 050/004 - Ao Deus Santo.pps,CC,004,4 - “AO DEUS SANTO”,76288,pps,1142195740.0,duplicado-antigo,CC/4,numero
Cantor Cristão/001 a 050/005 - Presença Divina.pps,CC,005,4 - “AO DEUS SANTO”,80384,pps,1142195784.0,duplicado-antigo,CC/5,numero
Cantor Cristão/001 a 050/006 - Glória ao Senhor.pps,CC,006,1/4,62976,pps,1146523524.0,duplicado-antigo,CC/6,numero
Cantor Cristão/001 a 050/007 - Maravilhas Divnas.pps,CC,007,"AO DEUS DE AMOR E DE IMENSA BONDADE, COM VOZ DE JÚBILO VINDE E ACLAMAI; COM CORAÇÃO TRANSBORDANTE DE GRAÇAS, SEU GRANDE ",85504,pps,1142195814.0,duplicado-antigo,CC/7,numero
Cantor Cristão/001 a 050/008 - Adoração.pps,CC,008,"A DEUS, SUPREMO BENFEITOR,",78336,pps,1142195842.0,duplicado-antigo,CC/8,numero
Cantor Cristão/001 a 050/009 - Santo.pps,CC,009,SANTO! SANTO! SANTO!,80384,pps,1142195870.0,duplicado-antigo,CC/9,numero
Cantor Cristão/001 a 050/010 - Auxílio Divino.pps,CC,010,"SANTO DEUS,VEM INFLAMARNOSSOS DÉBEIS CORAÇÕES;VEM AS TREVAS DISSIPAR,LIVRA-NOS DE IMPERFEIÇÕES.",93184,pps,1180317954.0,duplicado-antigo,CC/10,numero
Cantor Cristão/001 a 050/011 - Ao Deus Trino.pps,CC,011,"Ó Deus, bom Pai e Benfeitor,",78848,pps,1179760704.0,duplicado-antigo,CC/11,numero
Cantor Cristão/001 a 050/012 - Louvamos.pps,CC,012,"LOUVAMOS, LOUVAMOS, SENHOR, E ADORAMOS",82432,pps,1142195906.0,duplicado-antigo,CC/12,numero
Cantor Cristão/001 a 050/013 - Adoração a Deus.pps,CC,013,"BENDIGAM A DEUS,",76288,pps,1142195936.0,duplicado-antigo,CC/13,numero
Cantor Cristão/001 a 050/014 - O Deus de Abraão.pps,CC,014,"AO DEUS DE ABRAÃO LOUVAI, DO VASTO CÉU SENHOR,",82432,pps,1142195966.0,duplicado-antigo,CC/14,numero
Cantor Cristão/001 a 050/015 - Exultação.pps,CC,015,"A DEUS DEMOS GLÓRIA, COM GRANDE FERVOR;",82432,pps,1145633914.0,duplicado-antigo,CC/15,numero
Cantor Cristão/001 a 050/016 - Vinde Adorar.pps,CC,016,"OH! VINDE ADORAR O EXCELSO E BOM DEUS,",79872,pps,1142196018.0,duplicado-antigo,CC/16,numero
Cantor Cristão/001 a 050/017 - O Amor de Deus.pps,CC,017,1/6,92160,pps,1148130420.0,duplicado-antigo,CC/17,numero
Cantor Cristão/001 a 050/018 - Amor sem Igual.pps,CC,018,18 - “AMOR SEM IGUAL”,137216,pps,1179951724.0,duplicado-antigo,CC/18,numero
Cantor Cristão/001 a 050/019 - Boa-Nova.pps,CC,019,"ALEGRE NOVA NOS CHEGOU:O GRANDE DEUS ASSIM AMOUA TODO O MUNDO PECADOR,QUE DEU SEU FILHO BENFEITOREM SUA REDENÇÃO.",61952,pps,1179918856.0,duplicado-antigo,CC/19,numero
Cantor Cristão/001 a 050/020 - Amor Perene.pps,CC,020,"AMAVAS-ME, SENHOR, NÃO TENDO A LUZ AINDASURGIDO LÁ NOS CÉUS, AO MANDO CRIADOR;NEM MESMO O SOL, NA AURORA ESPLENDOROSA E ",83968,pps,1179919310.0,duplicado-antigo,CC/20,numero
Cantor Cristão/001 a 050/021 - Louvor ao Pai e ao Filho.pps,CC,021,"AMAVAS-ME, SENHOR, NÃO TENDO A LUZ AINDASURGIDO LÁ NOS CÉUS, AO MANDO CRIADOR;NEM MESMO O SOL, NA AURORA ESPLENDOROSA E ",79872,pps,1179919470.0,duplicado-antigo,CC/21,numero
Cantor Cristão/001 a 050/022 - Amor Sublime.pps,CC,022,1/6,62976,pps,1146523544.0,duplicado-antigo,CC/22,numero
"Cantor Cristão/001 a 050/023 - Deus, Fonte da Vida.pps",CC,023,1/7,71168,pps,1146523588.0,duplicado-antigo,CC/23,numero
Cantor Cristão/001 a 050/024 - Deus É Amor.pps,CC,024,1/8,65536,pps,1146523610.0,duplicado-antigo,CC/24,numero
Cantor Cristão/001 a 050/025 - Amor.pps,CC,025,"QUE GRANDE AMOR,",82432,pps,1142196042.0,duplicado-antigo,CC/25,numero
Cantor Cristão/001 a 050/026 - Rei Excelso.pps,CC,026,1/4,66560,pps,1146523652.0,duplicado-antigo,CC/26,numero
Cantor Cristão/001 a 050/027 - Natal.pps,CC,027,1/4,84992,pps,1141342090.0,duplicado-antigo,CC/27,numero
Cantor Cristão/001 a 050/028 - Nasceu o Redentor.pps,CC,028,"ALERTA, Ó TERRA, ENTOA! O CANTO QUE RESSOA:O MUNDO PECADOR TEM GRANDE SORTE E BOA.A NOVA SE VOS DÁ, E QUÃO ALEGRE SOA:NA",146944,pps,1179921522.0,duplicado-antigo,CC/28,numero
Cantor Cristão/001 a 050/029 - Nasce Jesus.pps,CC,029,29 - “NASCE JESUS”,66048,pps,1146402732.0,duplicado-antigo,CC/29,numero
Cantor Cristão/001 a 050/030 - Noite de Paz.pps,CC,030,30 - “NOITE DE PAZ”,59392,pps,1146404126.0,duplicado-antigo,CC/30,numero
Cantor Cristão/001 a 050/031 - Lugar para Cristo.pps,CC,031,"TU DEIXASTE, JESUS,",88576,pps,1166363096.0,duplicado-antigo,CC/31,numero
Cantor Cristão/001 a 050/032 - Cristo em Belém .pps,CC,032,"ALTA NOITE ESTÃO PASTORES DE BELÉM, NO DERREDOR;E OS CERCOU DE RESPLENDORESLUZ CELESTE DO SENHOR.",116224,pps,1182998368.0,duplicado-antigo,CC/32,numero
Cantor Cristão/001 a 050/033 - Nasceu Jesus.pps,CC,033,"NASCE JESUS, FONTE DE LUZ!",82432,pps,1142196100.0,duplicado-antigo,CC/33,numero
Cantor Cristão/001 a 050/034 - Plena Graça.pps,CC,034,1/1,1245696,pps,1141345926.0,duplicado-antigo,CC/34,numero
Cantor Cristão/001 a 050/035 - Incomparável.pps,CC,035,35 - “INCOMPARÁVEL”,1256448,pps,1141346338.0,duplicado-antigo,CC/35,numero
Cantor Cristão/001 a 050/036 - Amor de Jesus.pps,CC,036,36 - “O AMOR DE JESUS”,1254400,pps,1141346722.0,duplicado-antigo,CC/36,numero
Cantor Cristão/001 a 050/037 - Amor Glorioso.pps,CC,037,37 - “AMOR GLORIOSO”,1259008,pps,1141347268.0,duplicado-antigo,CC/37,numero
Cantor Cristão/001 a 050/038 - Divino Amor.pps,CC,038,1/4,1250816,pps,1141512376.0,duplicado-antigo,CC/38,numero
Cantor Cristão/001 a 050/039 - A Ovelha Perdida.pps,CC,039,1/5,1255424,pps,1141512402.0,duplicado-antigo,CC/39,numero
Cantor Cristão/001 a 050/040 - Amor de Cristo.pps,CC,040,1/1,59904,pps,1141397354.0,duplicado-antigo,CC/40,numero
Cantor Cristão/001 a 050/041 - Reconhecimento.pps,CC,041,1/1,57856,pps,1141397134.0,duplicado-antigo,CC/41,numero
Cantor Cristão/001 a 050/042 - Realização.pps,CC,042,1/8,1254912,pps,1141397806.0,duplicado-antigo,CC/42,numero
Cantor Cristão/001 a 050/043 - Palavra Preciosas.pps,CC,043,1/4,1253888,pps,1141398158.0,duplicado-antigo,CC/43,numero
Cantor Cristão/001 a 050/044 - A Linda História.pps,CC,044,1/8,1255424,pps,1141398554.0,duplicado-antigo,CC/44,numero
Cantor Cristão/001 a 050/045 - Por Amor de Nós.pps,CC,045,1/4,1250816,pps,1141398830.0,duplicado-antigo,CC/45,numero
Cantor Cristão/001 a 050/046 - Jesus me Transformou.pps,CC,046,"EU, PERDIDO PECADOR,",80384,pps,1142196122.0,duplicado-antigo,CC/46,numero
Cantor Cristão/001 a 050/047 - Alegria Perene.pps,CC,047,1/6,1252864,pps,1141399174.0,duplicado-antigo,CC/47,numero
Cantor Cristão/001 a 050/048 - Salvação.pps,CC,048,1/6,1255424,pps,1141399508.0,duplicado-antigo,CC/48,numero
Cantor Cristão/001 a 050/049 - Tudo Fez Jesus.pps,CC,049,1/2,164352,pps,1520769340.0,duplicado-antigo,CC/49,numero
Cantor Cristão/001 a 050/050 - A Velha História.pps,CC,050,1/6,1254912,pps,1141400828.0,duplicado-antigo,CC/50,numero
Cantor Cristão/051 a 100/051 - Vida na Graça.pps,CC,051,1/6,1254912,pps,1141401058.0,duplicado-antigo,CC/51,numero
Cantor Cristão/051 a 100/052 - Jesus Glorioso.pps,CC,052,1/6,1255424,pps,1141401346.0,duplicado-antigo,CC/52,numero
Cantor Cristão/051 a 100/053 - Os Filhos de Sião.pps,CC,053,1/8,1254912,pps,1141401728.0,duplicado-antigo,CC/53,numero
Cantor Cristão/051 a 100/054 - Glória e Honra.pps,CC,054,1/1,57856,pps,1141401904.0,duplicado-antigo,CC/54,numero
Cantor Cristão/051 a 100/055 - Hosana nas Alturas.pps,CC,055,1/6,1252352,pps,1141409856.0,duplicado-antigo,CC/55,numero
Cantor Cristão/051 a 100/056 - Rei da Glória.pps,CC,056,1/4,1249792,pps,1141410170.0,duplicado-antigo,CC/56,numero
Cantor Cristão/051 a 100/057 - Bendito o Rei.pps,CC,057,1/6,1252352,pps,1141410390.0,duplicado-antigo,CC/57,numero
Cantor Cristão/051 a 100/058 - O Nome de Jesus.pps,CC,058,1/6,1271296,pps,1141410682.0,duplicado-antigo,CC/58,numero
Cantor Cristão/051 a 100/059 - Saudai Emanuel.pps,CC,059,1/6,1252864,pps,1141411056.0,duplicado-antigo,CC/59,numero
Cantor Cristão/051 a 100/060 - Coroai.pps,CC,060,SAUDAI O NOME DE JESUS!,79872,pps,1142789316.0,duplicado-antigo,CC/60,numero
Cantor Cristão/051 a 100/061 - Glória a Jesus.pps,CC,061,1/1,59904,pps,1141411276.0,duplicado-antigo,CC/61,numero
Cantor Cristão/051 a 100/062 - Nome Precioso.pps,CC,062,LEVA TU CONTIGO O NOME,84480,pps,1142196178.0,duplicado-antigo,CC/62,numero
"Cantor Cristão/051 a 100/063 - Jesus, o Senhor.pps",CC,063,1/1,58880,pps,1141422952.0,duplicado-antigo,CC/63,numero
Cantor Cristão/051 a 100/064 - Jubiloso.pps,CC,064,1/6,1252864,pps,1141423800.0,duplicado-antigo,CC/64,numero
"Cantor Cristão/051 a 100/065 - Jesus, o Bem-Amando.pps",CC,065,"JESUS, TEU NOME SATISFAZ;POR TODO O ORBE ESPALHA PAZ;PERFEITO GOZO E VIDA TRAZ,JESUS, MEU BEM-AMADO!",92160,pps,1179922620.0,duplicado-antigo,CC/65,numero
Cantor Cristão/051 a 100/066 - Rei dos Céus.pps,CC,066,"EIS, QUE CHEFE TÃOGLORIOSOÉ JESUS, O BOM SENHOR!QUE LUTOU MUI VITORIOSOPARA SER O SALVADOR.",111104,pps,1179923152.0,duplicado-antigo,CC/66,numero
Cantor Cristão/051 a 100/067 - Cristo Exaltado.pps,CC,067,1/6,1252864,pps,1141424114.0,duplicado-antigo,CC/67,numero
Cantor Cristão/051 a 100/068 - Bem-Aventurados.pps,CC,068,1/6,1255424,pps,1141424354.0,duplicado-antigo,CC/68,numero
Cantor Cristão/051 a 100/069 - Aleluia.pps,CC,069,1/3,1251840,pps,1141424546.0,duplicado-antigo,CC/69,numero
Cantor Cristão/051 a 100/070 - Nome Adorável.pps,CC,070,1/4,1250304,pps,1141425072.0,duplicado-antigo,CC/70,numero
Cantor Cristão/051 a 100/071 - Amigo Eterno.pps,CC,071,1/6,1253376,pps,1141425914.0,duplicado-antigo,CC/71,numero
Cantor Cristão/051 a 100/072 - Amigo sem Igual.pps,CC,072,1/1,65024,pps,1141426238.0,duplicado-antigo,CC/72,numero
Cantor Cristão/051 a 100/073 - Um Grande Amigo.pps,CC,073,"ACHEI UM GRANDE AMIGO, JESUS, O SALVADOR, QUE COM AMOR ME GUARDA CADA DIA; FIEL É SEU  CUIDADO, CONSTANTE O SEU AMOR. E ",81920,pps,1142196200.0,duplicado-antigo,CC/73,numero
Cantor Cristão/051 a 100/074 - Graças a Jesus.pps,CC,074,1/2,2415104,pps,1139793530.0,duplicado-antigo,CC/74,numero
Cantor Cristão/051 a 100/075 - Que Grnade Amigo.pps,CC,075,1/3,1250816,pps,1141426442.0,duplicado-antigo,CC/75,numero
Cantor Cristão/051 a 100/076 - Amigo Verdadeiro.pps,CC,076,1/3,1250304,pps,1141426544.0,duplicado-antigo,CC/76,numero
Cantor Cristão/051 a 100/077 - O Melhor Amigo.pps,CC,077,1/8,1256448,pps,1141426654.0,duplicado-antigo,CC/77,numero
Cantor Cristão/051 a 100/078 - Tudo de Graça.pps,CC,078,1/1,62976,pps,1141426784.0,duplicado-antigo,CC/78,numero
Cantor Cristão/051 a 100/079 - Um Bom Amigo.pps,CC,079,1/8,1259008,pps,1141426974.0,duplicado-antigo,CC/79,numero
Cantor Cristão/051 a 100/080 - Coração Purificado.pps,CC,080,1/1,71680,pps,1141506182.0,duplicado-antigo,CC/80,numero
Cantor Cristão/051 a 100/081 - Amigo Incomparavél.pps,CC,081,1/8,1257984,pps,1141502970.0,duplicado-antigo,CC/81,numero
Cantor Cristão/051 a 100/082 - O Gólgota.pps,CC,082,1/8,1278464,pps,1141503118.0,duplicado-antigo,CC/82,numero
Cantor Cristão/051 a 100/083 - A Cruz de Cristo.pps,CC,083,1/8,2428928,pps,1139973750.0,duplicado-antigo,CC/83,numero
Cantor Cristão/051 a 100/084 - A Cruz.pps,CC,084,1/4,1252864,pps,1141503232.0,duplicado-antigo,CC/84,numero
Cantor Cristão/051 a 100/085 - Cantai Louvores.pps,CC,085,Ó VINDE CRENTES E ENTOAI,82944,pps,1142196228.0,duplicado-antigo,CC/85,numero
Cantor Cristão/051 a 100/086 - Sangue Precioso.pps,CC,086,1/5,1256448,pps,1141503322.0,duplicado-antigo,CC/86,numero
Cantor Cristão/051 a 100/087 - Calvário.pps,CC,087,1/6,1255424,pps,1141503380.0,duplicado-antigo,CC/87,numero
Cantor Cristão/051 a 100/088 - Que Fazes por Mim.pps,CC,088,1/4,1254912,pps,1141503450.0,duplicado-antigo,CC/88,numero
Cantor Cristão/051 a 100/089 - O Poder do Sangue.pps,CC,089,DO TEU PECADO TE QUERES,84992,pps,1142196258.0,duplicado-antigo,CC/89,numero
Cantor Cristão/051 a 100/090 - Comtemplação.pps,CC,090,1/4,1254912,pps,1141503542.0,duplicado-antigo,CC/90,numero
Cantor Cristão/051 a 100/091 - Sangue de Jesus.pps,CC,091,1/1,1225728,pps,1141503620.0,duplicado-antigo,CC/91,numero
Cantor Cristão/051 a 100/092 - Substituição.pps,CC,092,1/8,1260032,pps,1141503698.0,duplicado-antigo,CC/92,numero
Cantor Cristão/051 a 100/093 - Só no Sangue.pps,CC,093,1/10,1379328,pps,1513439978.0,duplicado-antigo,CC/93,numero
Cantor Cristão/051 a 100/094 - Jesus na Cruz.pps,CC,094,1/5,1257984,pps,1141503780.0,duplicado-antigo,CC/94,numero
Cantor Cristão/051 a 100/095 - Vitória do Rejeitado.pps,CC,095,1/6,1255424,pps,1141503828.0,duplicado-antigo,CC/95,numero
Cantor Cristão/051 a 100/096 - Deslumbrante.pps,CC,096,1/3,81408,pps,1148123580.0,duplicado-antigo,CC/96,numero
Cantor Cristão/051 a 100/097 - Jesus Veio Aqui.pps,CC,097,1/8,1257472,pps,1141504014.0,duplicado-antigo,CC/97,numero
Cantor Cristão/051 a 100/098 - Jesus Triunfou.pps,CC,098,1/2,1249792,pps,1141504074.0,duplicado-antigo,CC/98,numero
Cantor Cristão/051 a 100/099 - Ressurreição.pps,CC,099,EIS MORTO O SALVADOR NA SEPULTURA!,82432,pps,1142196280.0,duplicado-antigo,CC/99,numero
Cantor Cristão/051 a 100/100 - Jesus Ressuscitado.pps,CC,100,"EIS JESUS RESSUSCITADO! ELE PARA O CÉU SUBIU,AS PRISÕES QUEBROU DA MORTE; GRANDES FEITOS CONSEGUIU.EIS JESUS RESSUSCITAD",118272,pps,1179923560.0,duplicado-antigo,CC/100,numero
Cantor Cristão/051 a 100/89 - Poder do Sangue.pptx,CC,89,89 - “PODER DO SANGUE”,195975,pptx,1408891402.0,duplicado-antigo,CC/89,numero
Cantor Cristão/101 a 150/101 - Ressurgiu.pps,CC,101,1/3,2419712,pps,1139854554.0,duplicado-antigo,CC/101,numero
Cantor Cristão/101 a 150/102 - Cristo Volta.pps,CC,102,1/6,1256448,pps,1141505952.0,duplicado-antigo,CC/102,numero
Cantor Cristão/101 a 150/103 - Jesus Vindo.pps,CC,103,1/5,1251840,pps,1141506110.0,duplicado-antigo,CC/103,numero
Cantor Cristão/101 a 150/104 - O Bom Porvir.pps,CC,104,1/6,1253376,pps,1141506138.0,duplicado-antigo,CC/104,numero
Cantor Cristão/101 a 150/105 - Feliz.pps,CC,105,1/1,1249280,pps,1141504982.0,duplicado-antigo,CC/105,numero
Cantor Cristão/101 a 150/106 - O Desejado.pps,CC,106,1/8,1255424,pps,1141507360.0,duplicado-antigo,CC/106,numero
Cantor Cristão/101 a 150/107 - Esperando.pps,CC,107,1/3,1249280,pps,1141507508.0,duplicado-antigo,CC/107,numero
Cantor Cristão/101 a 150/108 - Chamada Final.pps,CC,108,1/6,1253376,pps,1141507684.0,duplicado-antigo,CC/108,numero
Cantor Cristão/101 a 150/109 - Por Pouco Tempo.pps,CC,109,1/3,1249280,pps,1141507762.0,duplicado-antigo,CC/109,numero
Cantor Cristão/101 a 150/110 - Quando Cristo Vier.pps,CC,110,1/8,84992,pps,1145699078.0,duplicado-antigo,CC/110,numero
Cantor Cristão/101 a 150/111 - Não Tardará.pps,CC,111,1/8,121856,pps,1145699118.0,duplicado-antigo,CC/111,numero
Cantor Cristão/101 a 150/112 - Vencendo Vem Jesus.pps,CC,112,"JÁ REFULGE A GLÓRIA ETERNA DE JESUS, O REI DOS REIS; BREVE OS REINOS DESTE MUNDO SEGUIRÃO AS SUAS LEIS!",85504,pps,1142196306.0,duplicado-antigo,CC/112,numero
Cantor Cristão/101 a 150/113 - O Dia Glorioso.pps,CC,113,113  -  “O DIA GLORIOSO”,82432,pps,1145699940.0,duplicado-antigo,CC/113,numero
Cantor Cristão/101 a 150/114 - A Vinda do Senhor.pps,CC,114,"COMO FOI PARA O CÉU, JESUS CRISTO HÁ DE VIR,QUANDO O SOM DA TROMBETA ECOAR;QUANDO A VOZ DE UM ARCANJO NO CÉU ESTRUGIR,EU",87040,pps,1145700304.0,duplicado-antigo,CC/114,numero
Cantor Cristão/101 a 150/115 - Breve com Jesus.pps,CC,115,1/1,75264,pps,1145700498.0,duplicado-antigo,CC/115,numero
Cantor Cristão/101 a 150/116 - Desejo da Alma.pps,CC,116,"VEM, ESPÍRITO DIVINO,GRANDE ENSINADOR!VEM! DESCOBRE ÀS NOSSAS ALMASCRISTO, O SALVADOR!",124928,pps,1179924646.0,duplicado-antigo,CC/116,numero
Cantor Cristão/101 a 150/117 - Espírito Santo.pps,CC,117,1/4,78848,pps,1145700748.0,duplicado-antigo,CC/117,numero
Cantor Cristão/101 a 150/118 - Santo Espírito.pps,CC,118,1/1,75264,pps,1145700820.0,duplicado-antigo,CC/118,numero
Cantor Cristão/101 a 150/119 - Fidelidade.pps,CC,119,1/6,82432,pps,1145701000.0,duplicado-antigo,CC/119,numero
Cantor Cristão/101 a 150/120 - Louvai ao Senhor.pps,CC,120,1/6,81408,pps,1145701210.0,duplicado-antigo,CC/120,numero
Cantor Cristão/101 a 150/121 - Ecos de Louvor.pps,CC,121,1/3,77824,pps,1145701546.0,duplicado-antigo,CC/121,numero
Cantor Cristão/101 a 150/122 - Motivos de Louvor.pps,CC,122,1/3,77824,pps,1145701722.0,duplicado-antigo,CC/122,numero
Cantor Cristão/101 a 150/123 - Seja Bendito o Cordeiro.pps,CC,123,SEJA BENDITO O CORDEIRO,82944,pps,1147575482.0,duplicado-antigo,CC/123,numero
Cantor Cristão/101 a 150/124 - Cantarei.pps,CC,124,1/8,82944,pps,1145701844.0,duplicado-antigo,CC/124,numero
Cantor Cristão/101 a 150/125 - Redenção.pps,CC,125,"MINHA ALMA, CANTA AO SALVADOR,QUE TE REMIU COM TANTO AMOR,QUE TE LIVROU DA ESCRAVIDÃO,SEU SANGUE DANDO EM REDENÇÃO!",131584,pps,1179925180.0,duplicado-antigo,CC/125,numero
Cantor Cristão/101 a 150/126 - Louvai.pps,CC,126,"LOUVAI, LOUVAI CRISTO, O",82432,pps,1142196354.0,duplicado-antigo,CC/126,numero
Cantor Cristão/101 a 150/127 - Jesus Bondoso.pps,CC,127,1/3,77824,pps,1145702112.0,duplicado-antigo,CC/127,numero
Cantor Cristão/101 a 150/128 - A Redenção.pps,CC,128,1/6,80384,pps,1145702418.0,duplicado-antigo,CC/128,numero
Cantor Cristão/101 a 150/129 - Bendita Luz.pps,CC,129,1/8,82944,pps,1145702706.0,duplicado-antigo,CC/129,numero
Cantor Cristão/101 a 150/130 - Beneficência.pps,CC,130,1/8,82944,pps,1145704888.0,duplicado-antigo,CC/130,numero
Cantor Cristão/101 a 150/131 - Bendize.pps,CC,131,1/4,78336,pps,1145705010.0,duplicado-antigo,CC/131,numero
Cantor Cristão/101 a 150/132 - Ebenézer.pps,CC,132,1/3,77824,pps,1145705148.0,duplicado-antigo,CC/132,numero
Cantor Cristão/101 a 150/133 - Exultação.pps,CC,133,1/3,77312,pps,1145705318.0,duplicado-antigo,CC/133,numero
Cantor Cristão/101 a 150/134 - Reino Universal.pps,CC,134,1/3,77312,pps,1145705426.0,duplicado-antigo,CC/134,numero
Cantor Cristão/101 a 150/135 - Louvor.pptx,CC,135,135 - “LOUVOR ”,189554,pptx,1408891142.0,duplicado-antigo,CC/135,numero
Cantor Cristão/101 a 150/136 - Estudo Bíblico.pps,CC,136,1/5,79872,pps,1145705686.0,duplicado-antigo,CC/136,numero
Cantor Cristão/101 a 150/137 - O Pão da Vida.pps,CC,137,"ENQUANTO, Ó SALVADOR, TEU LIVRO EU LER,MEUS OLHOS VEM ABRIR; POIS QUERO VERDA MERA LETRA, ALÉM, A TI, SENHOR;EU VENHO A ",114688,pps,1179925406.0,duplicado-antigo,CC/137,numero
Cantor Cristão/101 a 150/138 - A Lei do Senhor.pps,CC,138,1/3,77824,pps,1145705828.0,duplicado-antigo,CC/138,numero
Cantor Cristão/101 a 150/139 - Dia do Senhor.pps,CC,139,1/4,78336,pps,1145705968.0,duplicado-antigo,CC/139,numero
Cantor Cristão/101 a 150/140 - Domingo.pps,CC,140,1/3,77312,pps,1145706070.0,duplicado-antigo,CC/140,numero
Cantor Cristão/101 a 150/141 - Descanso aos Domingos.pps,CC,141,1/4,78848,pps,1145706174.0,duplicado-antigo,CC/141,numero
Cantor Cristão/101 a 150/142 - Pão da Vida.pps,CC,142,"PÃO DA VIDA,",80896,pps,1154777200.0,duplicado-antigo,CC/142,numero
Cantor Cristão/101 a 150/143 - A Ceia do Senhor.pps,CC,143,1/4,78336,pps,1145706284.0,duplicado-antigo,CC/143,numero
Cantor Cristão/101 a 150/144 - Vera Páscoa.pps,CC,144,1/3,77312,pps,1145706398.0,duplicado-antigo,CC/144,numero
Cantor Cristão/101 a 150/145 - Batismo.pps,CC,145,1/5,81408,pps,1145706508.0,duplicado-antigo,CC/145,numero
Cantor Cristão/101 a 150/146 - Alegria Verdadeira.pps,CC,146,1/2,76288,pps,1145706574.0,duplicado-antigo,CC/146,numero
Cantor Cristão/101 a 150/147 - Obediência no Batismo.pps,CC,147,1/4,78848,pps,1145706670.0,duplicado-antigo,CC/147,numero
Cantor Cristão/101 a 150/148 - Hora Bendita.pps,CC,148,"BENDITA A HORA DE ORAÇÃO,",81408,pps,1142196466.0,duplicado-antigo,CC/148,numero
Cantor Cristão/101 a 150/149 - Persistência em Oração.pps,CC,149,1/4,78336,pps,1145706766.0,duplicado-antigo,CC/149,numero
Cantor Cristão/101 a 150/150 - Pai Nosso.pps,CC,150,1/5,79360,pps,1145706912.0,duplicado-antigo,CC/150,numero
Cantor Cristão/151 a 200/151 - Comunhão.pps,CC,151,1/4,78848,pps,1145707060.0,duplicado-antigo,CC/151,numero
Cantor Cristão/151 a 200/152 - Pastor Divino.pps,CC,152,1/4,78848,pps,1145707284.0,duplicado-antigo,CC/152,numero
Cantor Cristão/151 a 200/153 - Perdão.pps,CC,153,1/3,77312,pps,1145707384.0,duplicado-antigo,CC/153,numero
Cantor Cristão/151 a 200/154 - Firme nas Promesas.pps,CC,154,FIRME NAS PROMESSAS DO MEU SALVADOR,95744,pps,1153950266.0,duplicado-antigo,CC/154,numero
Cantor Cristão/151 a 200/155 - O Grande Amigo.pps,CC,155,"EM JESUS AMIGO TEMOS,",81408,pps,1142196528.0,duplicado-antigo,CC/155,numero
Cantor Cristão/151 a 200/156 - Orando Sempre.pps,CC,156,1/8,82944,pps,1145708456.0,duplicado-antigo,CC/156,numero
"Cantor Cristão/151 a 200/157 - Vivifica-nos, Senhor.pps",CC,157,1/1,75264,pps,1145708636.0,duplicado-antigo,CC/157,numero
Cantor Cristão/151 a 200/158 - Em Oração.pps,CC,158,1/6,80896,pps,1145708980.0,duplicado-antigo,CC/158,numero
Cantor Cristão/151 a 200/159 - Minha Oração.pps,CC,159,"DIRIJO A TI, JESUS, MINHA",80384,pps,1142196554.0,duplicado-antigo,CC/159,numero
Cantor Cristão/151 a 200/160 - A Fé Comtemplada.pps,CC,160,160 - “A FÉ CONTEMPLADA”,67072,pps,1165445368.0,duplicado-antigo,CC/160,numero
Cantor Cristão/151 a 200/161 - Poder Espiritual.pps,CC,161,1/4,80384,pps,1145709092.0,duplicado-antigo,CC/161,numero
Cantor Cristão/151 a 200/162 - Vigiar e Orar.pps,CC,162,"BEM DE MANHÃ, EMBORA O",84992,pps,1142196582.0,duplicado-antigo,CC/162,numero
Cantor Cristão/151 a 200/163 - Desejos.pps,CC,163,EU RECONHECER DESEJOO AMOR DO MEU JESUSA GLÓRIA SEMPITERNADO REINO DO MEU DEUSEU APRENDER DESEJOA SANTA E BOA LEICUMPRIR,79360,pps,1180349944.0,duplicado-antigo,CC/163,numero
Cantor Cristão/151 a 200/164 - Revivificação.pps,CC,164,"TU QUE SOBRE A AMARGA CRUZREVELASTE TEU AMOR,TU, QUE VIVES, Ó JESUS!VIVIFICA-NOS, SENHOR!",128000,pps,1179925866.0,duplicado-antigo,CC/164,numero
Cantor Cristão/151 a 200/165 - Oração.pps,CC,165,"PAI CELESTE, DEUS BENDITO, MANIFESTA TEU AMOR!A TEUS PÉS EIS-NOS PROSTRADOS IMPLORANDO TEU FAVOR!AOS QUE JAZEM NO PECADO",98816,pps,1179926172.0,duplicado-antigo,CC/165,numero
Cantor Cristão/151 a 200/166 - As Promesas de Deus.pps,CC,166,"ACASO PODÍAMOS NÓS CONSEGUIRMAIOR SEGURANÇA DO QUE POSSUIRAS LINDAS PROMESSAS DO NOSSO BOM DEUS,FIRMADAS NA BÍBLIA PRA T",104448,pps,1179926858.0,duplicado-antigo,CC/166,numero
"Cantor Cristão/151 a 200/167 - Vem, Inflama!.pps",CC,167,"MEU PECADO RESGATADOFOI NA CRUZ POR TEU AMOR,E DA MORTE, TRISTE SORTE,ME LIVRASTE TU, SENHOR!",102400,pps,1179927192.0,duplicado-antigo,CC/167,numero
Cantor Cristão/151 a 200/168 - Chuvas de Bênçãos.pps,CC,168,CHUVAS DE BÊNÇÃOS TEREMOS,87040,pps,1142196606.0,duplicado-antigo,CC/168,numero
Cantor Cristão/151 a 200/169 - Mais de Cristo.pps,CC,169,MAIS DE CRISTO,82432,pps,1142196636.0,duplicado-antigo,CC/169,numero
Cantor Cristão/151 a 200/170 - Oração de Consagração.pps,CC,170,"OH! MAIS DETESTÁVEL, SIM, SEJA-ME O MAL,MAIS CALMA EM PESARES, MAIS ALTO IDEAL,MAIS FÉ NO MEU MESTRE, MAIS CONSAGRAÇÃO,M",98304,pps,1179928164.0,duplicado-antigo,CC/170,numero
Cantor Cristão/151 a 200/171 - Avivamento.pps,CC,171,"AVIVA-NOS, SENHOR!OH! DÁ-NOS TEU PODER!DE SANTIDADE, FÉ E AMORREVESTE O NOSSO SER!",105472,pps,1179929338.0,duplicado-antigo,CC/171,numero
Cantor Cristão/151 a 200/172 - Cada Dia.pps,CC,172,"CADA DIA TINHA PÃO,DADO PELA ETERNA MÃODO SUSTENTADOR FIELDA FAMÍLIA DE ISRAEL.",102400,pps,1179929150.0,duplicado-antigo,CC/172,numero
Cantor Cristão/151 a 200/172 - Cda Dia.pps,CC,172,"CADA DIA TINHA PÃO,DADO PELA ETERNA MÃODO SUSTENTADOR FIELDA FAMÍLIA DE ISRAEL.",102400,pps,1179929150.0,duplicado-antigo,CC/172,numero
Cantor Cristão/151 a 200/173 - Mais Amor.pps,CC,173,"Ó MEU DEUS, TE PEÇO: DÁ-ME MAIS AMOR,POIS NO TEU SERVIÇO QUERO TER FERVOR!EM TEU FILHO CREIO, NELE ESPERAREI;CUMPRE O QU",104960,pps,1179929690.0,duplicado-antigo,CC/173,numero
Cantor Cristão/151 a 200/174 - Faça-se a Luz.pps,CC,174,"TU QUE MANDASTE, Ó DEUS,DANDO ORDEM COM PODER: ""FAÇA-SE A LUZ!“OUVE-NOS COM FAVOR, ONDE TEU SUMO AMORNÃO BRILHA COM FULG",116736,pps,1179930078.0,duplicado-antigo,CC/174,numero
Cantor Cristão/151 a 200/175 - Minha Aspiração.pps,CC,175,175 CC - MINHA ASPIRAÇÃO,86016,pps,1148123152.0,duplicado-antigo,CC/175,numero
Cantor Cristão/151 a 200/176 - Tempo de Ser Santo.pps,CC,176,"TEMPO DE SER SANTO TU DEVES TOMAR,VIVER COM TEU MESTRE, SEU LIVRO ESTUDAR,ANDAR COM SEU POVO, E AOS FRACOS VALER,AS BÊNÇ",118272,pps,1179930490.0,duplicado-antigo,CC/176,numero
Cantor Cristão/151 a 200/177 - Alvorada.pps,CC,177,"APENAS ROMPE A AURORA, EM TI EU PENSO, Ó DEUS,E A TI LEVANTO LOGO OS LASSOS OLHOS MEUS.MINHA ALMA TÃO SEQUIOSA POR SEU D",97280,pps,1179931066.0,duplicado-antigo,CC/177,numero
Cantor Cristão/151 a 200/178 - O Culto Findou.pps,CC,178,"O CULTO SAGRADO FINDOU,",81408,pps,1142196660.0,duplicado-antigo,CC/178,numero
Cantor Cristão/151 a 200/179 - Fim do Culto.pps,CC,179,"O CULTO SAGRADO FINDOU,NO DIA BENDITO POR DEUS;NOSSO ÚLTIMO CANTO SOOUE AS PRECES SUBIRAM AOS CÉUS.",98816,pps,1179931286.0,duplicado-antigo,CC/179,numero
Cantor Cristão/151 a 200/180 - Despedida.pps,CC,180,"GRANDE DEUS, EM PAZ AGORA,VEM, DESPEDE-NOS, SENHOR;CERTOS DE FRUIR AS BÊNÇÃOSQUE PROVÊM DE TEU AMOR.DÁ-NOS FORÇAS,NESTE ",93696,pps,1179931652.0,duplicado-antigo,CC/180,numero
Cantor Cristão/151 a 200/181 - Bênção.pps,CC,181,"A GRAÇA DE NOSSO SENHORE O AMOR DE DEUS,E A COMUNHÃO DO ESPÍRITO SANTOCONOSCO SEJA.AMÉM! AMÉM!",92160,pps,1179932648.0,duplicado-antigo,CC/181,numero
Cantor Cristão/151 a 200/182 - Despedida do Culto.pps,CC,182,"DESPEDE-NOS, Ó BOM JESUS,NO FIM DO TEU SERVIÇO AQUI;GUIAR-NOS VENHA A TUA LUZ,PRA QUE SIRVAMOS SÓ A TI.",116736,pps,1179933146.0,duplicado-antigo,CC/182,numero
Cantor Cristão/151 a 200/183 - A Luz do Mundo.pps,CC,183,PRA TODO PERDIDO NAS TREVAS DO MALJESUS É A LUZ DO MUNDO!DO SOL NO ESPLENDOR NÃO ENCONTRA RIVAL;JESUS É A LUZ DO MUNDO!,114688,pps,1179933644.0,duplicado-antigo,CC/183,numero
Cantor Cristão/151 a 200/184 - Há livre Perdão.pps,CC,184,"GLÓRIA A JESUS, POIS HÁ LIVRE PERDÃO,VEM, PECADOR, ACEITAR ESTE DOM:DE DEUS UM LIVRE PERDÃO!VEM, SIM, AGORA EM JESUS CON",130560,pps,1179934664.0,duplicado-antigo,CC/184,numero
Cantor Cristão/151 a 200/185 - Somente Cristo.pps,CC,185,"SOMENTE CRISTO É SALVADOR,NEM OUTRO CONHECEMOS;MORREU POR NÓS, EM SANTO AMOR,E VIDA NELE TEMOS.",119296,pps,1179935326.0,duplicado-antigo,CC/185,numero
Cantor Cristão/151 a 200/186 - É Jesus Quem Salva.pps,CC,186,186 - É JESUS QUEM SALVA,83968,pps,1180109814.0,duplicado-antigo,CC/186,numero
Cantor Cristão/151 a 200/187 - Teus Pecados.pps,CC,187,"PECADOR, TEUS PECADOS BRANCOS, BRANCOS SE FARÃO;PECADOR, TEUS PECADOSBRANCOS, BRANCOS SE FARÃO;INDA QUE SEJAM VERMELHOS,",88576,pps,1180110398.0,duplicado-antigo,CC/187,numero
Cantor Cristão/151 a 200/188 - O Evangelho.pps,CC,188,"A NOVA DO EVANGELHO JÁ SE FÊZ OUVIR AQUI;BOAS NOVAS TÃO ALEGRES, ELAS SÃO PRA QUEM OUVIR:ASSIM DEUS NOS AMOU, SIM, A CAD",114688,pps,1180111048.0,duplicado-antigo,CC/188,numero
Cantor Cristão/151 a 200/189 - Graça Inefável.pps,CC,189,"A GRAÇA DO SENHORMEU CORAÇÃO VENCEU,POIS PARA ME SALVARSEU FILHO AMADO DEU.",117760,pps,1180111902.0,duplicado-antigo,CC/189,numero
Cantor Cristão/151 a 200/190 - Para Salvar-te.pps,CC,190,1/8,66048,pps,1171210404.0,duplicado-antigo,CC/190,numero
Cantor Cristão/151 a 200/191 - Eis a Nova.pps,CC,191,"OH! QUE MENSAGEM CHEIADA COMPAIXÃO DE DEUS,A DO EVANGELHO SANTOQUE NOS CONDUZ AOS CÉUS!",100352,pps,1180112572.0,duplicado-antigo,CC/191,numero
Cantor Cristão/151 a 200/192 - Só por Jesus.pps,CC,192,"CRISTO VEIO DOS SANTOS CÉUS,VEIO DO MAL SALVAR-NOS;DADO FOI, PELO AMOR DE DEUS,EM NOSSA REDENÇÃO.POR JESUS SOMENTESALVO ",164352,pps,1369509862.0,duplicado-antigo,CC/192,numero
Cantor Cristão/151 a 200/193 - Proclamação.pps,CC,193,PROCLAMAI A TODO O MUNDO QUE JESUS É REI!PROCLAMAI! PROCLAMAI!PROCLAMAI QUE SUAVE E SANTA É SUA MAGNA LEI!PROCLAMAI! PRO,96256,pps,1180113562.0,duplicado-antigo,CC/193,numero
Cantor Cristão/151 a 200/194 - A Mensagem Celeste.pps,CC,194,"A MENSAGEM VEM DE DEUS, QUE JESUS É SALVADOR!Ó CLAMAI, VÓS FILHOS SEUS: É JESUS O SALVADOR!PROCLAMAI COM GRANDE ARDOR QU",91648,pps,1180114424.0,duplicado-antigo,CC/194,numero
Cantor Cristão/151 a 200/195 - Vida por um Olhar.pps,CC,195,"TERÁS VIDA EM OLHAR PRA JESUS, SALVADOR;ELE DIZ: VIDA ETERNA EU TE DOU;POIS ENTÃO, PECADOR, CONSIDERA ESSE AMOR,VÊ JESUS",85504,pps,1180115462.0,duplicado-antigo,CC/195,numero
Cantor Cristão/151 a 200/196 - Conta-me.pps,CC,196,"CONTA-ME A HISTÓRIA DE CRISTO;GRAVA-A NO MEU CORAÇÃO;CONTA-ME A HISTÓRIA PRECIOSA,POIS ELE DÁ SALVAÇÃO.CONTA QUE OS ANJO",103424,pps,1180129384.0,duplicado-antigo,CC/196,numero
Cantor Cristão/151 a 200/197 - Inabalável.pps,CC,197,A CRUZ AINDA FIRME ESTÁ; ALELUIA! ALELUIA!E PARA SEMPRE FICARÁ; ALELUIA! ALELUIA!POIS O INFERNO TRABALHOU; SATANÁS RANCO,93696,pps,1180144764.0,duplicado-antigo,CC/197,numero
Cantor Cristão/151 a 200/198 - Aleluia.pps,CC,198,A MENSAGEM DO SENHOR; ALELUIA!É CHEIA DE PERDÃO E AMOR!CRISTO SALVA O PECADOR; ALELUIA!SALVA ATÉ POR MEIO DE UM OLHAR!,115712,pps,1180145628.0,duplicado-antigo,CC/198,numero
Cantor Cristão/151 a 200/199 - Cordeiro Divino.pps,CC,199,"SACRIFÍCIOS IMOLADOSSOBRE O SANGUINOSO ALTARNÃO TIRAVAM OS PECADOS;NÃO PODIAM EXPIARNOSSAS CULPAS, NOSSAS CULPAS,NEM REM",100864,pps,1180146008.0,duplicado-antigo,CC/199,numero
Cantor Cristão/151 a 200/200 - A Vinda de Jesus.pps,CC,200,"CRISTO, MEU SALVADOR, VEIO A BELÉM,PARA SOFRER ZOMBARIA E DESDÉM.VEIO POR CAUSA DO AMOR QUE ME TEM,A PROCURAR-ME A MIM!",95744,pps,1180146332.0,duplicado-antigo,CC/200,numero
Cantor Cristão/160 -.pptx,CC,160,160 - “A FÉ CONTEMPLADA”,235858,pptx,1427661864.0,duplicado-antigo,CC/160,numero
Cantor Cristão/201 a 250/201 - O Novo Nascimento.pps,CC,201,"UM RICO, DE NOITE, CHEGOU A JESUSA FIM DE SABER O CAMINHO DA LUZ;O MESTRE BEM CLARO LHE FÊZ ENTENDER:IMPORTA RENASCER!",102400,pps,1180147520.0,duplicado-antigo,CC/201,numero
Cantor Cristão/201 a 250/202 - Jesus Tem Poder.pps,CC,202,"JESUS TEM O PODER DE AS CULPAS PERDOARA QUEM, ARREPENDIDO, A DEUS, COM FÉ SE CONFESSAR.JESUS TEM O PODER, OH! GRAÇAS AO ",114176,pps,1180148028.0,duplicado-antigo,CC/202,numero
Cantor Cristão/201 a 250/203 - Olha para Cristo.pps,CC,203,"OLHA PARA CRISTO, OLHA PECADOR,POIS POR TI TRAGOU O CÁLIX DE AMARGOR;TODA A TUA CULPA CRISTO JÁ PAGOU,TODO O TEU PECADO ",103936,pps,1180148294.0,duplicado-antigo,CC/203,numero
Cantor Cristão/201 a 250/204 - Reconciliai-vos.pps,CC,204,"EIS A ORDEM DOS CÉUS, DO NOSSO DEUS E PAI:TODO PECADOR VENHA AO SALVADOR!POIS NÃO QUER QUE NINGUÉM SE PERCA!OH! ESCUTAI!",107008,pps,1180148764.0,duplicado-antigo,CC/204,numero
Cantor Cristão/201 a 250/205 - Jesus Crucificado.pps,CC,205,"Ó MINHA ALMA, SEM DEMORA ERGUE-TE PARA ENTOAROS LOUVORES DO TEU CRISTO E SEU NOME CELEBRAR!PRA REMIR-TE SUA VIDA TE QUIS",100352,pps,1180149290.0,duplicado-antigo,CC/205,numero
Cantor Cristão/201 a 250/206 - Promessa Gloriosa.pps,CC,206,"VITÓRIA COMO A DE JESUS,NINGUÉM JAMAIS OUVIU,MORRENDO NUMA IGNÓBIL CRUZA PAZ NOS CONSEGUIU!",121344,pps,1180149798.0,duplicado-antigo,CC/206,numero
Cantor Cristão/201 a 250/207 - Mensagem Real.pptx,CC,207,CC - 207,180284,pptx,1434828876.0,duplicado-antigo,CC/207,numero
Cantor Cristão/201 a 250/208 - Justificação.pps,CC,208,"DAS ÁGUAS DA VIDA QUEM QUEIRA BEBER,BEM ARREPENDIDO NO SALVADOR CRER,DA PENA DA MORTE  LIBERTO SERÁ,POIS CRISTO A SEU PO",73216,pps,1141507986.0,duplicado-antigo,CC/208,numero
Cantor Cristão/201 a 250/209 - Venham Escutar.pps,CC,209,"DESPREZADO FOI O VERBO POR AQUELES QUE CRIOU,NÃO OBSTANTE,                          AS NOSSAS DORES                     ",89600,pps,1141508350.0,duplicado-antigo,CC/209,numero
Cantor Cristão/201 a 250/210 - Cristo Te Chama.pps,CC,210,"CRISTO TE CHAMA COMMUI TERNO AMOR;Ó PECADOR, VEM ATENDER!DELE NÃO FUJAS COM FÚTIL TEMOR;VEM A JESUS TE RENDER!",81408,pps,1141508726.0,duplicado-antigo,CC/210,numero
Cantor Cristão/201 a 250/211 - Vem Pecador.pps,CC,211,"EIS, CRISTO TE CONVIDA: VEM PECADOR!POIS DÁ ETERNA VIDA;VEM PECADOR!TUDO É TÃO FAVORÁVEL; VEM PECADOR!CRISTO É TÃO ADMIR",64512,pps,1141508838.0,duplicado-antigo,CC/211,numero
Cantor Cristão/201 a 250/212 - Oh!Vinde Já.pps,CC,212,"JESUS VOS DIZ: OH! VINDE JÁ A MIM E DESCANSAI!EU AMO-VOS, EU SOU JESUS; NO MESTRE CONFIAI!NO MESTRE CONFIAI!            ",76800,pps,1141509088.0,duplicado-antigo,CC/212,numero
Cantor Cristão/201 a 250/213 - Quem Quiser.pps,CC,213,"QUEM OUVIR AS NOVAS,    VÁ PROCLAMAR:SALVAÇÃO DE GRAÇA, VINDE DESFRUTAR!OH! QUE O MUNDO INTEIRO OUÇA ANUNCIAR:TODO O QUE",76800,pps,1141509282.0,duplicado-antigo,CC/213,numero
Cantor Cristão/201 a 250/214 - Cristo Chama por Ti.pps,CC,214,"CRISTO JESUS,                       COM AMOR DIVINAL,CHAMA POR TI;                         QUE AMOR SEM IGUAL!ELE TE DÁ ",70144,pps,1141509550.0,duplicado-antigo,CC/214,numero
Cantor Cristão/201 a 250/215 - Fonte Bendita.pps,CC,215,"OH! VINDE                                À FONTE DE SANGUE,VINDE, SIM, VINDE A JESUS!PAZ E PERDÃO                       ",77824,pps,1141509822.0,duplicado-antigo,CC/215,numero
Cantor Cristão/201 a 250/216 - Descanso em Jesus.pps,CC,216,"""VEM, VEM A MIM, SE CANSADO ESTÁS,""DIZ O FILHO DO             SANTO DEUS;""COM FÉ VEM A MIM E DESFRUTARÁSO DESCANSO QUE  ",77312,pps,1141509996.0,duplicado-antigo,CC/216,numero
Cantor Cristão/201 a 250/217 - Segue-me.pps,CC,217,"ESCUTA A VOZ DO                   BOM JESUS:SEGUE-ME, VEM, SEGUE-ME.GUIAR-TE-EI À ETERNA LUZ;SEGUE-ME, VEM, SEGUE-ME.POR",75776,pps,1141510222.0,duplicado-antigo,CC/217,numero
Cantor Cristão/201 a 250/218 - Vinde a Mim.pps,CC,218,1/8,1255936,pps,1141510524.0,duplicado-antigo,CC/218,numero
Cantor Cristão/201 a 250/219 - Vem Já.pps,CC,219,1/8,1255424,pps,1141510690.0,duplicado-antigo,CC/219,numero
Cantor Cristão/201 a 250/220 - Perdão e Salvação.pps,CC,220,1/8,1255424,pps,1141510920.0,duplicado-antigo,CC/220,numero
Cantor Cristão/201 a 250/221 - Convite.pps,CC,221,1/6,1252864,pps,1141511120.0,duplicado-antigo,CC/221,numero
Cantor Cristão/201 a 250/222 - Manso e Suave.pps,CC,222,"MANSO E SUAVE JESUS,",88064,pps,1142196764.0,duplicado-antigo,CC/222,numero
Cantor Cristão/201 a 250/223 - Abrigo.pps,CC,223,1/8,1255424,pps,1141511350.0,duplicado-antigo,CC/223,numero
Cantor Cristão/201 a 250/224 - Um Passo Só.pps,CC,224,1/14,1263104,pps,1141511524.0,duplicado-antigo,CC/224,numero
Cantor Cristão/201 a 250/225 - Voz de Ternura.pps,CC,225,1/6,1252864,pps,1141511640.0,duplicado-antigo,CC/225,numero
Cantor Cristão/201 a 250/226 - Dá teu Coração.pps,CC,226,1/10,1260544,pps,1141511956.0,duplicado-antigo,CC/226,numero
Cantor Cristão/201 a 250/227 - Despertado Coração.pps,CC,227,1/8,1255424,pps,1141512536.0,duplicado-antigo,CC/227,numero
Cantor Cristão/201 a 250/228 - Ouvi a Chamada.pps,CC,228,1/6,1252864,pps,1141583744.0,duplicado-antigo,CC/228,numero
Cantor Cristão/201 a 250/229 - Régio Hóspede.pps,CC,229,1/6,1252864,pps,1141512910.0,duplicado-antigo,CC/229,numero
Cantor Cristão/201 a 250/230 - Deus Chamando.pps,CC,230,1/8,1256448,pps,1141513044.0,duplicado-antigo,CC/230,numero
"Cantor Cristão/201 a 250/231 - Vem, Filho, Vem.pps",CC,231,1/8,1255424,pps,1141945368.0,duplicado-antigo,CC/231,numero
Cantor Cristão/201 a 250/232 - Cristo à Porta.pps,CC,232,1/8,1255424,pps,1141945588.0,duplicado-antigo,CC/232,numero
Cantor Cristão/201 a 250/233 - Por Que Não Já.pps,CC,233,1/6,1252864,pps,1141945738.0,duplicado-antigo,CC/233,numero
Cantor Cristão/201 a 250/234 - Cristo Salva.pps,CC,234,"CRISTO SALVA O PECADOR,",82432,pps,1142196788.0,duplicado-antigo,CC/234,numero
Cantor Cristão/201 a 250/235 - Chamada.pps,CC,235,"CRISTO TE CHAMA, CHAMA, CHAMADAS DENSAS TREVAS, Ó PECADOR!ELE TE SALVA, SALVA, SALVA;VEM SEM DEMORA A JESUS, REDENTOR.",107520,pps,1180185048.0,duplicado-antigo,CC/235,numero
Cantor Cristão/201 a 250/236 - Atribulado Coração.pps.pptx,CC,236,ATRIBULADO CORAÇÃO,183484,pptx,1419804786.0,duplicado-antigo,CC/236,numero
Cantor Cristão/201 a 250/237 - Tão Perto.pps,CC,237,"TÃO PERTO DO REINO, MAS SEM SALVAÇÃO!TÃO PERTO, PORÉM SEM JESUS, SEM PERDÃO!DEIXAI OS PECADOS E O VOSSO TEMOR!CHEGAI-VOS",97280,pps,1180185396.0,duplicado-antigo,CC/237,numero
Cantor Cristão/201 a 250/238 - Água da Vida.pps,CC,238,"A ÁGUA DA VIDA JESUS NOS DÁ, FRANCA E LIVREMENTE!QUEM BEBER DELA NÃO MORRERÁ, NUNCA, NUNCA, NUNCA!Ó PECADORES, SEM EXCEÇ",125952,pps,1180187018.0,duplicado-antigo,CC/238,numero
Cantor Cristão/201 a 250/239 - A Luz do Céu.pps,CC,239,TU ANSEIAS HOJE MESMO,84992,pps,1142196872.0,duplicado-antigo,CC/239,numero
Cantor Cristão/201 a 250/240 - Vem a Cristo.pps,CC,240,1/8,83968,pps,1145716094.0,duplicado-antigo,CC/240,numero
Cantor Cristão/201 a 250/241 - Palavra Abençoada.pps,CC,241,1/8,83968,pps,1145716168.0,duplicado-antigo,CC/241,numero
Cantor Cristão/201 a 250/242 - Vinde Já.pps,CC,242,1/5,79872,pps,1145716254.0,duplicado-antigo,CC/242,numero
Cantor Cristão/201 a 250/243 - Vida Eterna.pps,CC,243,1/8,86016,pps,1145716330.0,duplicado-antigo,CC/243,numero
Cantor Cristão/201 a 250/244 - Graça Admirável.pps,CC,244,1/4,79360,pps,1145716488.0,duplicado-antigo,CC/244,numero
Cantor Cristão/201 a 250/245 - Cristo Vai Passar.pps,CC,245,HÁ HOJE ALGUÉM,82944,pps,1142196898.0,duplicado-antigo,CC/245,numero
Cantor Cristão/201 a 250/246 - Vem Agora.pps,CC,246,"VEM A CRISTO, VEM AGORA.",128512,pps,1180188402.0,duplicado-antigo,CC/246,numero
"Cantor Cristão/201 a 250/247 - Vem, Filho Perdido.pps",CC,247,"VEM, FILHO PERDIDO, Ó PRÓDIGO VEM!RUÍNA TE ESPERA NAS TREVAS ALÉM.TU, DE MEDO TREMENDOE DE FOME GEMENDO.",133120,pps,1180189320.0,duplicado-antigo,CC/247,numero
Cantor Cristão/201 a 250/248 - O Filho Pródigo.pps,CC,248,"IDE MEU FILHO PROCURAR,JÁ PRESTES A PERECERNO MEIO DOS MALES, NO PECAR,SUA ALMA A SE CORROMPER.",118784,pps,1180189802.0,duplicado-antigo,CC/248,numero
Cantor Cristão/201 a 250/249 - Banquete de Belsazar.pps,CC,249,"NUMA ORGIA NEFANDA O REBELDE BELSAZAR,COM OS GRANDES DO SEU REINO,TODOS ELES A FOLGAR;COM ESPANTO PARARAMQUANDO O REI ES",115712,pps,1180191350.0,duplicado-antigo,CC/249,numero
Cantor Cristão/201 a 250/250 - Quase Induzido .pps,CC,250,1/3,1249280,pps,1141945862.0,duplicado-antigo,CC/250,numero
Cantor Cristão/251 a 300/251 - Quase Achegado.pps,CC,251,1/3,1249280,pps,1141946046.0,duplicado-antigo,CC/251,numero
Cantor Cristão/251 a 300/252 - A Porta Franca.pps,CC,252,1/6,1253376,pps,1141946302.0,duplicado-antigo,CC/252,numero
Cantor Cristão/251 a 300/253 - Não Havia Lugar.pps,CC,253,1/6,1256448,pps,1141946536.0,duplicado-antigo,CC/253,numero
Cantor Cristão/251 a 300/254 - Não Venhas Tarde.pps,CC,254,1/8,1253376,pps,1141946720.0,duplicado-antigo,CC/254,numero
Cantor Cristão/251 a 300/255 - Qual è Teu Refúgio.pps,CC,255,1/8,1253888,pps,1144322290.0,duplicado-antigo,CC/255,numero
Cantor Cristão/251 a 300/256 - Inda Há Lugar.pps,CC,256,1/10,1258496,pps,1144322834.0,duplicado-antigo,CC/256,numero
Cantor Cristão/251 a 300/257 - Quem É Que Vai.pps,CC,257,1/8,1251328,pps,1144405596.0,duplicado-antigo,CC/257,numero
Cantor Cristão/251 a 300/258 - Chora Agora.pps,CC,258,"PECADOR, CONFESSA E CHORATEUS PECADOS, SEM TARDAR;OLHA BEM QUE O TEMPO FOGE,É PERIGO DEMORAR.LOUCO ESTÁS SE NÃO TE EMEND",96256,pps,1180220930.0,duplicado-antigo,CC/258,numero
Cantor Cristão/251 a 300/259 - A Última Hora.pps,CC,259,AO FINDAR O LABOR,88064,pps,1142196944.0,duplicado-antigo,CC/259,numero
Cantor Cristão/251 a 300/260 - Agora.pps,CC,260,1/3,77824,pps,1145716578.0,duplicado-antigo,CC/260,numero
Cantor Cristão/251 a 300/261 - Alma Ansiosa.pps,CC,261,1/5,82432,pps,1145716994.0,duplicado-antigo,CC/261,numero
Cantor Cristão/251 a 300/262 - Contrição.pps,CC,262,1/1,74752,pps,1145717258.0,duplicado-antigo,CC/262,numero
Cantor Cristão/251 a 300/263 - Luz Divina.pps,CC,263,1/8,83456,pps,1145717426.0,duplicado-antigo,CC/263,numero
Cantor Cristão/251 a 300/264 - Das Trevas.pps,CC,264,1/6,83456,pps,1145717606.0,duplicado-antigo,CC/264,numero
Cantor Cristão/251 a 300/265 - Resgate.pps,CC,265,1/4,79360,pps,1145717788.0,duplicado-antigo,CC/265,numero
Cantor Cristão/251 a 300/266 - Tal Qual Estou.pps,CC,266,"TAL QUAL ESTOU,",82432,pps,1142196986.0,duplicado-antigo,CC/266,numero
Cantor Cristão/251 a 300/267 - Salvação pela Fé.pps,CC,267,1/1,74752,pps,1145717848.0,duplicado-antigo,CC/267,numero
Cantor Cristão/251 a 300/268 - Como Estou.pps,CC,268,1/10,86016,pps,1145718122.0,duplicado-antigo,CC/268,numero
Cantor Cristão/251 a 300/269 - Confissão.pps,CC,269,1/6,81408,pps,1145718690.0,duplicado-antigo,CC/269,numero
Cantor Cristão/251 a 300/270 - Resolução.pps,CC,270,1/8,85504,pps,1145718806.0,duplicado-antigo,CC/270,numero
Cantor Cristão/251 a 300/271 - Substituição.pps,CC,271,1/6,81408,pps,1145718952.0,duplicado-antigo,CC/271,numero
Cantor Cristão/251 a 300/272 - Só um Passo.pps,CC,272,1/8,83968,pps,1145719114.0,duplicado-antigo,CC/272,numero
Cantor Cristão/251 a 300/273 - Salvador Benigno.pps,CC,273,1/8,83456,pps,1145719220.0,duplicado-antigo,CC/273,numero
Cantor Cristão/251 a 300/274 - Coro Santo.pps,CC,274,OH! QUE BELOS HINOS,82944,pps,1142197010.0,duplicado-antigo,CC/274,numero
Cantor Cristão/251 a 300/275 - Contentamento.pps,CC,275,1/3,77824,pps,1145719310.0,duplicado-antigo,CC/275,numero
Cantor Cristão/251 a 300/276 - Coro Celeste.pps,CC,276,1/8,83968,pps,1145719434.0,duplicado-antigo,CC/276,numero
Cantor Cristão/251 a 300/277 - Convencido.pps,CC,277,1/4,78848,pps,1145719510.0,duplicado-antigo,CC/277,numero
Cantor Cristão/251 a 300/278 - Cantai.pps,CC,278,1/8,85504,pps,1145719606.0,duplicado-antigo,CC/278,numero
Cantor Cristão/251 a 300/279 - A Doce Luz.pps,CC,279,EU NAS TREVAS VAGUEAVA,87552,pps,1142197042.0,duplicado-antigo,CC/279,numero
Cantor Cristão/251 a 300/280 - Fiquei Curado.pps,CC,280,1/3,79872,pps,1145719654.0,duplicado-antigo,CC/280,numero
Cantor Cristão/251 a 300/281 - Achei Fonte Carmesim.pps,CC,281,1/6,80896,pps,1145719756.0,duplicado-antigo,CC/281,numero
Cantor Cristão/251 a 300/282 - Maravilha.pps,CC,282,1/4,80896,pps,1145719850.0,duplicado-antigo,CC/282,numero
Cantor Cristão/251 a 300/283 - Mais Perto.pps,CC,283,1/4,78848,pps,1145719918.0,duplicado-antigo,CC/283,numero
Cantor Cristão/251 a 300/284 - Companhia Divina.pps,CC,284,1/3,77824,pps,1145719988.0,duplicado-antigo,CC/284,numero
Cantor Cristão/251 a 300/285 - O Alvo Supremo.pps,CC,285,1/8,86016,pps,1145720084.0,duplicado-antigo,CC/285,numero
Cantor Cristão/251 a 300/286 - Junto a Ti.pps,CC,286,"MINHA POSSESSÃO ETERNA,",87040,pps,1142197072.0,duplicado-antigo,CC/286,numero
Cantor Cristão/251 a 300/287 - Com Jesus.pps,CC,287,1/3,77824,pps,1145720276.0,duplicado-antigo,CC/287,numero
Cantor Cristão/251 a 300/288 - Perto do Senhor.pps,CC,288,1/4,79360,pps,1145720550.0,duplicado-antigo,CC/288,numero
Cantor Cristão/251 a 300/289 - Ao Pé da Cruz.pps,CC,289,1/8,85504,pps,1145720630.0,duplicado-antigo,CC/289,numero
"Cantor Cristão/251 a 300/290 - Cristo, Meu Mestre.pps",CC,290,1/6,81408,pps,1145720686.0,duplicado-antigo,CC/290,numero
Cantor Cristão/251 a 300/291 - Comunhão Celeste.pps,CC,291,1/5,80384,pps,1145720748.0,duplicado-antigo,CC/291,numero
Cantor Cristão/251 a 300/292 - Perto de Jesus.pps,CC,292,"MEU SENHOR, SOU TEU,",82944,pps,1142197098.0,duplicado-antigo,CC/292,numero
Cantor Cristão/251 a 300/293 - Desejos Espirituais.pps,CC,293,"EM MIM VEM HABITAR,",80384,pps,1142197126.0,duplicado-antigo,CC/293,numero
Cantor Cristão/251 a 300/294 - Necessitado.pps,CC,294,1/6,80896,pps,1145720862.0,duplicado-antigo,CC/294,numero
Cantor Cristão/251 a 300/295 - TUDO ENTREGAREI.pptx,CC,295,1/10,113309,pptx,1451858442.0,duplicado-antigo,CC/295,numero
Cantor Cristão/251 a 300/295 - Tudo Entregarei.pps,CC,295,1/10,80896,pps,1142121122.0,duplicado-antigo,CC/295,numero
Cantor Cristão/251 a 300/296 - Consagração.pps,CC,296,296 - “CONSAGRAÇÃO”,88064,pps,1151157696.0,duplicado-antigo,CC/296,numero
Cantor Cristão/251 a 300/297 - Súplica.pps,CC,297,1/4,79360,pps,1145720976.0,duplicado-antigo,CC/297,numero
Cantor Cristão/251 a 300/298 - Estou Pronto.pps,CC,298,1/6,83968,pps,1145721208.0,duplicado-antigo,CC/298,numero
Cantor Cristão/251 a 300/299 - Onde Quer Que Seja.pps,CC,299,1/6,81408,pps,1145721310.0,duplicado-antigo,CC/299,numero
Cantor Cristão/251 a 300/300 - Tudo Por Cristo.pps,CC,300,DO SALVADOR BENDITO,87040,pps,1145651160.0,duplicado-antigo,CC/300,numero
Cantor Cristão/301 a 350/301 - Crer e Observar.pps,CC,301,"EM JESUS CONFIAR,",84992,pps,1142197178.0,duplicado-antigo,CC/301,numero
Cantor Cristão/301 a 350/302 - Como a Neve.pps,CC,302,"BOM JESUS, ÉS TODO MEU,EU TAMBÉM SOU TODO TEU.DÁ-ME GRAÇA PARA SERTODO TEU ATÉ MORRER.",103936,pps,1180192918.0,duplicado-antigo,CC/302,numero
Cantor Cristão/301 a 350/303 - Amor a Jesus.pps,CC,303,"JESUS, SEMPRE TE AMO",81408,pps,1142197216.0,duplicado-antigo,CC/303,numero
Cantor Cristão/301 a 350/304 - Um Vaso de Bênção.pps,CC,304,"QUERO SER UM VASO DE BÊNÇÃO,",88064,pps,1780178953.0,candidato,CC/304,numero
Cantor Cristão/301 a 350/305 - Consagrar Tudo.pps,CC,305,305 - “CONSAGRAR TUDO”,80896,pps,1146269172.0,duplicado-antigo,CC/305,numero
Cantor Cristão/301 a 350/306 - O Caminho da Cruz.pps,CC,306,FOI JESUS QUE ABRIU O,82944,pps,1142197280.0,duplicado-antigo,CC/306,numero
Cantor Cristão/301 a 350/307 - Reconhecimento.pps,CC,307,NÃO SOU MEU!,85504,pps,1142197308.0,duplicado-antigo,CC/307,numero
"Cantor Cristão/301 a 350/308 - Para Onde For, Irei.pps",CC,308,1/8,2422272,pps,1160174648.0,duplicado-antigo,CC/308,numero
Cantor Cristão/301 a 350/309 - Consagrando-nos.pps,CC,309,1/6,1252864,pps,1144406110.0,duplicado-antigo,CC/309,numero
Cantor Cristão/301 a 350/310 - Em Teus Braços.pps,CC,310,1/6,1253376,pps,1144406242.0,duplicado-antigo,CC/310,numero
Cantor Cristão/301 a 350/311 - Confiança.pps,CC,311,1/1,57856,pps,1144406706.0,duplicado-antigo,CC/311,numero
Cantor Cristão/301 a 350/312 - Amparo.pps,CC,312,1/8,1255424,pps,1144406914.0,duplicado-antigo,CC/312,numero
Cantor Cristão/301 a 350/313 - Proteção Divina.pps,CC,313,1/4,1249792,pps,1145122324.0,duplicado-antigo,CC/313,numero
Cantor Cristão/301 a 350/314 - Estou Seguro.pps,CC,314,QUE CONSOLAÇÃO TEM,84992,pps,1142197330.0,duplicado-antigo,CC/314,numero
Cantor Cristão/301 a 350/315 - Meu Clamor.pps,CC,315,1/3,1248768,pps,1145122418.0,duplicado-antigo,CC/315,numero
Cantor Cristão/301 a 350/316 - Deus É por Mim.pps,CC,316,1/8,1254912,pps,1145122620.0,duplicado-antigo,CC/316,numero
Cantor Cristão/301 a 350/317 - Abrigo.pps,CC,317,1/6,1252352,pps,1145122526.0,duplicado-antigo,CC/317,numero
Cantor Cristão/301 a 350/318 - Deus Me Esconde.pps,CC,318,1/8,1254912,pps,1145122832.0,duplicado-antigo,CC/318,numero
Cantor Cristão/301 a 350/319 - Abrigo Perfeito.pps,CC,319,1/8,1254912,pps,1145123024.0,duplicado-antigo,CC/319,numero
Cantor Cristão/301 a 350/320 - Abrigo Feliz.pps,CC,320,1/8,1254912,pps,1145123178.0,duplicado-antigo,CC/320,numero
Cantor Cristão/301 a 350/321 - Abrigo Seguro.pps,CC,321,1/3,1248768,pps,1145123268.0,duplicado-antigo,CC/321,numero
Cantor Cristão/301 a 350/322 - Cristo Valerá.pps,CC,322,"OSCILANDO MINHA FÉ,",82432,pps,1142197354.0,duplicado-antigo,CC/322,numero
Cantor Cristão/301 a 350/323 - Castelo Forte.pps,CC,323,"CASTELO FORTE É NOSSO DEUS,",80896,pps,1142197380.0,duplicado-antigo,CC/323,numero
Cantor Cristão/301 a 350/324 - Refúgio Verdadeiro.pps,CC,324,1/6,1253376,pps,1145295072.0,duplicado-antigo,CC/324,numero
Cantor Cristão/301 a 350/325 - Naufrágio.pps,CC,325,1/8,1254912,pps,1145123560.0,duplicado-antigo,CC/325,numero
Cantor Cristão/301 a 350/326 - Refúgio.pps,CC,326,"MEU DIVINO PROTETOR,QUERO EM TI ME REFUGIAR;POIS AS ONDAS DE TERRORAMEAÇAM ME TRAGAR!QUASE ESTOU A PERECER!DÁ-ME A TUA P",117760,pps,1180195500.0,duplicado-antigo,CC/326,numero
Cantor Cristão/301 a 350/327 - O Piloto.pps,CC,327,"GUIA, CRISTO, MINHA NAUSOBRE O REVOLTOSO MAR,TÃO ENFURECIDO E MAU,QUER FAZÊ-LA NAUFRAGAR.VEM JESUS, OH! VEM GUIAR,MINHA ",94208,pps,1180195840.0,duplicado-antigo,CC/327,numero
Cantor Cristão/301 a 350/328 - SOSSEGAI.pptx,CC,328,"O MESTRE! O MAR SE REVOLTA,",180137,pptx,1416683821.0,duplicado-antigo,CC/328,numero
Cantor Cristão/301 a 350/328 - Sossegai.pps,CC,328,"O MESTRE! O MAR SE REVOLTA,",85504,pps,1142197408.0,duplicado-antigo,CC/328,numero
Cantor Cristão/301 a 350/329 - Conta as Bênçãos.pps,CC,329,SE DA VIDA AS VAGAS,88576,pps,1151863678.0,duplicado-antigo,CC/329,numero
Cantor Cristão/301 a 350/330 - O Segredo do Viver.pps,CC,330,"QUANDO NOS CERCAR O MAL,AO RUGIR O TEMPORAL,EM JESUS É CONFIAR,NUNCA PODERÁ FALHAR.",101376,pps,1180196528.0,duplicado-antigo,CC/330,numero
Cantor Cristão/301 a 350/331 - Glória no Povir.pps,CC,331,"TEMOS SOMBRAS NESTE VALE,EM QUE ESTAMOS A PASSAR;MAS DAS ÁGUAS CRISTALINASJÁ SE VÊ O MARULHAR.EIS QUE O BOM PASTOR SEGRE",117760,pps,1180196950.0,duplicado-antigo,CC/331,numero
Cantor Cristão/301 a 350/332 - Meu Senhor de Tudo Sabe.pps,CC,332,MEU SENHOR DE TUDO,82944,pps,1142197468.0,duplicado-antigo,CC/332,numero
Cantor Cristão/301 a 350/333 - Deus É Sabedor.pps,CC,333,"EU SEI QUE DEUS É SABEDORDO MEU SOFRER, DA MINHA DOR;MAS SEI TAMBÉM QUE O MEU PENAREM GOZO PODE TRANSFORMAR.",115200,pps,1180219252.0,duplicado-antigo,CC/333,numero
Cantor Cristão/301 a 350/334 - Alívio.pps,CC,334,"VEM, ALMA CANSADA, TOMADA DE DOR,ENTREGA OS CUIDADOS NA MÃO DO SENHOR;A CRISTO CONFIA TEU GRANDE PESAR,POIS NELE DESCANS",109056,pps,1180220484.0,duplicado-antigo,CC/334,numero
Cantor Cristão/301 a 350/335 - O Gozo da Vida.pps,CC,335,"CRISTO AMADO,",85504,pps,1142197492.0,duplicado-antigo,CC/335,numero
Cantor Cristão/301 a 350/336 - Fonte de Consolação.pps,CC,336,"ALMA, QUE AFLITA ESTÁS, DEUS, PAI BONDOSO,EM COMPAIXÃO E AMOR, TEM O PODERDE TE LIVRAR DO MAL E DAR-TE GOZO,E SEM DEMORA",96256,pps,1180206574.0,duplicado-antigo,CC/336,numero
Cantor Cristão/301 a 350/337 - Nada de Desânimo.pps,CC,337,"QUERES DESANIMAR-TE? JÁ NÃO TENS TEU FERVOR?DE CORAÇÃO PESADO, NÃO CRÊS EM TEU SENHOR?POIS CRISTO É TEU AMIGO, TEU GUIA ",132608,pps,1180207758.0,duplicado-antigo,CC/337,numero
Cantor Cristão/301 a 350/338 - Redentor.pps,CC,338,"SEI QUE VIVE O REDENTOR,SEI QUE HÁ VIDA EM SEU FAVOR,QUE, SE AQUI NA CRUZ MORREU,REINA EM GLÓRIA LÁ NO CÉU.",107008,pps,1180208232.0,duplicado-antigo,CC/338,numero
Cantor Cristão/301 a 350/339 - Não Consintas.pps,CC,339,OH! NÃO CONSINTAS,82944,pps,1142197520.0,duplicado-antigo,CC/339,numero
Cantor Cristão/301 a 350/340 - Importará.pps,CC,340,IMPORTARÁ AO SENHOR JESUSQUE EU VIVA NO MUNDO A TERO MEU CORAÇÃO CHEIO DE AFLIÇÃO?SENTIRÁ MEU TRISTE VIVER?,130048,pps,1180208788.0,duplicado-antigo,CC/340,numero
Cantor Cristão/301 a 350/341 - Socorro Divino.pps,CC,341,"NO MEU VIVER É AJUDADORMEU PAI DOS CÉUS, MEU BOM SENHOR;A MINHA VIDA TODA VÊ,E QUER FAZER-ME BEM, EU SEI.",119808,pps,1180212342.0,duplicado-antigo,CC/341,numero
Cantor Cristão/301 a 350/342 - A Minha Cruz.pps,CC,342,A CRUZ QUE ME DEU JESUS CRISTOFORTALECE O MEU AMOR;AS DORES QUE SEMPRE ME FEREMNÃO ME APARTAM DO SENHOR.,121344,pps,1180212794.0,duplicado-antigo,CC/342,numero
Cantor Cristão/301 a 350/343 - Sempre Firme.pps,CC,343,"MINHA MORADA JESUS ASSEGURAPAZ E CONFORTO NA LUTA FEROZ;DÁ-ME TEU BRAÇO, TRANSPORTA-ME À ALTURAONDE ESCUTAR PODEREI TUA ",125440,pps,1180215856.0,duplicado-antigo,CC/343,numero
Cantor Cristão/301 a 350/344 - Deus Cuidará de Ti.pps,CC,344,"AFLITO E TRISTE CORAÇÃO,DEUS CUIDARÁ DE TI;POR TI OPERA A SUA MÃOQUE CUIDARÁ DE TI.",137728,pps,1180216456.0,duplicado-antigo,CC/344,numero
Cantor Cristão/301 a 350/345 - Contar a Jesus.pps,CC,345,A JESUS CRISTO,87552,pps,1142197572.0,duplicado-antigo,CC/345,numero
Cantor Cristão/301 a 350/346 - Meu Deus Proverá.pps,CC,346,"NA FORTE AFLIÇÃO, NOS PERIGOS E DOR,NA VIL TRAIÇÃO E NO NEGRO TERROR,COM TODA A CERTEZA VITÓRIA VIRÁ;É FIRME A PROMESSA:",122368,pps,1180217218.0,duplicado-antigo,CC/346,numero
Cantor Cristão/301 a 350/347 - O Coração em Paz.pps,CC,347,VINDO SOMBRAS ESCURAS,84992,pps,1142197598.0,duplicado-antigo,CC/347,numero
Cantor Cristão/301 a 350/348 - Confiando.pps,CC,348,"CONFIANDO EM MEU JESUS,DELE VÊM-ME PAZ E LUZ;QUANDO VEM A PROVAÇÃO,ELE DÁ-ME A SUA MÃO",136704,pps,1180217882.0,duplicado-antigo,CC/348,numero
Cantor Cristão/301 a 350/349 - Rica Promessa.pps,CC,349,"OH! COMO É GRANDE A DOCE PROMESSADO SALVADOR, JESUS, NOSSO REI!AO QUE CONFIA NA SUA GRAÇA ÊLE DIZ:“NUNCA TE DEIXAREI.”",130560,pps,1180218504.0,duplicado-antigo,CC/349,numero
Cantor Cristão/301 a 350/350 - Quero o Salvador.pps,CC,350,"QUERO O SALVADOR COMIGO,SÓ COM ELE EU POSSO ANDAR.QUERO CONHECÊ-LO PERTO,NO SEU BRAÇO DESCANSAR.",131584,pps,1180218950.0,duplicado-antigo,CC/350,numero
Cantor Cristão/323 - CASTELO FORTE.pptx,CC,323,CASTELO FORTE,176231,pptx,1433016237.0,duplicado-antigo,CC/323,numero
Cantor Cristão/351 a 400/351 - Direção Divina.pps,CC,351,"AS TUAS MÃOS DIRIGEM MEU DESTINO;Ó DEUS DE AMOR! QUE SEMPRE SEJA ASSIM!TEUS SÃO OS MEUS PODERES, MINHA VIDA;EM TUDO, ETE",91648,pps,1180350568.0,duplicado-antigo,CC/351,numero
Cantor Cristão/351 a 400/352 - Seguindo a Cristo .pps,CC,352,"SEMPRE, SEMPRE SEGUIREI A CRISTO;SEJA POR ONDE FOR, EU O SEGUIREI.SEMPRE, SEMPRE SEGUIREI A CRISTO;SEJA, POIS, POR ONDE ",90112,pps,1180350802.0,duplicado-antigo,CC/352,numero
Cantor Cristão/351 a 400/353 - Sou Pecador.pps,CC,353,"Ó DEUS, TU ME PROVASTE A MIM,NINGUÉM SE ESCONDERÁ DE TI;PREVÊS PARA ONDE QUERO ANDAR,CONHECES COMO VOU FALAR.",118784,pps,1180351414.0,duplicado-antigo,CC/353,numero
Cantor Cristão/351 a 400/354 - Cada Momento.pps,CC,354,SENDO REMIDO POR CRISTO,92160,pps,1164839470.0,duplicado-antigo,CC/354,numero
Cantor Cristão/351 a 400/355 - Luz Benigna.pps,CC,355,"NA ESCURIDÃO, OH! BRILHA, MEIGA LUZ!GUIAR-ME VEM! NA NEGRA NOITE BRILHAE ME CONDUZ: GUIAR-ME VEM!NÃO PEÇO LUZ A FIM DE L",92160,pps,1180352032.0,duplicado-antigo,CC/355,numero
Cantor Cristão/351 a 400/356 - Jesus Guia.pps,CC,356,"MEU JESUS ME GUIA SEMPRE.QUE MAIS POSSO DESEJAR?DUVIDAR DO MEU AMADO?DO MEU DEUS DESCONFIAR?PAZ PERFEITA, GOZO INFINDOTE",118784,pps,1180352694.0,duplicado-antigo,CC/356,numero
Cantor Cristão/351 a 400/357 - Guia-me.pps,CC,357,"GUIA-ME, MEU SALVADOR,SEMPRE ME CONDUZ, SENHOR;CERTO, FIRME E FORTE ESTOU,POIS, CONTIGO ANDANDO VOU.",119808,pps,1180353844.0,duplicado-antigo,CC/357,numero
Cantor Cristão/351 a 400/358 - Não Há Perigo.pps,CC,358,1/6,1257472,pps,1145295698.0,duplicado-antigo,CC/358,numero
Cantor Cristão/351 a 400/359 - Jesus Como Guia.pps,CC,359,"JESUS ME GUIA,",87552,pps,1142197646.0,duplicado-antigo,CC/359,numero
Cantor Cristão/351 a 400/360 - Companheiro.pps,CC,360,DE TEU CUIDADO TERNO ME,80896,pps,1142197676.0,duplicado-antigo,CC/360,numero
Cantor Cristão/351 a 400/361 - Por Mim.pps,CC,361,1/8,1254400,pps,1145295828.0,duplicado-antigo,CC/361,numero
Cantor Cristão/351 a 400/362 - Nunca Sozinho.pps,CC,362,362 - Nunca Sozinho,1256960,pps,1145297554.0,duplicado-antigo,CC/362,numero
Cantor Cristão/351 a 400/363 - Sê Tu Meu Guia.pps,CC,363,363 - Sê Tu Meu Guia,1249792,pps,1145298278.0,duplicado-antigo,CC/363,numero
Cantor Cristão/351 a 400/364 - Filhos de Deus.pps,CC,364,364 - Filhos de Deus,1254400,pps,1171213568.0,duplicado-antigo,CC/364,numero
Cantor Cristão/351 a 400/365 - Fé Persistente.pps,CC,365,365 – Fé Persistente,97280,pps,1145299704.0,duplicado-antigo,CC/365,numero
Cantor Cristão/351 a 400/366 - Firmeza.pps,CC,366,EM NADA PONHO A,84992,pps,1145651398.0,duplicado-antigo,CC/366,numero
Cantor Cristão/351 a 400/367 - Firme na Rocha.pps,CC,367,QUE ALICERCE TENDES PRA,82944,pps,1142197732.0,duplicado-antigo,CC/367,numero
Cantor Cristão/351 a 400/368 - Confiança.pps,CC,368,"SALVADOR BENDITO,",87552,pps,1142197756.0,duplicado-antigo,CC/368,numero
Cantor Cristão/351 a 400/369 - Só Jesus.pps,CC,369,"1.  QUEM TENHO EU NO CÉU, SENHOR?SÓ JESUS; SÓ JESUS.É SÓ JESUS MEU SALVADOR;SÓ JESUS; SÓ JESUS.ELE O LAGAR POR MIM PISOU",79872,pps,1145300324.0,duplicado-antigo,CC/369,numero
Cantor Cristão/351 a 400/370 - Crendo em Cristo.pps,CC,370,"1. MESTRE DIVINO, Ó JESUS,MEU SENHOR,EU CREIO EM TI,SIM, CREIO EM TI;FORÇA RECEBO,SUSTENTO E VIGORQUANDO, SENHOR, CREIO ",100864,pps,1145301090.0,duplicado-antigo,CC/370,numero
Cantor Cristão/351 a 400/371 - Rocha Eterna.pps,CC,371,371 - Rocha Eterna,94208,pps,1145301464.0,duplicado-antigo,CC/371,numero
Cantor Cristão/351 a 400/372 - Salvo Estou.pps,CC,372,372 - Salvo Estou,98304,pps,1145302046.0,duplicado-antigo,CC/372,numero
Cantor Cristão/351 a 400/373 - Certeza.pps,CC,373,373 - Certeza,94720,pps,1145302714.0,duplicado-antigo,CC/373,numero
Cantor Cristão/351 a 400/374 - Salvo.pps,CC,374,"SALVO POR JESUS CRISTO,",82944,pps,1146268554.0,duplicado-antigo,CC/374,numero
Cantor Cristão/351 a 400/375 - Segurança.pps,CC,375,"VIVO FELIZ,",176640,pps,1369607711.0,duplicado-antigo,CC/375,numero
Cantor Cristão/351 a 400/376 - Salvação Perfeita.pps,CC,376,376 - Salvação Perfeita,92672,pps,1145303412.0,duplicado-antigo,CC/376,numero
Cantor Cristão/351 a 400/377 - Não Sei Por Que.pps,CC,377,NÃO SEI POR QUE,84992,pps,1142197848.0,duplicado-antigo,CC/377,numero
Cantor Cristão/351 a 400/378 - Já Certo Estou.pps,CC,378,378 – Já Estou Certo,86528,pps,1145303926.0,duplicado-antigo,CC/378,numero
Cantor Cristão/351 a 400/379 - Laços Benditos.pps,CC,379,379 - Laços Benditos,79360,pps,1145304740.0,duplicado-antigo,CC/379,numero
Cantor Cristão/351 a 400/380 - Amor.pps,CC,380,QUAL O ADORNO DESTA,81920,pps,1142197872.0,duplicado-antigo,CC/380,numero
Cantor Cristão/351 a 400/381 - Amor Fraternal.pps,CC,381,"JESUS, PASTOR AMADO, CONTEMPLA-NOS AQUI;CONCEDE QUE SEJAMOS UM CORPO SÓ EM TI.CONTENDAS E MALÍCIAS QUE LONGE DE NÓS VÃO;",109568,pps,1180354378.0,duplicado-antigo,CC/381,numero
Cantor Cristão/351 a 400/382 - Vamos à Igreja.pps,CC,382,382 - “VAMOS À IGREJA”,88576,pps,1154222068.0,duplicado-antigo,CC/382,numero
Cantor Cristão/351 a 400/382 - Vamos à igreja.pptx,CC,382,382 - “VAMOS À IGREJA”,205553,pptx,1408892328.0,duplicado-antigo,CC/382,numero
Cantor Cristão/351 a 400/383 - Satisfação.pps,CC,383,383 - Satisfação,100864,pps,1145305544.0,duplicado-antigo,CC/383,numero
Cantor Cristão/351 a 400/384 - A Voz de Jesus.pps,CC,384,384 –A Voz de Jesus,63488,pps,1146267538.0,duplicado-antigo,CC/384,numero
Cantor Cristão/351 a 400/385 - Louvor.pps,CC,385,385 - “LOUVOR ”,66048,pps,1146268372.0,duplicado-antigo,CC/385,numero
"Cantor Cristão/351 a 400/386 - Cristo, Meu Deleite.pps",CC,386,1/6,80384,pps,1145709240.0,duplicado-antigo,CC/386,numero
Cantor Cristão/351 a 400/387 - Contentamento.pps,CC,387,1/6,80384,pps,1145709384.0,duplicado-antigo,CC/387,numero
Cantor Cristão/351 a 400/388 - O Homem Feliz.pps,CC,388,1/6,80896,pps,1145709708.0,duplicado-antigo,CC/388,numero
Cantor Cristão/351 a 400/389 - Ventura.pps,CC,389,1/6,80384,pps,1145709954.0,duplicado-antigo,CC/389,numero
Cantor Cristão/351 a 400/390 - Nada Falta.pps,CC,390,1/6,80384,pps,1145710150.0,duplicado-antigo,CC/390,numero
Cantor Cristão/351 a 400/391 - Estou Contente.pps,CC,391,1/8,91136,pps,1152389460.0,duplicado-antigo,CC/391,numero
Cantor Cristão/351 a 400/392 - Extraviado.pps,CC,392,1/6,80384,pps,1145710668.0,duplicado-antigo,CC/392,numero
Cantor Cristão/351 a 400/393 - Cristo pra Mim.pps,CC,393,1/8,82944,pps,1145710860.0,duplicado-antigo,CC/393,numero
Cantor Cristão/351 a 400/394 - Realidade.pps,CC,394,1/3,77824,pps,1145711050.0,duplicado-antigo,CC/394,numero
Cantor Cristão/351 a 400/395 - Cristo Satifaz.pps,CC,395,RIQUEZAS NÃO PRECISO,82944,pps,1685224366.0,duplicado-antigo,CC/395,numero
Cantor Cristão/351 a 400/396 - Cegueira e Vista.pptx,CC,396,396 - “CEGUEIRA E VISTA ”,202393,pptx,1408289195.0,duplicado-antigo,CC/396,numero
Cantor Cristão/351 a 400/397 - Achei Descanso.pps,CC,397,1/3,79872,pps,1145711336.0,duplicado-antigo,CC/397,numero
Cantor Cristão/351 a 400/398 - Sou Feliz.pps,CC,398,SE PAZ A MAIS DOCE ME,84992,pps,1142197946.0,duplicado-antigo,CC/398,numero
Cantor Cristão/351 a 400/399 - Cantarei de Cristo.pps,CC,399,1/8,82944,pps,1145711518.0,duplicado-antigo,CC/399,numero
Cantor Cristão/351 a 400/400 - Júbilo.pps,CC,400,"JESUS, SENHOR ALTÍSSIMO,",82944,pps,1142197966.0,duplicado-antigo,CC/400,numero
Cantor Cristão/375 - Segurança.pptx,CC,375,C.C. 375,179961,pptx,1426970765.0,duplicado-antigo,CC/375,numero
Cantor Cristão/398 - SOU FELIZ.pptx,CC,398,SOU FELIZ,183523,pptx,1433015651.0,duplicado-antigo,CC/398,numero
Cantor Cristão/401 a 450/401 - Eu Sou de Jesus.pps,CC,401,"MUI TRISTE EU ANDAVA,",84992,pps,1142197988.0,duplicado-antigo,CC/401,numero
Cantor Cristão/401 a 450/402 - Escrava Resgatada.pps,CC,402,1/8,82944,pps,1145711736.0,duplicado-antigo,CC/402,numero
Cantor Cristão/401 a 450/403 - Alegre.pps,CC,403,1/8,84480,pps,1145711938.0,duplicado-antigo,CC/403,numero
Cantor Cristão/401 a 450/404 - Substituição.pps,CC,404,1/5,79360,pps,1145712088.0,duplicado-antigo,CC/404,numero
Cantor Cristão/401 a 450/405 - Gôzo e Paz.pps,CC,405,"OH! EU SOU FELIZ, POIS JÁ CREIO EM MEU JESUS,QUE POR MIM MORREU, DEU-ME A VIDA E DEU-ME LUZ;SIM, EU SOU FELIZ, TENHO A P",102400,pps,1180377460.0,duplicado-antigo,CC/405,numero
Cantor Cristão/401 a 450/406 - Confiar em Cristo.pps,CC,406,QUE DELÍCIA É CRER,84992,pps,1142198012.0,duplicado-antigo,CC/406,numero
Cantor Cristão/401 a 450/407 - Ditoso Dia.pps,CC,407,DITOSO O DIA,84992,pps,1142198044.0,duplicado-antigo,CC/407,numero
Cantor Cristão/401 a 450/408 - Descanso Verdadeiro.pps,CC,408,1/4,78336,pps,1145712272.0,duplicado-antigo,CC/408,numero
Cantor Cristão/401 a 450/409 - Plena Paz.pps,CC,409,1/1,75264,pps,1145712352.0,duplicado-antigo,CC/409,numero
Cantor Cristão/401 a 450/410 - Felicidade no Serviço.pps,CC,410,NO SERVIÇO DO MEU REI,85504,pps,1142198068.0,duplicado-antigo,CC/410,numero
Cantor Cristão/401 a 450/411 - Dia Festivo.pps,CC,411,QUE ALEGRIA NESTE DIA,85504,pps,1142198090.0,duplicado-antigo,CC/411,numero
Cantor Cristão/401 a 450/412 - A Música dos Salvos.pps,CC,412,1/8,82944,pps,1145712652.0,duplicado-antigo,CC/412,numero
Cantor Cristão/401 a 450/413 - Lealdade.pps,CC,413,1/6,80896,pps,1145712794.0,duplicado-antigo,CC/413,numero
Cantor Cristão/401 a 450/414 - Acordai.pps,CC,414,1/9,86016,pps,1145713304.0,duplicado-antigo,CC/414,numero
Cantor Cristão/401 a 450/415 - Alerta.pps,CC,415,1/3,77312,pps,1145713496.0,duplicado-antigo,CC/415,numero
Cantor Cristão/401 a 450/416 - Filhos da Luz.pps,CC,416,"FILHOS DA LUZ, QUE",80896,pps,1142198118.0,duplicado-antigo,CC/416,numero
Cantor Cristão/401 a 450/417 - Brilha no Viver.pps,CC,417,NÃO SOMENTE PRA FAZER,82944,pps,1142198140.0,duplicado-antigo,CC/417,numero
Cantor Cristão/401 a 450/418 - Disposição de Trabalhar.pps,CC,418,1/8,82944,pps,1145713746.0,duplicado-antigo,CC/418,numero
Cantor Cristão/401 a 450/419 - Mãos ao Trabalho.pps,CC,419,1/3,77312,pps,1145713836.0,duplicado-antigo,CC/419,numero
Cantor Cristão/401 a 450/420 - Servir Alegremente.pps,CC,420,"AO MESTRE, ALEGREMENTE,",84992,pps,1142198170.0,duplicado-antigo,CC/420,numero
Cantor Cristão/401 a 450/421 - Conversão Cristã.pps,CC,421,421 - “CONVERSAÇÃO CRISTÃ”,75264,pps,1154297624.0,duplicado-antigo,CC/421,numero
Cantor Cristão/401 a 450/422 - Trabalho Cristão.pps,CC,422,422 - “TRABALHO CRISTÃO”,65024,pps,1146270362.0,duplicado-antigo,CC/422,numero
Cantor Cristão/401 a 450/423 - Oh! Buscai.pps,CC,423,423 - “OH! BUSCAI”,65024,pps,1146270874.0,duplicado-antigo,CC/423,numero
Cantor Cristão/401 a 450/424 - Vamos à Colheita.pps,CC,424,424 - “VAMOS À COLHEITA ”,82432,pps,1146272094.0,duplicado-antigo,CC/424,numero
Cantor Cristão/401 a 450/425 - Luz após Trevas.pps,CC,425,425 - “LUZ APÓS TREVAS”,59392,pps,1146272382.0,duplicado-antigo,CC/425,numero
Cantor Cristão/401 a 450/426 - Gratidão na Luta.pps,CC,426,426 - “GRATIDÃO NA LUTA”,76288,pps,1146272744.0,duplicado-antigo,CC/426,numero
Cantor Cristão/401 a 450/427 - Conquistar o Mundo.pps,CC,427,427 - “CONQUISTAR O MUNDO”,75264,pps,1146273018.0,duplicado-antigo,CC/427,numero
Cantor Cristão/401 a 450/428 - Luz nas Trevas.pps,CC,428,428 - “LUZ NAS TREVAS ”,86528,pps,1146273452.0,duplicado-antigo,CC/428,numero
Cantor Cristão/401 a 450/429 - Ceifando.pps,CC,429,429 - “CEIFANDO”,71680,pps,1146273540.0,duplicado-antigo,CC/429,numero
Cantor Cristão/401 a 450/430 - Em Cada Lugar.pps,CC,430,430 - “EM CADA LUGAR”,90624,pps,1146273674.0,duplicado-antigo,CC/430,numero
Cantor Cristão/401 a 450/431 - Acorde em Tempo.pps,CC,431,1/8,82432,pps,1145714068.0,duplicado-antigo,CC/431,numero
Cantor Cristão/401 a 450/432 - Avante com Deus.pps,CC,432,1/4,78848,pps,1145714214.0,duplicado-antigo,CC/432,numero
Cantor Cristão/401 a 450/433 - A Colheita Além.pps,CC,433,CAI A SEMENTE NO,85504,pps,1141395452.0,duplicado-antigo,CC/433,numero
Cantor Cristão/401 a 450/434 - Onde os Obreiros.pps,CC,434,OH! ONDE OS OBREIROS,83456,pps,1141395406.0,duplicado-antigo,CC/434,numero
Cantor Cristão/401 a 450/435 - Ainda Há Lugar.pps,CC,435,"OH! CONVIDAI-OS,",82944,pps,1141395992.0,duplicado-antigo,CC/435,numero
Cantor Cristão/401 a 450/436 - Dai-nos Luz.pps,CC,436,UMA VOZ RESSOA DE,87552,pps,1142198196.0,duplicado-antigo,CC/436,numero
Cantor Cristão/401 a 450/437 - As Boas-Novas.pps,CC,437,"POVO DE DEUS, CUMPRI O",90112,pps,1142198218.0,duplicado-antigo,CC/437,numero
Cantor Cristão/401 a 450/438 - Ouvindo Jesus.pps,CC,438,"DISSE JESUS: IDE POR  TODO O MUNDO E PREGAI O ETERNO DOM DA SALVAÇÃO, QUE COM AMOR PROFUNDO DÁ O DEUS GRACIOSO E BOM; TE",83456,pps,1142198240.0,duplicado-antigo,CC/438,numero
Cantor Cristão/401 a 450/439 - Oração pela Pátria.pps,CC,439,MINHA PÁTRIA PARA CRISTO!,80384,pps,1142198260.0,duplicado-antigo,CC/439,numero
Cantor Cristão/401 a 450/440 - A Pátria Feliz.pps,CC,440,A PÁTRIA PARA CRISTO!,79360,pps,1141401900.0,duplicado-antigo,CC/440,numero
Cantor Cristão/401 a 450/441 - Graça e Salvação.pps,CC,441,IDE A MENSAGEM AO MUNDO LEVAR: SALVAÇÃO DO SENHOR! CRISTO JESUS AOS PERDIDOS QUER DAR GRAÇA E SALVAÇÃO!VÊDE OS AFLITOS N,83456,pps,1141402544.0,duplicado-antigo,CC/441,numero
Cantor Cristão/401 a 450/442 - O Missionário.pps,CC,442,"DESDE UM A OUTRO PÓLO,",82944,pps,1142198282.0,duplicado-antigo,CC/442,numero
Cantor Cristão/401 a 450/443 - Eis os Milhões.pps,CC,443,"EIS OS MILHÕES, QUE,",85504,pps,1141403054.0,duplicado-antigo,CC/443,numero
Cantor Cristão/401 a 450/444 - Brasil.pps,CC,444,DO VASTO MATO GROSSO,81408,pps,1141403268.0,duplicado-antigo,CC/444,numero
Cantor Cristão/401 a 450/445 - Deves Divulgar.pps,CC,445,"OH! QUE BELA E DOCE HISTÓRIA DO BOM PAI CELESTIAL, QUE NOS VENDO EXTRAVIADOS, EM PERIGO SEM IGUAL,ENVIOU SEU FILHO AMADO",82944,pps,1141403816.0,duplicado-antigo,CC/445,numero
Cantor Cristão/401 a 450/446 - Avançai!.pps,CC,446,"CONFIANDO NO SENHOR, AVANÇAI! AVANÇAI!ESPERANDO EM SEU AMOR; AVANÇAI!A JESUS SEMPRE EXALTAI, SEU PODER ANUNCIAI,SUA GRAÇ",79360,pps,1141404228.0,duplicado-antigo,CC/446,numero
Cantor Cristão/401 a 450/447 - Nunca Ouvir de Cristo.pps,CC,447,NÃO TE IMPORTA SE ALGUM DOS AMIGOS MORRERSEM TER CONHECIMENTO,87552,pps,1141404902.0,duplicado-antigo,CC/447,numero
Cantor Cristão/401 a 450/448 - Ide.pps,CC,448,"CRISTO, DIVINO REI,",82944,pps,1141405280.0,duplicado-antigo,CC/448,numero
Cantor Cristão/401 a 450/449 - Ousados Proclamai.pps,CC,449,"OUSADOS, COM FIRMEZA, Ó CRENTES, PROCLAMAIAS NOVAS SALVADORAS DO AMOR DO ETERNO PAI,QUE PRA SALVAR REBELDES, SEU FILHO O",88576,pps,1142198310.0,duplicado-antigo,CC/449,numero
"Cantor Cristão/401 a 450/450 - Igreja, Alerta.pps",CC,450,"É TEMPO, É TEMPO, O MESTRE ESTÁ CHAMANDO JÁ!MARCHAR! MARCHAR! CONFIANDO EM SEU AMOR!PARTIR! PARTIR! A SALVAÇÃO A PROCLAM",86016,pps,1141406270.0,duplicado-antigo,CC/450,numero
"Cantor Cristão/401 a 450/450 - Igreja, Alerta.pptx",CC,450,"É TEMPO, É TEMPO, O MESTRE ESTÁ CHAMANDO JÁ!MARCHAR! MARCHAR! CONFIANDO EM SEU AMOR!PARTIR! PARTIR! A SALVAÇÃO A PROCLAM",210120,pptx,1408920176.0,duplicado-antigo,CC/450,numero
Cantor Cristão/451 a 500/451 - Os Que Confiam.pps,CC,451,"CEIFEIROS DA SEARA SANTASOIS, POUCOS, DÉBEIS SOIS;PORÉM, É FORTE VOSSO MESTRE;AVANTE! AVANTE, POIS!",82944,pps,1142198396.0,duplicado-antigo,CC/451,numero
Cantor Cristão/451 a 500/452 - Decisão.pps,CC,452,QUEM ESTÁ AO LADO,85504,pps,1141406726.0,duplicado-antigo,CC/452,numero
Cantor Cristão/451 a 500/453 - À Peleja.pps,CC,453,"SOIS VÓS, IRMÃOS, CAMPEÕES DA CRUZ?PARA A CAMPANHA",82944,pps,1141407044.0,duplicado-antigo,CC/453,numero
Cantor Cristão/451 a 500/454 - Vitória nas Lutas.pptx,CC,454,"TEMOS POR LUTAS PASSADO,",136843,pptx,1777753581.0,duplicado-antigo,CC/454,numero
Cantor Cristão/451 a 500/455 - Heróis.pps,CC,455,"ERGUEI-VOS, CRISTÃOS!",82944,pps,1141407316.0,duplicado-antigo,CC/455,numero
Cantor Cristão/451 a 500/456 - O Estandarte.pps,CC,456,O ESTANDARTE DESTA IGREJALEVANTEMOS SEM TEMOR!ELA É A MUITO AMADA ESPOSA DO BENDITO SALVADOR. É JESUS O COMANDANTE VERDA,86528,pps,1154777460.0,duplicado-antigo,CC/456,numero
Cantor Cristão/451 a 500/457 - Confiança em Deus.pps,CC,457,"CONFIA SEMPRE, Ó CRENTE,NA LUTA POR JESUS,EM DEUS, POIS,",82944,pps,1141407932.0,duplicado-antigo,CC/457,numero
Cantor Cristão/451 a 500/458 - Cristo Vos Conduz.pps,CC,458,"EIA! Ó SOLDADOS, CRENTES EM JESUS! IDE, AVANTE! À GUERRA CRISTO VOS CONDUZ. EIS QUE À VOSSA FRENTE VAI O GENERAL!IDE, PO",84480,pps,1141408524.0,duplicado-antigo,CC/458,numero
Cantor Cristão/451 a 500/459 - Companheiras.pps,CC,459,"SEMPRE UNIDAS, COMPANHEIRAS,DECLAREMOS POR JESUSGUERRA SANTA CONTRA",82944,pps,1696720305.0,candidato,CC/459,numero
Cantor Cristão/451 a 500/459 - Companheiras.pps.pptx,CC,459,COMPANHEIRAS,179377,pptx,1416683557.0,duplicado-antigo,CC/459,numero
Cantor Cristão/451 a 500/460 - Vitória.pps,CC,460,"EIA, AVANTE, CRENTES,",82944,pps,1141409010.0,duplicado-antigo,CC/460,numero
Cantor Cristão/451 a 500/461 - Fujamos da Tentação.pps,CC,461,1/6,81408,pps,1145725610.0,duplicado-antigo,CC/461,numero
Cantor Cristão/451 a 500/462 - Unidos.pps,CC,462,1/6,81408,pps,1145725704.0,duplicado-antigo,CC/462,numero
Cantor Cristão/451 a 500/463 - Triunfo.pps,CC,463,1/1,74752,pps,1145725746.0,duplicado-antigo,CC/463,numero
Cantor Cristão/451 a 500/464 - Sempre Fiéis.pps,CC,464,"SEMPRE FIÉS, SIM, A TI NÓS SEREMOS,POR TUA GRAÇA, POR TEU GRANDE AMOR!SEMPRE FIÉS, SIM, POR TI LUTAREMOS,SOB TEU PENDÃO,",82432,pps,1142198446.0,duplicado-antigo,CC/464,numero
Cantor Cristão/451 a 500/465 - Igual a Daniel.pps,CC,465,1/6,81408,pps,1145725858.0,duplicado-antigo,CC/465,numero
Cantor Cristão/451 a 500/466 - Lutai por Cristo.pps,CC,466,1/8,84480,pps,1145725932.0,duplicado-antigo,CC/466,numero
Cantor Cristão/451 a 500/467 - Avante com Alegria.pps,CC,467,1/1,75264,pps,1145725998.0,duplicado-antigo,CC/467,numero
Cantor Cristão/451 a 500/468 - Testemunhas.pps,CC,468,1/4,81408,pps,1145726060.0,duplicado-antigo,CC/468,numero
Cantor Cristão/451 a 500/469 - Corajosos.pps,CC,469,1/6,81920,pps,1142198472.0,duplicado-antigo,CC/469,numero
Cantor Cristão/451 a 500/470 - O Combate.pps,CC,470,1/6,81408,pps,1145726118.0,duplicado-antigo,CC/470,numero
Cantor Cristão/451 a 500/471 - Vitorioso.pps,CC,471,1/6,83968,pps,1145726174.0,duplicado-antigo,CC/471,numero
Cantor Cristão/451 a 500/472 - Frente Ousada.pps,CC,472,1/8,83456,pps,1145726256.0,duplicado-antigo,CC/472,numero
Cantor Cristão/451 a 500/473 - Firmes na Fé.pps,CC,473,CAMPEÕES DA PELEJA SAGRADAO CLARIM CHAMA A LUTA OS FIÉIS!VAMOS NÓS NESSA ARENA BENDITACONQUISTAR OS CELESTE LAURÉIS!,83968,pps,1180484324.0,duplicado-antigo,CC/473,numero
"Cantor Cristão/451 a 500/474 - Eia, ao Combate.pps",CC,474,"EIA, AO COMBATE! EM VIBRAÇÕES CONSTANTES, JÁ VOS CHAMA O TOQUE DO CLARIM A IR!NA GRANDE LUTA, CRISTO TRIUNFANTE, SIM,TER",121856,pps,1180485176.0,duplicado-antigo,CC/474,numero
Cantor Cristão/451 a 500/475 - Lutar.pps,CC,475,"VAMOS BATALHAR, JUNTOS PELEJAR,TODOS GUERREAR, VAMOS JÁ!O INIMIGO QUE COM AS HOSTES VEMTÃO FEROZ E MAU, QUEM VENCERÁ?",123904,pps,1180485910.0,duplicado-antigo,CC/475,numero
Cantor Cristão/451 a 500/476 - Brilho Celeste.pps,CC,476,"PEREGRINANDO VOU PELOS MONTESE PELOS VALES SEMPRE NA LUZ!CRISTO PROMETE NUNCA DEIXAR-ME;""EIS-ME CONVOSCO, "" DISSE JESUS.",93696,pps,1180486588.0,duplicado-antigo,CC/476,numero
Cantor Cristão/451 a 500/477 - Como Andar.pps,CC,477,"PEREGRINOS, QUAIS ESTRANGEIROS,NÓS SEGUIMOS PELO MUNDO A VIAJAR;AQUI HÁ TREVAS E INIQÜIDADE,AQUI HÁ LUTA CONTRA A MALDAD",111104,pps,1180487048.0,duplicado-antigo,CC/477,numero
Cantor Cristão/451 a 500/478 - O Peregrino.pps,CC,478,"EU SOU UM PEREGRINO,DA ESTRADA POUCO SEI;E DIZEM QUE PERIGOSEU SEMPRE ENCONTRAREI,APERTOS E TRABALHOS,PENOSOS PARA MIM;M",113152,pps,1180642110.0,duplicado-antigo,CC/478,numero
Cantor Cristão/451 a 500/479 - Vou à Pátria.pps,CC,479,"VOU À PÁTRIA, EU, PEREGRINO,A VIVER ETERNAMENTE COM JESUS,QUE MARCAVA FELIZ DESTINONO DIA QUANDO POR MIM MORREU NA CRUZ.",82432,pps,1180641392.0,duplicado-antigo,CC/479,numero
Cantor Cristão/451 a 500/480 - Favor.pps,CC,480,"DEUS DE PAZ, AOS PEREGRINOSOUVE COM BENIGNO AMOR,E PROTEGE OS PEQUENINOS, DANDO-LHES FAVOR.E PROTEGE OS PEQUENINOS, DAND",96768,pps,1180642574.0,duplicado-antigo,CC/480,numero
Cantor Cristão/451 a 500/481 - Ao Lar Celestial.pps,CC,481,"À PÁTRIA ABENÇOADA VOU,ANSIOSO PEREGRINO SOU,EM BUSCA DO FELIZ LUGARNO QUAL EU HEI DE DESCANSAR.",95744,pps,1180643076.0,duplicado-antigo,CC/481,numero
"Cantor Cristão/451 a 500/482 - Guia, ó Deus.pps",CC,482,"GUIA, Ó DEUS, A MINHA SORTENESTA PEREGRINAÇÃO;FRÁGIL SOU, MAS TU ÉS FORTE,NÃO ME LARGUE A TUA MÃO.",115200,pps,1180644516.0,duplicado-antigo,CC/482,numero
Cantor Cristão/451 a 500/483 - Pátria Celestial.pps,CC,483,"PÁTRIA MINHA, POR TI SUSPIRO;QUANDO NO TEU BOM DESCANSO CHEGAREI?OS PATRIARCAS, DE DEUS AMIGOS,E OS BONS PROFETAS, FIÉIS",105984,pps,1180645766.0,duplicado-antigo,CC/483,numero
Cantor Cristão/451 a 500/484 - Saudade.pps,CC,484,"DA LINDA PÁTRIA ESTOU MUI LONGETRISTE EU ESTOU;EU TENHO DE JESUS SAUDADE;QUANDO SERÁ QUE VOU?PASSARINHOS, BELAS FLORESQU",119808,pps,1180646172.0,duplicado-antigo,CC/484,numero
Cantor Cristão/451 a 500/485 - Livro da Vida.pps,CC,485,"AS RIQUEZAS DO MUNDO POUCO VALEM PRA MIM;POIS, JESUS, NO TEU REINO, DÁS-ME VIDA SEM FIM;E NO LIVRO DA VIDA, QUE CONSERVA",121344,pps,1180646714.0,duplicado-antigo,CC/485,numero
Cantor Cristão/451 a 500/486 - Doce Porvir.pps,CC,486,"APÓS AS LUTAS DESTA VIDA,COM O SENHOR EU ESTAREI;APÓS A MINHA TRISTE LIDA,APÓS VITÓRIA DECIDIDA,COM O SENHOR EU ESTAREI.",109568,pps,1180649084.0,duplicado-antigo,CC/486,numero
Cantor Cristão/451 a 500/487 - Precioso É Jesus.pps,CC,487,"ANELO POR CRISTO, MEU REI SALVADOR;AS HONRAS A ELE DAREI COM LOUVOR,PORQUE SEMPRE ACHEI NELE GRAÇA E FAVOR;PRECIOSO É JE",94208,pps,1180650630.0,duplicado-antigo,CC/487,numero
Cantor Cristão/451 a 500/488 - Cada Vez Mais.pps,CC,488,É GRATO RELEMBRARQUE CADA DIA ESTOUMAIS PERTO DO CELESTE LAREM QUE MORAR EU VOU.,126464,pps,1180651120.0,duplicado-antigo,CC/488,numero
Cantor Cristão/451 a 500/489 - Céu pra Mim.pps,CC,489,"NÃO SEI QUANDO CRISTO JESUS HÁ DE VIR,E NEM QUAL O DIA EM QUE EU HEI DE PARTIR;MAS EU SEI QUE, NOTANDO O SEU ROSTO LUZIR",104960,pps,1180652854.0,duplicado-antigo,CC/489,numero
Cantor Cristão/451 a 500/490 - Com Cristo É Céu.pps,CC,490,"DEPOIS QUE CRISTO ME SALVOU,EM CÉU O MUNDO SE TORNOU;ATÉ NO MEIO DO SOFRERÉ CÉU A CRISTO CONHECER.",102912,pps,1180651648.0,duplicado-antigo,CC/490,numero
Cantor Cristão/451 a 500/491 - Como Há de Ser.pps,CC,491,"COMO HÁ DE SER, CONCLUSA A LONGA LIDA,FINDA A PELEJA DA PAIXÃO MORTAL,QUANDO, AVISTANDO ALÉM DA ESCURA VIDAA PORTA DO PR",110080,pps,1180654476.0,duplicado-antigo,CC/491,numero
Cantor Cristão/451 a 500/492 - Meu Canto Celestial.pps,CC,492,"JÁ MUITAS VEZES EU PENSEIQUAL HÁ DE SER O CANTO MEU;INDO EU SAUDAR JESUS, MEU REI,QUANDO EU CHEGAR ALI NO CÉU.OH! QUE AL",96768,pps,1180655300.0,duplicado-antigo,CC/492,numero
Cantor Cristão/451 a 500/493 - No Paraíso.pps,CC,493,"NO PARAÍSO DO CRISTÃOPRAZERES SANTOS HÁ;E MUITOS MEUS QUERIDOS LÁ ESTÃO,OS QUAIS ME ESPERAM JÁ.",102912,pps,1180655930.0,duplicado-antigo,CC/493,numero
Cantor Cristão/451 a 500/494 - Além.pps,CC,494,UMA CIDADE MUI FELIZ EXISTEALÉM DAS BRUMAS E DA CERRAÇÃO;SOMENTE AS ALMAS POR JESUS REMIDASCOM REGOZIJO ALI PENETRARÃO.,110080,pps,1180656314.0,duplicado-antigo,CC/494,numero
Cantor Cristão/451 a 500/495 - Redenção.pps,CC,495,"NÓS IREMOS COM CRISTO JESUS GOZARUMA VIDA DE ETERNO PRAZER E AMOR,ONDE NUNCA PERIGO QUALQUER HÁ DE ENTRAR,VIDA GLORIOSA ",111616,pps,1180658292.0,duplicado-antigo,CC/495,numero
Cantor Cristão/451 a 500/496 - Rio da Vida.pps,CC,496,"HÁ UM RIO CRISTALINOONDE OS SANTOS VIVERÃO,NASCE NO DIVINO TRONOPARA GOZO DO CRISTÃO.",119296,pps,1180658626.0,duplicado-antigo,CC/496,numero
Cantor Cristão/451 a 500/497 - Tantos Remidos.pps,CC,497,"TANTOS REMIDOS VEJO NOS CÉUS,TENDO COROAS, RICOS TROFÉUS;SALVOS, MERCÊ DE CRISTO, JÁ ESTÃO;SEMPRE FELIZES ELES SERÃO.",125440,pps,1180658998.0,duplicado-antigo,CC/497,numero
Cantor Cristão/451 a 500/498 - A Bela Cidade.pps,CC,498,"TENHO LIDO DA BELA CIDADE,CONSTRUÍDA POR CRISTO NOS CÉUS;É MURADA DE JASPE LUZENTEE JUNCADA COM ÁUREOS TROFÉUS.E, NO MEI",128000,pps,1180659356.0,duplicado-antigo,CC/498,numero
Cantor Cristão/451 a 500/499 - Tudo Feliz.pps,CC,499,"SE INFELIZ NOS CORRE A VIDA TERREAL,TEMOS DE DEIXÁ-LA UM DIA,PARA IRMOS LOGO AO LAR CELESTIAL,ONDE TUDO É MUI FELIZ.",114688,pps,1180659674.0,duplicado-antigo,CC/499,numero
Cantor Cristão/451 a 500/500 - Glória para Mim.pps,CC,500,"QUANDO MEU TEMPO DE LUTAS PASSAR,QUANDO MEU DEUS PARA SI ME CHAMAR,GRATO, PERANTE JESUS HEI DE ESTAR;GLÓRIA PERENE SERÁ ",107008,pps,1180659938.0,duplicado-antigo,CC/500,numero
Cantor Cristão/476 - Brilho Celeste.pptx,CC,476,Brilho Celeste,172432,pptx,1434833092.0,duplicado-antigo,CC/476,numero
Cantor Cristão/501 a 550/2 - 545-Vamos-à-Escola.pptx,CC,2,1/6,75438,pptx,1621771697.0,duplicado-antigo,CC/2,numero
Cantor Cristão/501 a 550/501 - O Nosso Lar.pps,CC,501,1/1,71168,pps,1146516850.0,duplicado-antigo,CC/501,numero
Cantor Cristão/501 a 550/502 - Um Pouco Mais.pps,CC,502,502 - Um Pouco Mais,64000,pps,1146517160.0,duplicado-antigo,CC/502,numero
Cantor Cristão/501 a 550/503 - Face a Face.pps,CC,503,503 - Face a Face,96768,pps,1146517556.0,duplicado-antigo,CC/503,numero
Cantor Cristão/501 a 550/504 - Lá no Céu.pps,CC,504,504 - Lá no Céu,72192,pps,1146518214.0,duplicado-antigo,CC/504,numero
Cantor Cristão/501 a 550/505 - Jerusalém.pps,CC,505,1/1,65024,pps,1146518324.0,duplicado-antigo,CC/505,numero
Cantor Cristão/501 a 550/506 - Junto ao Trono.pps,CC,506,506 - Junto ao Trono,78336,pps,1146518872.0,duplicado-antigo,CC/506,numero
Cantor Cristão/501 a 550/507 - Minha Coroa.pps,CC,507,"MEU DELEITE É PENSAR NUMA TERRA ALÉM,ONDE IREI, FINDA A LUTA DE AQUÉM;QUANDO POR MEU JESUS CONSEGUIR LÁ CHEGAR,NA COROA ",82944,pps,1181050544.0,duplicado-antigo,CC/507,numero
Cantor Cristão/501 a 550/508 - Terra Feliz.pps,CC,508,"EU AVISTO UMA TERRA FELIZ,ONDE IREI PARA SEMPRE MORAR;HÁ MANSÕES NESSE LINDO PAÍS,QUE JESUS FOI PRA NÓS PREPARAR.",125952,pps,1181051096.0,duplicado-antigo,CC/508,numero
Cantor Cristão/501 a 550/509 - Verei Meu Redentor.pps,CC,509,"FINDA A LIDA TERREAL, QUANDO JÁ DO RIO ALÉM,NESSA VIDA TÃO GLORIOSA ME ENCONTRAR,SEI QUE LÁ MEU REDENTOR FINALMENTE EU H",135168,pps,1697370865.0,duplicado-antigo,CC/509,numero
Cantor Cristão/501 a 550/510 - Fonte de Amor.pps,CC,510,"FONTE DE AMOR PERENE, É MANANCIAL DE LUZ;ÁGUA DA VIDA CORRE DO TRONO DE JESUS.CALMO RIO, BELO RIO, QUERO ESTAR TAMBÉMOND",98304,pps,1181065736.0,duplicado-antigo,CC/510,numero
Cantor Cristão/501 a 550/511 - Com Jesus.pps,CC,511,"QUANDO TERMINAR A MINHA VIDA TERREAL,EU TEREI DE CRISTO A LINDA VIDA PERENAL;SIM, IREI GOZAR NO CÉU O AMOR DOS SEUS FIÉI",114176,pps,1181558738.0,duplicado-antigo,CC/511,numero
Cantor Cristão/501 a 550/512 - O Doce Lar.pps,CC,512,"NA PÁTRIA CELESTE, DE DEUS DOCE LAR,PREPARA JESUS PARA OS SEUS UM LUGAR,POIS LONGE DO MAL, DO PECADO E DA DOR,CONSIGO PR",120320,pps,1181559216.0,duplicado-antigo,CC/512,numero
Cantor Cristão/501 a 550/513 - Triunfo.pps,CC,513,"MILHARES DE MILHARES EU VEJO EM SANTA LUZ:SÃO OS GUERREIROS SALVOS, MILÍCIA DE JESUS!E TENDO JÁ COMPLETA A LONGA LUTA AQ",132608,pps,1181559898.0,duplicado-antigo,CC/513,numero
Cantor Cristão/501 a 550/514 - Paz Real.pps,CC,514,"OH! QUANDO O MOMENTO CHEGAR (SIM, CHEGAR)DE EU IR COM JESUS HABITAR, (HABITAR)EM PAZ EU VEREI MEU SENHOREM TODO O SEU ES",101376,pps,1181560230.0,duplicado-antigo,CC/514,numero
Cantor Cristão/501 a 550/515 - Na Glória.pps,CC,515,"HÁ UMA TERRA DE PRAZER,MORADA DOS QUE CRÊEM;O DIA ETERNO REINA LI,TRISTEZAS NUNCA TÊM.",89088,pps,1181561396.0,duplicado-antigo,CC/515,numero
Cantor Cristão/501 a 550/516 - Além da Morte.pps,CC,516,"HÁ UMA TERRA DE PRAZER,MORADA DOS QUE CRÊEM;O DIA ETERNO REINA LI,TRISTEZAS NUNCA TÊM.",83968,pps,1181561406.0,duplicado-antigo,CC/516,numero
Cantor Cristão/501 a 550/517 - Querido Lar.pps,CC,517,"DE TODAS AS TERRAS IRÃO CHEGARUM A UM! UM A UM!NA ETERNA MANSÃO, PARA ALI MORAR,SIM, UM A UM!VESTIDOS DE TRAJES CELESTIA",95744,pps,1181562232.0,duplicado-antigo,CC/517,numero
Cantor Cristão/501 a 550/518 - Glória.pps,CC,518,"HÁ UM LUGAR DE PAZ NO MUNDO ALÉM:DOS SALVOS A FELIZ JERUSALÉM.OH! COMO DÃO LOUVOR A CRISTO, O SEU SENHOR,CANTANDO COM AM",99328,pps,1181563354.0,duplicado-antigo,CC/518,numero
Cantor Cristão/501 a 550/519 - Perante o Rei.pps,CC,519,"ESTAREI PERANTE O REI,COM OS ANJOS CANTAREI,NO PORVIR, NO PORVIR;COM JESUS IREI AOS CÉUS,DANDO SEMPRE GLÓRIA A DEUS,NO P",122880,pps,1181565356.0,duplicado-antigo,CC/519,numero
Cantor Cristão/501 a 550/520 - Canaã celeste.pps,CC,520,"HÁ UMA TERRA DE PRAZER, DE GOZO E DE FULGOR,ONDE OS REMIDOS HÃO DE VER JESUS, SEU BENFEITOR.A NOITE NÃO EXISTE LÁ, NEM D",102400,pps,1181565552.0,duplicado-antigo,CC/520,numero
Cantor Cristão/501 a 550/521 - A Cidade Santa.pps,CC,521,"DORMINDO NO MEU LEITO, EM SONHO ENCANTADORUM DIA EU VI JERUSALÉM E O TEMPLO DO SENHOR.OUVI CANTAR CRIANÇAS, E EM MEIO A ",114688,pps,1181566772.0,duplicado-antigo,CC/521,numero
Cantor Cristão/501 a 550/522 - Um Bom Amigo.pps,CC,522,"HÁ UM BOM AMIGO ACIMA DO CÉU AZUL, SEM PAR;E MORA NAS ALTURAS QUEM SABE BEM AMAR;AMIGO MUI CONSTANTE, NÃO TEM IGUAL AQUI",125952,pps,1181567826.0,duplicado-antigo,CC/522,numero
Cantor Cristão/501 a 550/523 - Cordeirinhos.pps,CC,523,"AMIGO DOS MENINOS, BENIGNO SALVADOR,CONOSCO SÊ PRESENTE, Ó MEIGO E BOM PASTOR!CONDUZ OS CORDEIRINHOS COM BRANDA COMPAIXÃ",103936,pps,1181567980.0,duplicado-antigo,CC/523,numero
Cantor Cristão/501 a 550/524 - Jóias Preciosas.pps,CC,524,"EIS QUE CRISTO VEM À TERRABUSCAR SUAS JÓIAS,SUAS JÓIAS MUI PRECIOSAS,DE MUITO VALOR.",115200,pps,1181568366.0,duplicado-antigo,CC/524,numero
"Cantor Cristão/501 a 550/525 - Vinde, Meninos.pps",CC,525,"VINDE, MENINOS, VINDE A JESUS;ELE GANHOU-VOS BÊNÇÃOS NA CRUZ!OS PEQUENINOS ELE CONDUZ;OH! VINDE AO SALVADOR!",135168,pps,1181568732.0,duplicado-antigo,CC/525,numero
Cantor Cristão/501 a 550/526 - O Meninos.pps,CC,526,"VENHAM, VENHAM OS MENINOSAO BENDITO SALVADOR,CRISTO MESMO QUER SALVÁ-LOS,QUER MOSTRAR-LHES SEU FAVOR.JESUS CRISTO!OH! QU",108032,pps,1181569144.0,duplicado-antigo,CC/526,numero
Cantor Cristão/501 a 550/527 - A Bênção.pps,CC,527,"A JESUS CRIANÇAS VINHAMSUAS BÊNÇÃOS SUPLICAR;POIS A MIM, QUE SOU CRIANÇA,OH! NÃO HÁ DE RECUSAR!",115712,pps,1181569458.0,duplicado-antigo,CC/527,numero
Cantor Cristão/501 a 550/528 - Aspiração Infantil.pps,CC,528,"AQUI NO MUNDO BRANDA LUZ,Ó DEUS, DESEJO SERFIEL REFLEXO DE JESUSQUE MOSTRE SEU PODER.",119808,pps,1181570056.0,duplicado-antigo,CC/528,numero
Cantor Cristão/501 a 550/529 - Vai Buscar.pps,CC,529,"OUÇO O CLAMOR DO BOM PASTORPELO DESERTO ABRASADOR,SEUS CORDEIRINHOS A CHAMAR,MUI DESEJOSO DE OS SALVAR.",111104,pps,1181570342.0,duplicado-antigo,CC/529,numero
Cantor Cristão/501 a 550/530 - Soldado Infantil.pps,CC,530,"SOU UM SOLDADO DE JESUS CRISTO,NA LUTA INSISTO E TENHO VALOR;EU SOU PEQUENO, MAS A MEU LADOVAI MEU AMADO REI, MEU SENHOR",124928,pps,1181570800.0,duplicado-antigo,CC/530,numero
Cantor Cristão/501 a 550/531 - Teu caminho.pps,CC,531,531 – “Teu Cantinho”,79360,pps,1146519142.0,duplicado-antigo,CC/531,numero
"Cantor Cristão/501 a 550/532 - Ó Meninos, Vinde.pps",CC,532,1/4,66048,pps,1146519320.0,duplicado-antigo,CC/532,numero
Cantor Cristão/501 a 550/533 - Pequenos Guerreiros.pps,CC,533,1/3,73728,pps,1146519882.0,duplicado-antigo,CC/533,numero
Cantor Cristão/501 a 550/534 - Cantam Glória.pps,CC,534,1/10,71680,pps,1146520210.0,duplicado-antigo,CC/534,numero
Cantor Cristão/501 a 550/535 - Hosana Infantil.pps,CC,535,1/6,70656,pps,1146520536.0,duplicado-antigo,CC/535,numero
Cantor Cristão/501 a 550/536 - Lição.pps,CC,536,1/2,73216,pps,1146520876.0,duplicado-antigo,CC/536,numero
Cantor Cristão/501 a 550/537 - Desejo infantil.pps,CC,537,1/6,77824,pps,1146520840.0,duplicado-antigo,CC/537,numero
"Cantor Cristão/501 a 550/538 - Oh Vinde, Meninos.pps",CC,538,1/4,67584,pps,1146521102.0,duplicado-antigo,CC/538,numero
Cantor Cristão/501 a 550/539 - Brilhando.pps,CC,539,1/10,82944,pps,1146521290.0,duplicado-antigo,CC/539,numero
Cantor Cristão/501 a 550/540 - Oração da Criança.pps,CC,540,1/8,75776,pps,1146521586.0,duplicado-antigo,CC/540,numero
Cantor Cristão/501 a 550/541 - Pequenos Raios.pps,CC,541,1/6,69632,pps,1146521770.0,duplicado-antigo,CC/541,numero
Cantor Cristão/501 a 550/542 - Jesus e as Crianças.pps,CC,542,1/8,83456,pps,1756557223.0,duplicado-antigo,CC/542,numero
Cantor Cristão/501 a 550/543 - Cântico Escolar.pps,CC,543,1/6,62976,pps,1146522102.0,candidato,CC/543,numero
"Cantor Cristão/501 a 550/544 - Avante, Mocidade.pps",CC,544,1/6,77824,pps,1146522346.0,candidato,CC/544,numero
Cantor Cristão/501 a 550/545 - Vamos à Escola.pps,CC,545,1/6,69120,pps,1146522536.0,duplicado-antigo,CC/545,numero
"Cantor Cristão/501 a 550/546 - Mocidade, Avante.pps",CC,546,1/6,78336,pps,1146522684.0,candidato,CC/546,numero
Cantor Cristão/501 a 550/547 - Semeando e Segando.pps,CC,547,1/8,80896,pps,1146522878.0,candidato,CC/547,numero
Cantor Cristão/501 a 550/548 - Jovens Lutadores.pps,CC,548,1/6,79360,pps,1146523050.0,candidato,CC/548,numero
"Cantor Cristão/501 a 550/549 - Alerta, mocidade.pps",CC,549,1/8,83456,pps,1146523150.0,candidato,CC/549,numero
Cantor Cristão/501 a 550/550 - Juventude.pps,CC,550,1/8,65536,pps,1146523416.0,candidato,CC/550,numero
Cantor Cristão/509 - Verei meu Redentor.pptx,CC,509,Verei meu Redentor,176783,pptx,1421617470.0,duplicado-antigo,CC/509,numero
Cantor Cristão/551 a 581/551 - Mocidade.pps,CC,551,"MOCIDADE, DEIXA O MUNDO,COM SEU MAL E SEU PESAR,E PROCURA O AMOR FECUNDOQUE JESUS QUER TE OFERTAR;NO ACONCHEGO DOS SEUS ",79872,pps,1180635308.0,candidato,CC/551,numero
Cantor Cristão/551 a 581/552 - Mocidade Crente.pps,CC,552,"LEVANTAI-VOS, JOVENS CRENTESFIRMES PELA CRUZ!COMBATEI OS INIMIGOSDO SENHOR JESUS!",94208,pps,1180635788.0,candidato,CC/552,numero
Cantor Cristão/551 a 581/553 - Lealdade a Cristo.pps,CC,553,"MOCIDADE, ESTAIS AMANDOA JESUS E SEU PENDÃO?JÁ MARCHAIS SOB SEU COMANDO,DE ABRASADO CORAÇÃO?DEDICAI-VOS, SEM RESERVA,AO ",98816,pps,1180636388.0,candidato,CC/553,numero
Cantor Cristão/551 a 581/554 - Agora.pps,CC,554,"Ó MOÇOS, QUE VENTURAVOS É SERVIR A DEUS!COM VIDA SANTA E PURACORRER CAMINHO AOS CÉUS;CHEGAI-VOS SEM DEMORAA CRISTO, O SA",94208,pps,1180636650.0,candidato,CC/554,numero
"Cantor Cristão/551 a 581/555 - Alerta, Jovens.pps",CC,555,"VINDE, Ó MOCIDADE, DEDICAR COM TODO O AMOR,SIM, COM ANSIEDADE, VOSSA VIDA AO SALVADOR.ELE VOS CONVIDA PARA VIRDES TRABAL",92160,pps,1180637798.0,candidato,CC/555,numero
Cantor Cristão/551 a 581/556 - Oração para a Noite.pps,CC,556,1/4,80896,pps,1146872938.0,duplicado-antigo,CC/556,numero
Cantor Cristão/551 a 581/557 - O Anoitecer.pps,CC,557,"VAI FUGINDO O DIA,BREVE A NOITE VEM,VESPERTINA ESTRELAJÁ SE AVISTA ALÉM.",118784,pps,1181584598.0,candidato,CC/557,numero
Cantor Cristão/551 a 581/558 - Hino Vespertino.pps,CC,558,"SALVADOR, POR TI GUARDADOS,DESEJAMOS DESCANSAR.OS DEFEITOS E OS PECADOSTU NOS PODES PERDOAR.SE DE NOITE ALGUM PERIGOCONT",108032,pps,1181584836.0,candidato,CC/558,numero
Cantor Cristão/551 a 581/559 - Fim do Ano.pps,CC,559,"JÁ TERMINA O ANO VELHO;DAMOS A JESUS LOUVOR,QUE DO MAL NOS TEM GUARDADOTODO ESTE ANO COM AMOR.",111104,pps,1181586156.0,candidato,CC/559,numero
Cantor Cristão/551 a 581/560 - Ano Novo.pps,CC,560,"ROMPE A AURORA, VAI-SE EMBORAMAIS UM ANO DE LABOR;NÃO TEMAMOS, PROSSIGAMOS,A LUTAR COM MAIS ARDOR.",105472,pps,1181586688.0,duplicado-antigo,CC/560,numero
"Cantor Cristão/551 a 581/561 - Salve, Ano Novo.pps",CC,561,"GRANDE, SENHOR, É TUA COMPAIXÃO,ALTA, VERAZ É TUA SALVAÇÃO;NO DECORRER DESTE ANO QUE FINDOUFOI TEU AMOR QUE NOSSAS VIDAS",116736,pps,1181588194.0,candidato,CC/561,numero
Cantor Cristão/551 a 581/562 - Templo Novo.pps,CC,562,"A TI, Ó DEUS, LOUVORES ALTOS DAMOS,AO SER DIVINO, COM INTENSO ARDOR!CONCERTO DIVINAL AQUI FIRMAMOS,TEU CULTO CELEBRAMOS ",120832,pps,1181591112.0,candidato,CC/562,numero
Cantor Cristão/551 a 581/563 - Consagração de Templo.pps,CC,563,"ENTOEMOS HINOS DE LOUVOR A DEUSPELAS BÊNÇÃOS QUE ELE DEU AOS FILHOS SEUS,POIS PODEMOS CONSAGRAR AO SALVADORESTE TEMPLO E",82432,pps,1181589896.0,candidato,CC/563,numero
Cantor Cristão/551 a 581/564 - Mais um Templo.pps,CC,564,"HOJE, INAUGURA-SE AQUI, SANTO DEUS,MAIS UM PADRÃO DE TEU AMOR;UM NOVO TEMPLO, FANAL PARA OS CÉUS,CAUSA DE MAIS LOUVOR!",87552,pps,1142198528.0,candidato,CC/564,numero
Cantor Cristão/551 a 581/565 - Separação.pps,CC,565,"DEUS VOS GUARDE PELO SEU PODER,PROTEGIDOS E VELADOS,DESFRUTANDO OS SEUS CUIDADOS,DEUS VOS GUARDE PELO SEU PODER!",111104,pps,1181591564.0,candidato,CC/565,numero
Cantor Cristão/551 a 581/566 - Saudação.pps,CC,566,"SAUDAMO-VOS, IRMÃOS EM CRISTO,LEMBRANDO DO QUE TEMOS VISTO;NESSES ANOS PELAS LUTAS, TENTAÇÕES,FORAM ATENDIDAS NOSSAS PET",125952,pps,1181592092.0,candidato,CC/566,numero
Cantor Cristão/551 a 581/567 - União Vital.pps,CC,567,"DUAS VIDAS, SENHOR, SE UNEM NUM SÓ SER,DUAS ALMAS E DOIS NOBRES CORAÇÕES;PELO AMOR E AFEIÇÃO MÚTUA ASSIM VIVER,QUEREM, J",131584,pps,1181592432.0,candidato,CC/567,numero
Cantor Cristão/551 a 581/568 - Casamento.pps,CC,568,"BENIGNO SALVADOR, COM TUA APROVAÇÃO,CONSAGRA EM DOCE AMOR TEUS SERVOS NESTA UNIÃO;E SOBRE OS NOIVOS FAZ DESCERA GRAÇA QU",113152,pps,1181592790.0,candidato,CC/568,numero
Cantor Cristão/551 a 581/569 - O Ministério Santo.pps,CC,569,"SENHOR DA CEIFA, ATENDE À NOSSA PETIÇÃO,QUE O TEU TRABALHO SIGA COM MAIS ANIMAÇÃO.OS CAMPOS JÁ BRANQUEJAM, COMVIDAM A CE",102912,pps,1181593052.0,candidato,CC/569,numero
Cantor Cristão/551 a 581/570 - Mais um Obreiro.pps,CC,570,"MAIS UM OBREIRO ESCUTA A TUA VOZ, JESUS,E QUER ENTRAR NA LUTA, SEGUINDO TUA LUZ.TEM FORÇA DIMINUTA, MAS CRENDO EM TUA CR",109568,pps,1181593466.0,candidato,CC/570,numero
Cantor Cristão/551 a 581/571 - Morte do Crente.pps,CC,571,"PARA O CRENTE, O MORRER É CESSARDO TRABALHO, CESSAR DE GEMER;É COM CRISTO JESUS REPOUSAR,SIM, É PRINCIPIAR A VIVER.",114688,pps,1181593892.0,candidato,CC/571,numero
Cantor Cristão/551 a 581/572 - Dormir em Cristo.pps,CC,572,"DORMIR EM CRISTO É MUITO BOM,JÁ LIVRE DE PERTURBAÇÃO,FRUINDO ASSIM DITOSO DOM:DO MUNDO TER LIBERTAÇÃO.",121856,pps,1181594202.0,candidato,CC/572,numero
Cantor Cristão/551 a 581/573 - Dormindo no Senhor.pps,CC,573,"DORMINDO NO SENHOR,BENDITO É NOSSO IRMÃO;PERANTE O TRONO, VENCEDOR,DESFRUTA A SALVAÇÃO.",107008,pps,1181594550.0,candidato,CC/573,numero
Cantor Cristão/551 a 581/574 - Pátria Brasileira.pps,CC,574,574 – “PÁTRIA BRASILEIRA”,79872,pps,1142198552.0,candidato,CC/574,numero
Cantor Cristão/551 a 581/575 - Hino da Proclamação da República do Brasil.pps,CC,575,SEJA UM PÁLIO DE LUZ DESDOBRADOSOB A LARGA AMPLIDÃO DESTES CÉUSESTE CANTO REBEL QUE O PASSADOVEM REMIR DOS MAIS TORPES L,84992,pps,1181610804.0,candidato,CC/575,numero
Cantor Cristão/551 a 581/576 - Hino à Bandeira Nacional.pps,CC,576,"SALVE LINDO PENDÃO DA ESPERANÇA!SALVE, SÍMBOLO AUGUSTO DA PAZ!TUA NOBRE PRESENÇA À LEMBRANÇAA GRANDEZA DA PÁTRIA NOS TRA",130560,pps,1688210444.0,candidato,CC/576,numero
Cantor Cristão/551 a 581/577 - Hino Nacional Brasileiro.pps,CC,577,OUVIRAM DO IPIRANGA AS MARGENS PLÁCIDAS,109568,pps,1181612326.0,candidato,CC/577,numero
"Cantor Cristão/551 a 581/578 - Sonda-me, ó Deus.pps",CC,578,"SONDA-ME, Ó DEUS, POIS VÊS MEU CORAÇÃO;PROVA-ME, Ó PAI, TE PEÇO EM ORAÇÃO. DE TODO MAL LIBERTA-ME, SENHOR,TAMBÉM DA TRAN",79872,pps,1720385893.0,candidato,CC/578,numero
Cantor Cristão/551 a 581/579 - Olhando para Cristo.pps,CC,579,"RUGE, FORTE, CONTUNDENTE,A GUERRA DO PECADO,MAS OS SEUS CLANGORES VISNÃO PODEM ME AFLIGIR.SEI EM QUEM CONFIO, POISNA ROC",194560,pps,1268606508.0,duplicado-antigo,CC/579,numero
"Cantor Cristão/551 a 581/580 - Vem, Visita Tua Igreja.pps",CC,580,1/1,76288,pps,1142198614.0,duplicado-antigo,CC/580,numero
Cantor Cristão/551 a 581/581 - A Única Esperança.pps,CC,581,"DO AMAPÁ AO RIO GRANDE,",82944,pps,1142198660.0,duplicado-antigo,CC/581,numero
Cantor Cristão/93 -só no sangue.pptx,CC,93,1/10,132505,pptx,1462741209.0,duplicado-antigo,CC/93,numero
Cantor Cristão/Amor Fraternal.pptx,CC,,Amor Fraternal,170567,pptx,1419804278.0,duplicado-antigo,CC/381,titulo
Cantor Cristão/JESUS ME TRANSFORMOU.pptx,CC,,JESUS ME TRANSFORMOU,175771,pptx,1419804409.0,duplicado-antigo,CC/46,titulo
Cantor Cristão/Música da EBD.pptx,CC,,Escola Dominical,164647,pptx,1297004228.0,sem-match,,
Cantor Cristão/Natal/26.pptx,CC,,REI EXCELSO,177209,pptx,1418593316.0,duplicado-antigo,CC/26,titulo
Cantor Cristão/Natal/CC 26 - REI EXCELSO.pptx,CC,26,REI EXCELSO,176326,pptx,1417989589.0,duplicado-antigo,CC/26,numero
Cantor Cristão/Natal/CC 27 - NATAL.pptx,CC,27,NATAL,180276,pptx,1418594769.0,duplicado-antigo,CC/27,numero
Cantor Cristão/Natal/CC 28 - Nasceu o Redentor.pptx,CC,28,Nasceu o Redentor,179990,pptx,1418594046.0,duplicado-antigo,CC/28,numero
Cantor Cristão/Natal/CC 30 - Noite  de Paz.pptx,CC,30,Noite  de Paz,211294,pptx,1418593500.0,duplicado-antigo,CC/30,numero
Cantor Cristão/Natal/VM 126 - Glória.pptx,VM,126,Glória,176076,pptx,1417909193.0,candidato,VM/126,numero
Cantor Cristão/Natal/VM 152 - Num inverno frio.pptx,VM,152,Num inverno frio,168710,pptx,1417907953.0,candidato,VM/152,numero
Cantor Cristão/Natal/VM 154 - Primeiro Natal.pptx,VM,154,O Primeiro Natal,179035,pptx,1417990427.0,candidato,VM/154,numero
Cantor Cristão/SEGURANÇA.pptx,CC,,SEGURANÇA,179755,pptx,1419804419.0,duplicado-antigo,CC/375,titulo
Cantor Cristão/Só por Jesus.pptx,CC,,Só por Jesus,174953,pptx,1419804095.0,duplicado-antigo,CC/192,titulo
Como manancial novo_REVISADO.pptx,,,Como Um Manancial,171994,pptx,1763835542.0,duplicado-antigo,COR/6,titulo
Compromisso à Bíblia.pptx,,,Compromisso à Bíblia,58779,pptx,1541972739.0,sem-match,,
Conhecimento de Deus - NOVO.pptx,,,Letra e Música: Jaime F. da Costa Jr.,57838,pptx,1782007001.0,sem-match,,
Corinhos/193 - Maravilhosa Graça.pptx,COR,193,Hino CC nº 193,55827,pptx,1615754227.0,sem-match,,
Corinhos/A/A Alegria no Senhor.pptx,COR,,A Alegria no Senhor,97309,pptx,1788456042.0,duplicado-antigo,COR/15,titulo
Corinhos/A/A Cristo Glória Dai.pptx,COR,,Letra: Dustin Kensrue,52892,pptx,1743972717.0,candidato,COR/17,titulo
Corinhos/A/A Cristo o Senhor 1.pptx,COR,,A cristo o senhorBe unto your name (galkin evangelistic team),171277,pptx,1410643166.0,sem-match,,
Corinhos/A/A Fé contemplada.ppt,COR,,A Fé contemplada,27136,ppt,1251630176.0,sem-match,,
Corinhos/A/A Imagem do Deus Invisivel.pptx,COR,,A Imagem do Deus Invisível,42945,pptx,1657478553.0,duplicado-antigo,COR/20,titulo
"Corinhos/A/A Lei do Senhor, Salmo 19 _NOVO_Revisado.pptx",COR,,Salmo 19,174530,pptx,1750621223.0,sem-match,,
Corinhos/A/A Ti Senhor.ppt,COR,,A Ti Senhor,77824,ppt,1228138834.0,candidato,COR/22,titulo
Corinhos/A/A alegria esta no coracao.ppt,COR,,A alegria está no coração,122368,ppt,1374967094.0,duplicado-antigo,COR/14,titulo
Corinhos/A/A colheita.pptx,COR,,A colheita,38883,pptx,1456670914.0,duplicado-antigo,COR/1,titulo
Corinhos/A/A começar em mim (NOVO).pptx,COR,,A começar Em Mim,76314,pptx,1753046610.0,duplicado-antigo,COR/16,titulo
Corinhos/A/A começar em mim.pptx,COR,,A começar Em Mim,171082,pptx,1438526822.0,duplicado-antigo,COR/16,titulo
"Corinhos/A/A família, dom divino.pptx",COR,,"A Família, Dom Divino",152188,pptx,1472392971.0,sem-match,,
Corinhos/A/A imagem de Deus.pptx,COR,,A IMAGEM DE DEUS,216804,pptx,1725833042.0,candidato,COR/19,titulo
Corinhos/A/A lei do Senhor.ppt,COR,,Salmo 19,236544,ppt,1553439764.0,candidato,COR/21,titulo
Corinhos/A/A paz do céu.pptx,COR,,A PAZ DO CÉU,170633,pptx,1447020310.0,sem-match,,
Corinhos/A/ALIANÇA - CEIA.pptx,COR,,ALIANÇA,171230,pptx,1417363001.0,duplicado-antigo,COR/28,titulo
Corinhos/A/Aclame Ao Senhor.ppt,COR,,Aclame ao Senhor,164352,ppt,1391899508.0,candidato,COR/23,titulo
Corinhos/A/Adorarei.ppt,COR,,Adorarei,136192,ppt,1383516486.0,candidato,COR/24,titulo
Corinhos/A/Adoro a Ti.pptx,COR,,ADORO A TI,173601,pptx,1432479063.0,sem-match,,
"Corinhos/A/Aleluia, salvação e Glória.pptx",COR,,"Aleluia, Salvação e Glória",54493,pptx,1337457440.0,candidato,COR/25,titulo
Corinhos/A/Alfa e omega.ppt,COR,,Alfa e Ômega,248320,ppt,1469306119.0,candidato,COR/26,titulo
Corinhos/A/Alguém como eu - Jailson Vieira.pptx,COR,,Alguém como eu,195087,pptx,1699217325.0,candidato,COR/27,titulo
Corinhos/A/Aliança.ppt,COR,,Aliança,279040,ppt,1436033917.0,candidato,COR/28,titulo
Corinhos/A/Alto Preço.ppt,COR,,Alto Preço,258048,ppt,1480283784.0,candidato,COR/29,titulo
Corinhos/A/Amigo de Deus.pptx,COR,,Amigo de Deus,247441,pptx,1366489927.0,candidato,COR/30,titulo
Corinhos/A/Andam Procurando.pptx,COR,,Andam Procurando,78800,pptx,1400353332.0,candidato,COR/31,titulo
"Corinhos/A/Ao Orarmos, Senhor (HCC: 374).pptx",COR,,"Ao Orarmos, Senhor",178008,pptx,1725483193.0,sem-match,,
Corinhos/A/Ao orarmos Senhor.ppt,COR,,Ao orarmos Senhor,124416,ppt,1307890362.0,sem-match,,
Corinhos/A/Ao único.ppt,COR,,Ao Único,246784,ppt,1408288126.0,candidato,COR/32,titulo
Corinhos/A/Asas qual águias.pptx,COR,,ASAS QUAL ÁGUIASV.M. 351,175244,pptx,1434294339.0,sem-match,,
Corinhos/A/Autor da minha fé.ppt,COR,,Autor da minha fé,89600,ppt,1228139138.0,candidato,COR/33,titulo
Corinhos/B/162. Bendita cruz de Cristo.pptx,COR,162,BENDITA CRUZ DE CRISTO,169639,pptx,1430665547.0,duplicado-antigo,COR/162,numero
Corinhos/B/Batalhemos pela fé.pptx,COR,,Batalhemos pela fé,346962,pptx,1717361139.0,candidato,COR/34,titulo
Corinhos/B/Boa obra vós.pptx,COR,,Boa obra em vós,172773,pptx,1476046201.0,candidato,COR/35,titulo
Corinhos/B/Bom estarmos aqui.ppt,COR,,Bom estarmos aqui,121344,ppt,1262550406.0,candidato,COR/36,titulo
Corinhos/B/Brilha Jesus.ppt,COR,,Brilha Jesus,246272,ppt,1462045723.0,candidato,COR/37,titulo
Corinhos/B/Brilhar por Ti.pptx,COR,,Brilhar por Ti,75071,pptx,1360525018.0,candidato,COR/38,titulo
Corinhos/B/Buscai seu Reino.ppt,COR,,Buscai Seu Reino,233472,ppt,1458427153.0,candidato,COR/39,titulo
Corinhos/C/COMUNHÃO.pptx,COR,,COMUNHÃO,110729,pptx,1373746631.0,candidato,COR/46,titulo
Corinhos/C/CONSAGRAÇÃO.pptx,COR,,CONSAGRAÇÃO,167370,pptx,1425156967.0,candidato,COR/47,titulo
Corinhos/C/CRISTO VOLTA ALELUIA!.pptx,COR,,CRISTO VOLTA ALELUIA!,47370,pptx,1382884725.0,candidato,COR/50,titulo
"Corinhos/C/Calmo, Sereno e Tranquilo.pptx",COR,,"Calmo, Sereno e Tranquilo",191079,pptx,1406471731.0,candidato,COR/40,titulo
Corinhos/C/Cantai ao Senhor - SALMO 96.pptx,COR,,Salmo 96,135222,pptx,1758308727.0,duplicado-antigo,COR/41,titulo
Corinhos/C/Cantarei de Jesus Cristo - Lindo és meu mestre.pptx,COR,,Cantarei de Jesus Cristo,170167,pptx,1456088553.0,candidato,COR/42,titulo
Corinhos/C/Celebrai a Cristo.ppt,COR,,Celebrai a Cristo,138752,ppt,1333831610.0,candidato,COR/43,titulo
Corinhos/C/Como Ele nos Amou.pptx,COR,,Como Ele nos amou,173469,pptx,1453666642.0,candidato,COR/45,titulo
Corinhos/C/Como a corça.pptx,COR,,COMO A CORÇA,159804,pptx,1730030477.0,candidato,COR/44,titulo
Corinhos/C/Como um Manancial.pptx,COR,,Como um Manancial,174084,pptx,1425155421.0,duplicado-antigo,COR/6,titulo
Corinhos/C/Conhecimento de Deus.pptx,COR,,Letra e Música: Jaime F. da Costa Jr.,53770,pptx,1756602854.0,duplicado-antigo,COR/5,titulo
Corinhos/C/Contemplai os povos.pptx,COR,,Contemplai os povos,170667,pptx,1447605930.0,sem-match,,
Corinhos/C/Corpo e família.ppt,COR,,Corpo e Família,270336,ppt,1422738998.0,candidato,COR/48,titulo
Corinhos/C/Creia em Deus.pptx,COR,,V.M. 72,173808,pptx,1454190224.0,sem-match,,
Corinhos/C/Cristo Vem Me Buscar.ppt,COR,,Cristo Vem Me Buscar,237568,ppt,1356818056.0,candidato,COR/49,titulo
"Corinhos/C/Cristo, Bom mestre.pptx",COR,,"Cristo, Bom Mestre",174333,pptx,1447022469.0,sem-match,,
Corinhos/D/DESDE O PRINCÍPIO.pptx,COR,,DESDE O PRINCÍPIO,47576,pptx,1389540511.0,candidato,COR/53,titulo
Corinhos/D/DESDE OS CONFINS DA TERRA.pptx,COR,,DESDE OS CONFINS DA TERRA,172924,pptx,1410642839.0,candidato,COR/54,titulo
Corinhos/D/DEUS VÊ O CORAÇÃO VM 40.pptx,COR,,DEUS VÊ O CORAÇÃO,154636,pptx,1471794141.0,sem-match,,
Corinhos/D/DIVINO AMOR.pptx,COR,,DIVINO AMOR,45192,pptx,1391285924.0,sem-match,,
Corinhos/D/Da Sua Glória.pptx,COR,,Da Sua Glória,39272,pptx,1514152891.0,candidato,COR/51,titulo
Corinhos/D/De todas as tribos.ppt,COR,,De todas as tribos,236544,ppt,1448815531.0,candidato,COR/52,titulo
Corinhos/D/Deleita-te no Senhor.pptx,COR,,Deleita-te no Senhor,146575,pptx,1475286019.0,sem-match,,
Corinhos/D/Deus ao mundo amou.pptx,COR,,Deus ao mundo amou,177350,pptx,1437942085.0,candidato,COR/55,titulo
Corinhos/D/Deus de minha alma.pptx,COR,,DEUS DE MINHA ALMA,116568,pptx,1764444967.0,sem-match,,
Corinhos/D/Deus está Presente.pptx,COR,,Deus Está Presente,191153,pptx,1708290343.0,duplicado-antigo,COR/9,titulo
Corinhos/D/Digno És (revisado).pptx,COR,,DIGNO ÉS,192521,pptx,1737289293.0,candidato,COR/58,titulo
Corinhos/D/Digno de Louvor (2).pptx,COR,,Digno de Louvor,173867,pptx,1447548951.0,sem-match,,
Corinhos/D/Digno es.ppt,COR,,Digno És,127488,ppt,1388958830.0,duplicado-antigo,COR/58,titulo
Corinhos/D/Digno é o cordeiro.pptx,COR,,DIGNO,241926,pptx,1381094939.0,candidato,COR/57,titulo
Corinhos/D/Digno és (Pai Criador).pptx,COR,,"Pai Criador, Majestoso Rei",68958,pptx,1425246221.0,sem-match,,
Corinhos/D/Digno.ppt,COR,,Digno,585216,ppt,1306009278.0,candidato,COR/56,titulo
Corinhos/D/Doce Nome.pptx,COR,,Doce Nome,170461,pptx,1435434761.0,candidato,COR/59,titulo
Corinhos/D/O TEMPO NÃO PODE APAGAR.pptx,COR,,O TEMPO NÃO PODE APAGAR,44769,pptx,1313274820.0,candidato,COR/119,titulo
Corinhos/E/EIS-ME AQUI.pptx,COR,,EIS-ME AQUI,176575,pptx,1416684153.0,sem-match,,
Corinhos/E/ELE E DEUS.pptx,COR,,ELE É DEUS,202705,pptx,1759670495.0,duplicado-antigo,COR/12,titulo
Corinhos/E/EM AMOR POR TI.pptx,COR,,EM AMOR POR TI,173775,pptx,1418594975.0,candidato,COR/65,titulo
Corinhos/E/EU VI CRISTO EM TI.pptx,COR,,Eu vi Cristo em ti,148559,pptx,1465159702.0,sem-match,,
"Corinhos/E/Eis, Nosso Deus.pptx",COR,,"Eis, Nosso Deus",189328,pptx,1690143004.0,duplicado-antigo,COR/4,titulo
Corinhos/E/Eis-me aqui (Hinos de Louvor).pptx,COR,,Eis-me aqui,169124,pptx,1447604185.0,sem-match,,
"Corinhos/E/Eis-me aqui, senhor.pptx",COR,,"Eis-me aqui, Senhor",172816,pptx,1416175945.0,candidato,COR/60,titulo
Corinhos/E/Ele é exaltado.pptx,COR,,Ele é exaltado,122873,pptx,1763834990.0,candidato,COR/61,titulo
Corinhos/E/Ele é meu e teu Senhor.ppt,COR,,Ele é meu e teu Senhor,275968,ppt,1458420849.0,sem-match,,
Corinhos/E/Ele nos libertou.pptx,COR,,Ele nos libertou,177377,pptx,1453665942.0,duplicado-antigo,COR/62,titulo
Corinhos/E/Ele voltara.ppt,COR,,Ele voltará,147456,ppt,1322340084.0,candidato,COR/63,titulo
Corinhos/E/Elevo os meu olhos.pptx,COR,,Elevo os meu olhos,243571,pptx,1530973948.0,candidato,COR/64,titulo
Corinhos/E/Em Memória de Ti.pptx,COR,,Em Memória de Ti,89616,pptx,1298741268.0,candidato,COR/67,titulo
"Corinhos/E/Em espirito, em verdade.ppt",COR,,"Em espírito, em verdade",246784,ppt,1413147895.0,candidato,COR/66,titulo
Corinhos/E/Entao se Vera.ppt,COR,,Então se verá,137728,ppt,1342900214.0,candidato,COR/68,titulo
Corinhos/E/Entre as nações.pptx,COR,,Entre as nações,179415,pptx,1445788549.0,candidato,COR/69,titulo
Corinhos/E/Entre nós outra vez.ppt,COR,,Entre nós outra vez,50688,ppt,1239567370.0,candidato,COR/70,titulo
Corinhos/E/Entregarei a Ti.pptx,COR,,Entregarei a Ti,172851,pptx,1437941891.0,sem-match,,
Corinhos/E/Esta Paz.pptx,COR,,Esta paz,200904,pptx,1777761053.0,candidato,COR/72,titulo
Corinhos/E/Esta paz.ppt,COR,,Esta paz,164352,ppt,1304207096.0,duplicado-antigo,COR/72,titulo
Corinhos/E/Estou alegre.ppt,COR,,Estou Alegre,263680,ppt,1448110778.0,candidato,COR/73,titulo
Corinhos/E/Estrela da manha.ppt,COR,,Estrela da manhã,157696,ppt,1392497890.0,candidato,COR/74,titulo
Corinhos/E/Eu pertenço ao Rei.ppt,COR,,Eu pertenço ao Rei,254976,ppt,1422740097.0,sem-match,,
Corinhos/E/Eu só confio no Senhor.pptx,COR,,Eu só confio no Senhor,167223,pptx,1439040017.0,candidato,COR/75,titulo
Corinhos/E/Eu vi Cristo em ti.ppt,COR,,Eu vi Cristo em ti,157184,ppt,1365973203.0,sem-match,,
Corinhos/E/Exaltai o Senhor.pptx,COR,,Exaltai o Senhor,146109,pptx,1469394493.0,candidato,COR/76,titulo
Corinhos/E/Excelsa Graça - NOVO.pptx,COR,,Excelsa Graça,196519,pptx,1787477467.0,sem-match,,
Corinhos/E/Excelsa Graça.pptx,COR,,Excelsa Graça,150957,pptx,1548027451.0,sem-match,,
Corinhos/E/eu amo a cruz.pptx,COR,,Eu amo a cruz,179417,pptx,1448207515.0,sem-match,,
Corinhos/E/és incomparável.ppt,COR,,És incomparável,284672,ppt,1406469827.0,candidato,COR/71,titulo
"Corinhos/Eis-me aqui, Mestre.pptx",COR,,"Eis-me aqui, Mestre",170482,pptx,1445189514.0,sem-match,,
Corinhos/F/Falemos De Cristo.ppt,COR,,Falemos De Cristo,129536,ppt,1316909408.0,candidato,COR/77,titulo
Corinhos/F/Familia OANSE.pptx,COR,,Família O.A.N.S.E.,49196,pptx,1512338748.0,candidato,COR/78,titulo
"Corinhos/F/Família, projeto de Deus.pptx",COR,,"Família, projeto de Deus",176451,pptx,1439737279.0,candidato,COR/79,titulo
Corinhos/F/Faz Tua Vontade em mim.pptx,COR,,Faz Tua Vontade em mim,55041,pptx,1287960620.0,candidato,COR/80,titulo
Corinhos/F/Filho prodigo.ppt,COR,,Filho pródigo,116736,ppt,1228140042.0,candidato,COR/81,titulo
Corinhos/F/Firmai-vos no Senhor.pptx,COR,,Firmai-vos em Cristo,140617,pptx,1777634939.0,sem-match,,
Corinhos/F/Firme nas Promessas.ppt,COR,,Firme nas Promessas,27648,ppt,1234040132.0,sem-match,,
Corinhos/F/Firme sê minha alma.pptx,COR,,FIRME SÊ MINHA ALMA Letra e Música: Keith and Kristyn Getty,55480,pptx,1781976019.0,candidato,COR/82,titulo
Corinhos/F/Fogo Purificador.pptx,COR,,Fogo PurificadorHinos de Louvor – nº 49,182862,pptx,1433708846.0,sem-match,,
Corinhos/F/Foi assim.pptx,COR,,Foi assim,119595,pptx,1758307984.0,duplicado-antigo,COR/2,titulo
Corinhos/Foi por Mim - HL 31.pptx,COR,,Foi por Mim,173132,pptx,1325392148.0,sem-match,,
Corinhos/G/05 - GUARDA O TEU CORAÇÃO.ppt,COR,05,Guarda o teu coraçãoV.M. 262,227840,ppt,1489263362.0,duplicado-antigo,COR/5,numero
Corinhos/G/GLÓRIA.pptx,COR,,Glória,145295,pptx,1449439401.0,candidato,COR/83,titulo
Corinhos/G/Gloria pra sempre.ppt,COR,,Glória pra sempre,248320,ppt,1411917828.0,sem-match,,
Corinhos/G/Graças a Deus.pptx,COR,,Graças a Deus,141474,pptx,1480197470.0,sem-match,,
Corinhos/G/Grande é o Senhor.ppt,COR,,Grande é o Senhor,264192,ppt,1409432355.0,sem-match,,
Corinhos/G/Grandioso Pai.pptx,COR,,Grandioso Pai,169465,pptx,1463916744.0,sem-match,,
Corinhos/H/Ha caminhos.ppt,COR,,Há caminhos,130048,ppt,1386460450.0,candidato,COR/84,titulo
Corinhos/H/Há Momentos.ppt,COR,,Há momentos,239616,ppt,1459110894.0,candidato,COR/85,titulo
Corinhos/H/Hoje e tempo de louvar.ppt,COR,,Hoje é tempo de louvar,155136,ppt,1270927570.0,candidato,COR/86,titulo
Corinhos/Hei de Vê-lo - 40 HL.pptx,COR,,Hei de Vê-lo,144037,pptx,1489262190.0,sem-match,,
"Corinhos/I/Imutável, Altíssimo Deus.pptx",COR,,"Imutável, Altíssimo Deus",149343,pptx,1457297556.0,sem-match,,
Corinhos/J/Jesus Cristo mudou meu viver.ppt,COR,,Jesus Cristo mudou meu viver,129024,ppt,1333224872.0,candidato,COR/87,titulo
Corinhos/J/Jesus em tua preseça.ppt,COR,,Jesus em Tua presença,121856,ppt,1307218290.0,candidato,COR/88,titulo
Corinhos/J/Jesus vira.ppt,COR,,Jesus virá,263680,ppt,1424047760.0,candidato,COR/89,titulo
Corinhos/J/Junto ao Meu Deus.pptx,COR,,Junto ao Meu Deus,125658,pptx,1325392370.0,sem-match,,
Corinhos/J/Juntos à Mesa do Senhor.pptx,COR,,Juntos à Mesa do Senhor,205101,pptx,1725835136.0,candidato,COR/90,titulo
Corinhos/L/LAR CELESTIAL.pptx,COR,,LAR CELESTIAL,172385,pptx,1408286452.0,sem-match,,
Corinhos/L/LÁ ESTÁ O MEU TESOURO.pptx,COR,,LÁ ESTÁ O MEU TESOURO,167096,pptx,1413147862.0,sem-match,,
Corinhos/L/Lança o teu cuidado.ppt,COR,,Salmo 55,232960,ppt,1407076851.0,candidato,COR/93,titulo
Corinhos/L/Lâmpada Para Os Meus Pés_NOVO.pptx,COR,,Lâmpada Para Os Meus Pés,171185,pptx,1540760008.0,candidato,COR/92,titulo
Corinhos/L/Lâmpada para os meus pés.pptx,COR,,Lâmpada para os meus pés,177857,pptx,1455391265.0,duplicado-antigo,COR/92,titulo
Corinhos/L/Leão de Judá.pptx,COR,,Leão de Judá,39962,pptx,1302996902.0,candidato,COR/94,titulo
Corinhos/L/Livre Acesso.ppt,COR,,Livre acesso,242176,ppt,1427661309.0,candidato,COR/95,titulo
Corinhos/L/Logo de manhã HCC 401.pptx,COR,,HCC 401Logo de manhã,189421,pptx,1756602695.0,sem-match,,
Corinhos/L/Louvado seja.pptx,COR,,Louvado seja,65939,pptx,1337457420.0,candidato,COR/96,titulo
Corinhos/M/20 - Meu Deus é bom.pptx,COR,20,Meu Deus é bom,149527,pptx,1476047547.0,duplicado-antigo,COR/20,numero
Corinhos/M/MAIS VALE QUE O OURO.pptx,COR,,MAIS VALE QUE O OURO,175819,pptx,1445788784.0,sem-match,,
Corinhos/M/MARCAS DE VALOR.ppt,COR,,MARCAS DE VALOR,109056,ppt,1229630878.0,candidato,COR/97,titulo
Corinhos/M/MENSAGEIRO.pptx,COR,,MENSAGEIRO,45437,pptx,1365972955.0,candidato,COR/100,titulo
Corinhos/M/MEU CORAÇÃO.pptx,COR,,MEU CORAÇÃOV.M. 283,176677,pptx,1424639044.0,candidato,COR/102,titulo
Corinhos/M/MEU DEUS CUIDA DE MIM - VM 55.pptx,COR,,MEU DEUS CUIDA DE MIM,169974,pptx,1416684140.0,sem-match,,
Corinhos/M/MINHA ORAÇÃO.pptx,COR,,MINHA ORAÇÃO,172046,pptx,1424638938.0,sem-match,,
Corinhos/M/Mais perto.pptx,COR,,Mais perto,172855,pptx,1423432924.0,sem-match,,
Corinhos/M/Maravilhoso és.ppt,COR,,Maravilhoso És,235520,ppt,1413063002.0,sem-match,,
Corinhos/M/Medley - A alegria está no coração.pptx,COR,,Medley,190603,pptx,1362265062.0,candidato,COR/98,titulo
Corinhos/M/Medley - Missões.pptx,COR,,MEDLEY DE MISSÕES,54868,pptx,1385242046.0,sem-match,,
Corinhos/M/Mente e Coração.pptx,COR,,Mente e Coração,182635,pptx,1426970801.0,candidato,COR/101,titulo
Corinhos/M/Meu Deus é bom.pptx,COR,,Boa obra em vós,172775,pptx,1476046476.0,candidato,COR/103,titulo
Corinhos/M/Meu tempo a sos com Deus.ppt,COR,,Meu tempo a sós com Deus,253952,ppt,1431815549.0,sem-match,,
Corinhos/M/Minha razao de viver.ppt,COR,,Minha razão de viver,125440,ppt,1315079374.0,candidato,COR/104,titulo
Corinhos/M/Morri na cruz por ti.pptx,COR,,Morri na cruz por ti,173271,pptx,1325392304.0,sem-match,,
Corinhos/M/Motivo da minha canção.ppt,COR,,O motivo da minha canção,155136,ppt,1368906835.0,candidato,COR/105,titulo
Corinhos/M/Muitos virão te louvar.ppt,COR,,Muitos virão te louvar,386048,ppt,1325361836.0,candidato,COR/106,titulo
Corinhos/N/Nao ha Deus maior.ppt,COR,,Não há Deus maior,122880,ppt,1358630276.0,candidato,COR/108,titulo
Corinhos/N/Não há Deus acima do Senhor - Medley.pptx,COR,,Não há Deus acima do Senhor,156293,pptx,1471792082.0,duplicado-antigo,COR/107,titulo
Corinhos/N/Não há Deus acima do Senhor.pptx,COR,,SALMO 18,169029,pptx,1471793192.0,candidato,COR/107,titulo
Corinhos/N/Não temerei.pptx,COR,,Não temereiV.M. 289,177347,pptx,1411916878.0,sem-match,,
Corinhos/N/Nossa Gratidão.pptx,COR,,NOSSA GRATIDÃO,53719,pptx,1386967421.0,candidato,COR/109,titulo
Corinhos/N/Nossa glória é Jesus conhecer.pptx,COR,,Nossa glória é Jesus conhecer,175176,pptx,1424129704.0,sem-match,,
Corinhos/N/Nosso Deus é Soberano.pptx,COR,,Nosso Deus é Soberano,193829,pptx,1783822702.0,duplicado-antigo,COR/8,titulo
Corinhos/N/Nosso Mediador.pptx,COR,,Nosso Mediador,106994,pptx,1736093030.0,candidato,COR/110,titulo
Corinhos/N/Novos caminhos.ppt,COR,,Novos caminhos,2573312,ppt,1306008670.0,candidato,COR/111,titulo
Corinhos/N/Numa cruz cravado pelo amor.pptx,COR,,Numa cruz cravado pelo amor,149840,pptx,1462046340.0,duplicado-antigo,COR/112,titulo
Corinhos/O/O PRECIOSO SANGUE.pptx,COR,,O PRECIOSO SANGUE,169343,pptx,1410643764.0,candidato,COR/115,titulo
Corinhos/O/O PRIMEIRO NATAL.pptx,COR,,O PRIMEIRO NATAL,780995,pptx,1387663986.0,candidato,COR/116,titulo
Corinhos/O/O Poder da Cruz - Keith Getty and Stuart T. R. Coleman.pptx,COR,,O Poder da Cruz,192438,pptx,1680127649.0,candidato,COR/114,titulo
Corinhos/O/O Rei está voltando.ppt,COR,,O Rei está voltando,166400,ppt,1318100940.0,candidato,COR/117,titulo
Corinhos/O/O SANGUE DE CRISTO.pptx,COR,,O Sangue de Cristo,185021,pptx,1446997367.0,sem-match,,
Corinhos/O/O Senhor é Meu Pastor.pptx,COR,,O Senhor É Meu Pastor,127497,pptx,1532292739.0,candidato,COR/118,titulo
Corinhos/O/O mesmo que sentiu Jesus.pptx,COR,,Letra e Música: Jaime F. da Costa Jr.,48624,pptx,1729982447.0,candidato,COR/113,titulo
Corinhos/O/O sangue de Cristo 164.pptx,COR,,O sangue de Cristo,173471,pptx,1450026361.0,sem-match,,
Corinhos/O/O tempo não pode apagar.pptx,COR,,O tempo não pode apagar,42188,pptx,1313106866.0,duplicado-antigo,COR/119,titulo
Corinhos/O/O teu Querer - NOVO.pptx,COR,,O Teu Querer,118109,pptx,1546730108.0,candidato,COR/120,titulo
Corinhos/O/O teu querer.pptx,COR,,O teu querer,143064,pptx,1468790144.0,duplicado-antigo,COR/120,titulo
Corinhos/O/Oferta viva.ppt,COR,,Oferta viva,138240,ppt,1335035870.0,candidato,COR/121,titulo
Corinhos/O/Oh Graça Excelsa!.pptx,COR,,Oh! Graça Excelsa do Senhor,148043,pptx,1468789997.0,sem-match,,
Corinhos/O/Orar sem cessar.pptx,COR,,Orar sem cessar,180447,pptx,1691350263.0,candidato,COR/122,titulo
Corinhos/O/Os céus declaram.pptx,COR,,Os céus declaram,149159,pptx,1518988113.0,sem-match,,
Corinhos/O/Os que confiam no Senhor.ppt,COR,,Os que confiam no Senhor,141824,ppt,1361048470.0,sem-match,,
Corinhos/O/Ó Louvai a Deus comigo.pptx,COR,,"Ó, louvai a Deus comigo",196966,pptx,1783802297.0,duplicado-antigo,COR/11,titulo
Corinhos/O/Ó Profundidade das Riquezas .pptx,COR,,Ó profundidade das Riquezas,193759,pptx,1746899934.0,sem-match,,
Corinhos/P/1. Perfeita Vontade de Deus.pptx,COR,1,Perfeita Vontade de Deus,63337,pptx,1584305682.0,duplicado-antigo,COR/1,numero
Corinhos/P/PARA O LOUVOR DA SUA GLÓRIA.pptx,COR,,PARA O LOUVOR DA SUA GLÓRIA,171545,pptx,1422739735.0,candidato,COR/124,titulo
Corinhos/P/PORQUE DEUS AMOU O MUNDO.pptx,COR,,PORQUE DEUS AMOU O MUNDO,53994,pptx,1371415100.0,candidato,COR/131,titulo
"Corinhos/P/Pai, abre o meu coracao.pptx",COR,,"Pai, Abre o Meu Coração",193483,pptx,1727646151.0,candidato,COR/123,titulo
Corinhos/P/Para sempre com Jesus.pptx,COR,,Para sempre com Jesus,180706,pptx,1411918488.0,duplicado-antigo,COR/125,titulo
"Corinhos/P/Pela Graça, Sim!.pptx",COR,,"Pela Graça, Sim!",146338,pptx,1474208475.0,sem-match,,
Corinhos/P/Pelo Senhor Marchamos.ppt,COR,,Pelo Senhor marchamos,143872,ppt,1302962738.0,candidato,COR/126,titulo
Corinhos/P/Perfeita Paz - HL 18.pptx,COR,,Perfeita Paz,148372,pptx,1473002791.0,sem-match,,
Corinhos/P/Perfeita Vontade de Deus.pptx,COR,,Perfeita Vontade de Deus,75102,pptx,1532292592.0,candidato,COR/127,titulo
Corinhos/P/Planta a semente.pptx,COR,,Planta a semente,173591,pptx,1415547158.0,candidato,COR/128,titulo
Corinhos/P/Por amor.pptx,COR,,Letra: Ádamo Rocha,54650,pptx,1729981505.0,candidato,COR/129,titulo
Corinhos/P/Por mim morreu Jesus.pptx,COR,,Por mim morreu Jesus,98710,pptx,1459112793.0,candidato,COR/130,titulo
Corinhos/P/Porque Ele vive.ppt,COR,,Porque Ele vive,252416,ppt,1480283615.0,duplicado-antigo,COR/132,titulo
Corinhos/P/Posso ser um missionariozinho.pptx,COR,,--- slide 2 ---,92869,pptx,1543066609.0,candidato,COR/133,titulo
Corinhos/P/Prece Missionária.pptx,COR,,"“E como ouvirão, se não forem enviados?",105693,pptx,1542502283.0,candidato,COR/134,titulo
Corinhos/P/Preciso do Senhor.pptx,COR,,PRECISO DO SENHOR,167347,pptx,1443972669.0,sem-match,,
Corinhos/P/Proclamai.pptx,COR,,Proclamai,168674,pptx,1316898176.0,candidato,COR/135,titulo
Corinhos/Q/Que Fiéis Nós Sejamos.pptx,COR,,Que Fiéis Nós Sejamos,151780,pptx,1524945545.0,sem-match,,
Corinhos/Q/Quem nos Separará (NOVO).pptx,COR,,Hino CC nº 1,44066,pptx,1716724678.0,sem-match,,
Corinhos/Q/Quem nos separará.ppt,COR,,Quem nos separará,123904,ppt,1716724569.0,candidato,COR/136,titulo
Corinhos/Q/Quem pode livrar.ppt,COR,,Quem pode livrar?,126464,ppt,1361047924.0,candidato,COR/137,titulo
Corinhos/Q/Quem somos nós.pptx,COR,,,29142,pptx,1430082106.0,erro-extracao,,
Corinhos/Q/Quero buscar teu caminho.pptx,COR,,QUERO BUSCAR TEU CAMINHO,41282,pptx,1716153548.0,candidato,COR/138,titulo
Corinhos/Quem somos nós.pptx,COR,,Quem somos nósH.L. 105,151765,pptx,1548021501.0,sem-match,,
Corinhos/R/Regozija em Deus.pptx,COR,,Regozija em Deus,174146,pptx,1442763831.0,sem-match,,
Corinhos/R/Renova-me.ppt,COR,,Renova-me,123392,ppt,1367700524.0,candidato,COR/139,titulo
Corinhos/R/Reunidos aqui.pptx,COR,,Reunidos Aqui,56091,pptx,1372011273.0,candidato,COR/140,titulo
Corinhos/R/Rude Cruz  - 164.pptx,COR,,Rude Cruz,173777,pptx,1450026343.0,sem-match,,
Corinhos/R/Rude cruz.ppt,COR,,Rude Cruz,50176,ppt,1235943852.0,sem-match,,
Corinhos/S/185. SEJA BENDITO O CORDEIRO.pptx,COR,185,SEJA BENDITO O CORDEIRO,187115,pptx,1445205901.0,sem-match,,
Corinhos/S/SALMO 78.pptx,COR,,SALMO 78,171947,pptx,1409432672.0,sem-match,,
Corinhos/S/Salmo 1.ppt,COR,,Salmo 1,266752,ppt,1549207686.0,candidato,COR/141,titulo
Corinhos/S/Salmo 103.pptx,COR,,Salmo 103,173052,pptx,1414337372.0,candidato,COR/142,titulo
Corinhos/S/Salmo 121.pptx,COR,,Salmo 121,193335,pptx,1717331100.0,candidato,COR/143,titulo
Corinhos/S/Salmo 23.pptx,COR,,Salmo 23,171435,pptx,1432478464.0,candidato,COR/144,titulo
Corinhos/S/Salmo 46 - Deus é o nosso refúgio.pptx,COR,,Salmo 46,175554,pptx,1528556399.0,duplicado-antigo,COR/145,titulo
"Corinhos/S/Santo És, Senhor - Coral.pptx",COR,,"Santo És, Senhor(Santo, Santo, Santo)",154636,pptx,1463313593.0,sem-match,,
"Corinhos/S/Santo És, Senhor.pptx",COR,,"SANTO ÉS, SENHOR",146249,pptx,1469306178.0,candidato,COR/146,titulo
Corinhos/S/Satisfação.ppt,COR,,Satisfação,249856,ppt,1414337587.0,candidato,COR/147,titulo
Corinhos/S/Sempre o mesmo.pptx,COR,,SEMPRE O MESMO,170816,pptx,1406471775.0,sem-match,,
Corinhos/S/Será exaltado (VM 100).pptx,COR,,Será exaltado,170112,pptx,1488746564.0,sem-match,,
Corinhos/S/Servir-te.pptx,COR,,SERVIR-TE,191468,pptx,1737289164.0,candidato,COR/148,titulo
Corinhos/S/Seu exemplo imitar.pptx,COR,,Letra e Música: Matheus Ribeiro Pontes.,48861,pptx,1757819131.0,candidato,COR/149,titulo
Corinhos/S/Sê forte.pptx,COR,,Sê Forte,146242,pptx,1469998920.0,sem-match,,
Corinhos/S/Sinais Do Teu Proceder.REVISADO.pptx,COR,,SINAIS DO SEU PROCEDER,171704,pptx,1550436966.0,candidato,COR/150,titulo
Corinhos/S/Sinais do Seu proceder.pptx,COR,,Sinais do Teu Proceder,172172,pptx,1488747418.0,duplicado-antigo,COR/150,titulo
Corinhos/S/Somente a Ti.pptx,COR,,Letra e Música: Jailson Vieira,54159,pptx,1711281377.0,candidato,COR/151,titulo
Corinhos/S/Sou sua criação.pptx,COR,,Sou sua criação,181886,pptx,1737289167.0,sem-match,,
Corinhos/Servo de Todos - HL 91.pptx,COR,,Servo de Todos,170005,pptx,1325392112.0,sem-match,,
Corinhos/T/TÃO GRANDE É SEU AMOR.pptx,COR,,TÃO GRANDE É SEU AMOR,176862,pptx,1469305291.0,sem-match,,
"Corinhos/T/TU ÉS FIEL, SENHOR.pptx",COR,,"TU ÉS FIEL, SENHOR",149166,pptx,1474207146.0,sem-match,,
Corinhos/T/TUDO POSSO.pptx,COR,,Filipenses 4,53142,pptx,1385239115.0,candidato,COR/158,titulo
Corinhos/T/Tão Alto preço.pptx,COR,,Tão alto preço,173322,pptx,1447020098.0,candidato,COR/152,titulo
Corinhos/T/Te Agradeço oh Pai.pptx,COR,,Te Agradeço ó Pai,178469,pptx,1409430527.0,candidato,COR/153,titulo
Corinhos/T/Te amo - V.M. 358.pptx,COR,,TE AMOV.M. 358,156909,pptx,1469302857.0,sem-match,,
Corinhos/T/Tempos Preciosos - V.M. 423.pptx,COR,,Tempos Preciosos,150822,pptx,1480197511.0,sem-match,,
Corinhos/T/Transformado.pptx,COR,,Transformado,193649,pptx,1725830405.0,candidato,COR/154,titulo
Corinhos/T/Tu és Soberano.ppt,COR,,Tu És Soberano,250880,ppt,1413147962.0,candidato,COR/155,titulo
Corinhos/T/Tu me susterás.pptx,COR,,TU ME SUSTERÁS,6542018,pptx,1624143189.0,candidato,COR/156,titulo
Corinhos/T/Tua é Senhor a vitória.ppt,COR,,"Tua é Senhor, a vitória",123392,ppt,1392500901.0,candidato,COR/157,titulo
"Corinhos/TU ÉS FIEL, SENHOR.pptx",COR,,"TU ÉS FIEL, SENHOR",148733,pptx,1719748424.0,sem-match,,
Corinhos/U/UM A UM.pptx,COR,,UM A UM,173784,pptx,1445788679.0,sem-match,,
Corinhos/U/UM SERVO TEU.pptx,COR,,UM SERVO TEUV.M. 278,178813,pptx,1524430703.0,sem-match,,
Corinhos/U/Uma centelha.ppt,COR,,Uma centelha,256000,ppt,1427661577.0,duplicado-antigo,COR/159,titulo
Corinhos/U/Uma linda canção.ppt,COR,,Uma linda canção,236032,ppt,1405870193.0,duplicado-antigo,COR/160,titulo
"Corinhos/U/Unidos, Ó Casais, No Senhor - Jaime F. da Costa Jr..pptx",COR,,"UNIDOS, Ó CASAIS, NO SENHOR",219151,pptx,1680387251.0,candidato,COR/161,titulo
Corinhos/V/VINHO E PÃO.pptx,COR,,VINHO E PÃO,42782,pptx,1368307759.0,duplicado-antigo,COR/163,titulo
Corinhos/V/Vaso Novo.ppt,COR,,Vaso Novo,257024,ppt,1427661461.0,sem-match,,
Corinhos/V/Vem com Josué!!.pptx,COR,,Vem com Josué!!,39091,pptx,1399728021.0,duplicado-antigo,COR/162,titulo
Corinhos/V/Vem nosso lar abençoar.pptx,COR,,Vem nosso lar abençoar,148139,pptx,1528065144.0,sem-match,,
Corinhos/V/Venha adorar.pptx,COR,,Venha adorar,176499,pptx,1455391293.0,sem-match,,
Corinhos/V/Vinde Adoremos.pptx,COR,,Vinde Adoremos,48150,pptx,1307219936.0,duplicado-antigo,COR/165,titulo
Corinhos/V/Vive em Mim - slide.pptx,COR,,Vive em Mim,170336,pptx,1450043788.0,duplicado-antigo,COR/164,titulo
Corinhos/V/Vos prostrai.pptx,COR,,Vos prostrai,170034,pptx,1425760221.0,sem-match,,
Corinhos/Your Grace Is Enough.pptx,COR,,"Grande é Sua fidelidade, oh DeusVocê luta com o coração do pecadorVocê ainda leva-nos por águas tranquilas em misericórd",143659,pptx,1276385734.0,sem-match,,
Cristo Bom Mestre.pptx,,,Cristo Bom Mestre,738036,pptx,1748691356.0,candidato,VM/259,titulo
DAI GLORIA A CRISTO.pptx,,,SEJAM SEMPRE A TI,118274,pptx,1743336315.0,sem-match,,
DEUS DE VIVOS.pptx,,,Letra e Música: Jaime F da Costa Jr,48037,pptx,1732475317.0,sem-match,,
Deus está Presente.pptx,,,Deus Está Presente,191153,pptx,1708290343.0,duplicado-antigo,COR/9,titulo
EIS NOSSO DEUS.pptx,,,EIS NOSSO DEUS,191348,pptx,1782004583.0,duplicado-antigo,COR/4,titulo
Ele é meu e teu Senhor.ppt,,,Ele é meu e teu Senhor,275968,ppt,1776600478.0,duplicado-antigo,HCC/202,titulo
Ele nos Libertou.pptx,,,Letra e Música: Jailson Vieira,44757,pptx,1609102275.0,candidato,COR/62,titulo
Elevo os meus olhos.pptx,,,Elevo os Meus Olhos,133422,pptx,1531083640.0,sem-match,,
Em defesa da fé.pptx,,,Letra e Música: Jaime F da Costa Jr,40856,pptx,1693773977.0,sem-match,,
Entre Nuvens.pptx,,,ENTRE NUVENS,105339,pptx,1746972076.0,sem-match,,
É viva a minha fé.pptx,,,É viva a minha fé,102692,pptx,1650205083.0,sem-match,,
"Fé, mais fé.pptx",,,"Fé, mais féAmor, mais amorQuem não tem, peça ao SalvadorPois sem fé, e sem amorNão pode agradar ao Senhor.",42645,pptx,1541853019.0,sem-match,,
Gracioso é Deus.pptx,,,Gracioso é Deus,116977,pptx,1727006553.0,sem-match,,
HCC/ HCC 401 Logo de manhã.pptx,HCC,,HCC 401Logo de manhã,189421,pptx,1756602982.0,sem-match,,
HCC/HCC 208 Eu não posso fugir do teu Espírito.pptx,HCC,208,Eu não posso fugir do Teu Espírito,183299,pptx,1756028200.0,candidato,HCC/208,numero
HCC/HCC 226 Este É o Dia do Senhor.pptx,HCC,226,Este É o Dia do Senhor,100291,pptx,1756027650.0,candidato,HCC/226,numero
"HCC/HCC 233 Não nós, Senhor.pptx",HCC,233,"NÃO A NÓS, SENHOR",42292,pptx,1777809622.0,candidato,HCC/233,numero
HCC/HCC 380 Com a minha voz clamo ao Senhor.pptx,HCC,380,Com a minha voz clamo ao Senhor,192288,pptx,1785006732.0,duplicado-antigo,HCC/380,numero
HCC/HCC 574. Um So Rebanho.pptx,HCC,574,Um só Rebanho,183146,pptx,1782003702.0,duplicado-antigo,HCC/574,numero
HL 82 Meu Cristo.pptx,HL,82,Meu Cristo,195559,pptx,1781405972.0,duplicado-antigo,HL/82,numero
Hino à Bandeira.pptx,,,Hino à Bandeira Nacional,109043,pptx,1541971460.0,duplicado-antigo,CC/576,titulo
Hinos de Louvor NOVO/1 Grandioso Pai.pptx,HL,1,Grandioso Pai,180724,pptx,1751747743.0,duplicado-antigo,HL/1,numero
Hinos de Louvor NOVO/10. Sê exaltado.pptx,HL,10,Sê Exaltado,127953,pptx,1691351095.0,duplicado-antigo,HL/10,numero
Hinos de Louvor NOVO/101 Não Temas.pptx,HL,101,Não Temas,99189,pptx,1546730501.0,duplicado-antigo,HL/101,numero
Hinos de Louvor NOVO/104. Firmai-vos Em Cristo.pptx,HL,104,Letra e Música: Jaime F. da Costa Jr.,58180,pptx,1788264373.0,duplicado-antigo,HL/104,numero
Hinos de Louvor NOVO/105.Quem somos nós.pptx,HL,105,QUEM SOMOS NÓS,132881,pptx,1550357767.0,duplicado-antigo,HL/105,numero
Hinos de Louvor NOVO/11. Vos Prostrai.pptx,HL,11,Vos Prostrai,184086,pptx,1691351187.0,duplicado-antigo,HL/11,numero
Hinos de Louvor NOVO/118.Cantai um Novo Cântico.pptx,HL,118,Hinos de Louvor nº 118,57127,pptx,1632084122.0,duplicado-antigo,HL/118,numero
Hinos de Louvor NOVO/14. Os ceus declaram.pptx,HL,14,Os céus declaram,100925,pptx,1553460842.0,duplicado-antigo,HL/14,numero
Hinos de Louvor NOVO/19.Deleita-te no Senhor.pptx,HL,19,Deleita-te no Senhor,122058,pptx,1551040701.0,duplicado-antigo,HL/19,numero
"Hinos de Louvor NOVO/2. Imutável, Altíssimo Deus (revisado).pptx",HL,2,"Imutável, Altíssimo Deus",184938,pptx,1737289482.0,duplicado-antigo,HL/2,numero
"Hinos de Louvor NOVO/2. Imutável, Altíssimo Deus.pptx",HL,2,"Imutável, Altíssimo Deus",184938,pptx,1737289490.0,duplicado-antigo,HL/2,numero
Hinos de Louvor NOVO/22 Jesus Chegou.pptx,HL,22,Hino HL nº 22,40765,pptx,1701027362.0,candidato,HL/22,numero
Hinos de Louvor NOVO/23.Nasceu Cristo em Belém.pptx,HL,23,Hino HL nº 23,44447,pptx,1609102275.0,duplicado-antigo,HL/23,numero
Hinos de Louvor NOVO/27 Tão grande é seu amor.pptx,HL,27,Tão Grande É Seu Amor,129713,pptx,1736079096.0,duplicado-antigo,HL/27,numero
Hinos de Louvor NOVO/28. Seu manto pelo meu (revisado).pptx,HL,28,Seu manto pelo meu,198185,pptx,1659887776.0,duplicado-antigo,HL/28,numero
Hinos de Louvor NOVO/28. Seu manto pelo meu.pptx,HL,28,Seu manto pelo meu,198185,pptx,1659886374.0,duplicado-antigo,HL/28,numero
Hinos de Louvor NOVO/3. Adoro a Ti (revisado).pptx,HL,3,Adoro a Ti,153614,pptx,1659887742.0,duplicado-antigo,HL/3,numero
Hinos de Louvor NOVO/3. Adoro a Ti.pptx,HL,3,Adoro a Ti,153614,pptx,1659883878.0,duplicado-antigo,HL/3,numero
Hinos de Louvor NOVO/31.Foi por Mim.pptx,HL,31,Foi por Mim,191313,pptx,1765736645.0,duplicado-antigo,HL/31,numero
Hinos de Louvor NOVO/33.Morri na Cruz por ti.pptx,HL,33,Morri na cruz por ti,84279,pptx,1552251665.0,duplicado-antigo,HL/33,numero
Hinos de Louvor NOVO/4.De eternidade a eternidade.pptx,HL,4,De Eternidade a Eternidade,196386,pptx,1757819212.0,duplicado-antigo,HL/4,numero
Hinos de Louvor NOVO/41 Graças a Deus.pptx,HL,41,Graças a Deus,119372,pptx,1543678166.0,duplicado-antigo,HL/41,numero
Hinos de Louvor NOVO/43. Entregarei a Ti.pptx,HL,43,Hino HL nº 43,36301,pptx,1754847534.0,duplicado-antigo,HL/43,numero
Hinos de Louvor NOVO/47 Senhor me Ensina.pptx,HL,47,"Senhor, me ensina",181615,pptx,1770410406.0,duplicado-antigo,HL/47,numero
Hinos de Louvor NOVO/5 digno de louvor.pptx,HL,5,Digno de Honra,189600,pptx,1757819567.0,duplicado-antigo,HL/5,numero
"Hinos de Louvor NOVO/50. Não eu, mas Cristo.pptx",HL,50,Hino HL nº 50,6547741,pptx,1608498816.0,duplicado-antigo,HL/50,numero
Hinos de Louvor NOVO/53 Contemplai Os Povos.pptx,HL,53,Contemplai Os Povos,125453,pptx,1542483481.0,duplicado-antigo,HL/53,numero
Hinos de Louvor NOVO/55. Sê forte.pptx,HL,55,Sê forte,125733,pptx,1695590653.0,duplicado-antigo,HL/55,numero
Hinos de Louvor NOVO/56 olhando para Cristo .pptx,HL,56,Olhando para Cristo,189168,pptx,1787421480.0,duplicado-antigo,HL/56,numero
Hinos de Louvor NOVO/56. Olhando para Cristo (revisado).pptx,HL,56,Olhando para Cristo,190554,pptx,1771786366.0,duplicado-antigo,HL/56,numero
Hinos de Louvor NOVO/58. Juntos.pptx,HL,58,Juntos,226070,pptx,1680388082.0,duplicado-antigo,HL/58,numero
"Hinos de Louvor NOVO/62. A Família, Dom Divino.pptx",HL,62,Hino HL nº 62,83965,pptx,1788265070.0,duplicado-antigo,HL/62,numero
Hinos de Louvor NOVO/63. A Palavra do Senhor (antigo).pptx,HL,63,A Palavra do Senhor,185454,pptx,1760819679.0,duplicado-antigo,HL/63,numero
Hinos de Louvor NOVO/63. A Palavra do Senhor (revisado).pptx,HL,63,A Palavra do Senhor,185437,pptx,1770410584.0,duplicado-antigo,HL/63,numero
Hinos de Louvor NOVO/70 bendita cruz .pptx,HL,70,Bendita Cruz,122676,pptx,1628456120.0,duplicado-antigo,HL/70,numero
"Hinos de Louvor NOVO/78. Lindo És, Meu Mestre.pptx",HL,78,"Lindo És, Meu Mestre",183897,pptx,1757818702.0,duplicado-antigo,HL/78,numero
Hinos de Louvor NOVO/85 Nossa Glória É Jesus Conhecer.pptx,HL,85,Nossa Glória É Jesus Conhecer,183927,pptx,1547416292.0,duplicado-antigo,HL/85,numero
Hinos de Louvor NOVO/86 Preciso do Senhor.pptx,HL,86,Preciso do Senhor,183493,pptx,1756603700.0,duplicado-antigo,HL/86,numero
"Hinos de Louvor NOVO/9.Santo és, Senhor.pptx",HL,9,"Santo És, Senhor",183659,pptx,1748690803.0,duplicado-antigo,HL/9,numero
Hinos de Louvor NOVO/91 Servo de Todos.pptx,HL,91,Servo de Todos,166547,pptx,1649621243.0,duplicado-antigo,HL/91,numero
Hinos de Louvor NOVO/95.Dá Teu Melhor para o Mestre.pptx,HL,95,Hinos de Louvor nº 95,60175,pptx,1632084124.0,duplicado-antigo,HL/95,numero
Hinos de Louvor NOVO/97. Jubilosos Te Adoramos .pptx,HL,97,Hinos de Louvor nº 97,43032,pptx,1709495245.0,duplicado-antigo,HL/97,numero
Hinos de Louvor NOVO/98 Louve ao Senhor.pptx,HL,98,Louve ao Senhor,165346,pptx,1707074472.0,duplicado-antigo,HL/98,numero
Hinos de Louvor/1 - Grandioso Pai.pptx,HL,1,Grandioso Pai – 1,49298,pptx,1520777506.0,duplicado-antigo,HL/1,numero
Hinos de Louvor/105 - Quem somos nós.pptx,HL,105,Quem Somos Nós?(Letra e Música: Jaime F. da Costa Jr),541219,pptx,1456617398.0,duplicado-antigo,HL/105,numero
Hinos de Louvor/11 - Vos Prostrai.pptx,HL,11,Vos Prostrai – 11,176619,pptx,1405943106.0,duplicado-antigo,HL/11,numero
Hinos de Louvor/116 - Prossiga para o Alvo.pptx,HL,116,Prossiga Para o Alvo - 116Hinos de Louvor – 3ª Edição,326954,pptx,1787106421.0,duplicado-antigo,HL/116,numero
Hinos de Louvor/16 - Graça.pptx,HL,16,Graça – 16,131765,pptx,1788191412.0,duplicado-antigo,HL/16,numero
Hinos de Louvor/17 - Junto ao meu Deus.pptx,HL,17,Junto ao Meu Deus – 17,171290,pptx,1458508534.0,duplicado-antigo,HL/17,numero
Hinos de Louvor/19 - Deleita-te no Senhor.pptx,HL,19,Deleita-te no Senhor – 19,161046,pptx,1439034790.0,duplicado-antigo,HL/19,numero
Hinos de Louvor/193 - Maravilhosa Graça.pptx,HL,193,Hino CC nº 193,55827,pptx,1615754227.0,sem-match,,
"Hinos de Louvor/2- Imutável, Altíssimo Deus.pptx",HL,2,"Imutável, Altíssimo Deus – 2",131964,pptx,1776021403.0,duplicado-antigo,HL/2,numero
Hinos de Louvor/20 - Meu Deus é bom.pptx,HL,20,Meu Deus é bom - 20,143248,pptx,1475447306.0,duplicado-antigo,HL/20,numero
Hinos de Louvor/21 - Divino Amor.pptx,HL,21,Divino Amor – 21,158897,pptx,1456693866.0,duplicado-antigo,HL/21,numero
Hinos de Louvor/27 - Tão Grande É Seu Amor.pptx,HL,27,Tão Grande É Seu Amor – 27,178707,pptx,1449445590.0,duplicado-antigo,HL/27,numero
Hinos de Louvor/28 - Seu Manto pelo Meu.pptx,HL,28,Seu Manto pelo Meu- 28,137409,pptx,1403462308.0,duplicado-antigo,HL/28,numero
Hinos de Louvor/3 - Adoro a Ti.pptx,HL,3,Adoro a Ti – 3,176073,pptx,1473628432.0,duplicado-antigo,HL/3,numero
Hinos de Louvor/33 - Morri na cruz por ti.pptx,HL,33,H.L. 33,172009,pptx,1506887486.0,duplicado-antigo,HL/33,numero
Hinos de Louvor/37 - Não chores mais.pptx,HL,37,Não chores mais – 37,135350,pptx,1788191847.0,duplicado-antigo,HL/37,numero
Hinos de Louvor/4 - De eternidade a eternidade.pptx,HL,4,De Eternidade a Eternidade  – 4,176214,pptx,1475407774.0,duplicado-antigo,HL/4,numero
Hinos de Louvor/40 - Hei de vê-Lo.pptx,HL,40,Hei de vê-Lo – 40,135194,pptx,1788191913.0,duplicado-antigo,HL/40,numero
Hinos de Louvor/41 - Graças a Deus.pptx,HL,41,Eu irei a uma terra feliz – 48,148748,pptx,1693087381.0,duplicado-antigo,HL/41,numero
Hinos de Louvor/48 - Eu irei a uma terra feliz.pptx,HL,48,Eu irei a uma terra feliz – 48,144105,pptx,1693087659.0,duplicado-antigo,HL/48,numero
Hinos de Louvor/5 - Digno de Louvor.pptx,HL,5,Digno de Louvor – 5,176381,pptx,1416093596.0,duplicado-antigo,HL/5,numero
Hinos de Louvor/51 - Eu serei fiel.pptx,HL,51,Eu Serei Fiel – 51,138168,pptx,1425771984.0,duplicado-antigo,HL/51,numero
Hinos de Louvor/53 - Contemplai os povos.pptx,HL,53,Contemplai os povos – 53(Hinos de Louvor – 2ª Edição),137724,pptx,1788192559.0,duplicado-antigo,HL/53,numero
Hinos de Louvor/56 - Olhando para Cristo.pptx,HL,56,Olhando para Cristo – 56,184107,pptx,1405943112.0,duplicado-antigo,HL/56,numero
Hinos de Louvor/6 - Digno é o Senhor.pptx,HL,6,Digno é o Senhor – 6,181219,pptx,1451258914.0,duplicado-antigo,HL/6,numero
Hinos de Louvor/63 - A Palavra do Senhor.pptx,HL,63,A Palavra do Senhor – 63,181156,pptx,1469307832.0,duplicado-antigo,HL/63,numero
Hinos de Louvor/74 - HL 74 - COMPLETO EM TI.pptx,HL,74,COMPLETO EM TI - 74,58235,pptx,1638724404.0,duplicado-antigo,HL/74,numero
"Hinos de Louvor/80- Oh, graça excelsa do Senhor.pptx",HL,80,"Oh, graça excelsa do Senhor – 80",181273,pptx,1468785496.0,duplicado-antigo,HL/80,numero
Hinos de Louvor/85 - Nossa glória é Jesus conhecer.pptx,HL,85,Nossa Glória é Jesus Conhecer - 85Hinos de Louvor – 3ª Edição,3314342,pptx,1469801208.0,duplicado-antigo,HL/85,numero
"Hinos de Louvor/9 - Santo És, Senhor.pptx",HL,9,"Santo És, Senhor – 9",172183,pptx,1462488452.0,duplicado-antigo,HL/9,numero
Hinos de Louvor/91 - Servo de Todos.pptx,HL,91,Servo de Todos - 91Hinos de Louvor – 3ª Edição,183663,pptx,1469995412.0,duplicado-antigo,HL/91,numero
Hinos de Louvor/92 - Maravilhoso Amor.pptx,HL,92,Maravilhoso Amor – 92,178873,pptx,1468785226.0,duplicado-antigo,HL/92,numero
Hinos de Louvor/95 - Dá Teu Melhor para o Mestre.pptx,HL,95,Dá Teu Melhor para o Mestre - 95Hinos de Louvor – 3ª Edição,320823,pptx,1788193347.0,duplicado-antigo,HL/95,numero
Hinos de Louvor/97 - Jubilosos Te adoramos.pptx,HL,97,Jubilosos Te Adoramos - 97Hinos de Louvor – 3ª Edição,317822,pptx,1788193467.0,duplicado-antigo,HL/97,numero
"Hinos de Louvor/99 - Vós, Criaturas do Senhor.pptx",HL,99,"Vós, Criaturas do Senhor - 99Hinos de Louvor – 3ª Edição",326731,pptx,1788193532.0,duplicado-antigo,HL/99,numero
Hinos de Louvor/HL 51 Eu serei fiel.pptx,HL,51,Eu serei fiel,137304,pptx,1787106286.0,duplicado-antigo,HL/51,numero
Já ouviste de Cristo.pptx,,,Já ouviste de Cristo?,183436,pptx,1731257626.0,sem-match,,
Jesus ressurreto.pptx,,,"Falemos de Cristo,",234594,pptx,1763168070.0,candidato,VM/381,titulo
Musica A Sua imagem.pptx,,,A Sua imagem,157612,pptx,1495884014.0,sem-match,,
NASCEU_O_REDENTOR 28 - Cantor Cristão.pptx,,,NASCEU O REDENTORCANTOR CRISTÃO - 28,54210,pptx,1765746133.0,sem-match,,
NOVA IDENTIDADE/CC/001 ao 100/CC-001-ANTÍFONA.pptx,CC,001,Antífona,262237,pptx,1787856179.0,candidato,CC/1,numero
"NOVA IDENTIDADE/CC/001 ao 100/CC-002-JUSTO_ÉS,_SENHOR.pptx",CC,002,"Justo és, Senhor",259109,pptx,1787856179.0,candidato,CC/2,numero
NOVA IDENTIDADE/CC/001 ao 100/CC-003-LOUVOR_AO_SENHOR.pptx,CC,003,Louvor ao Senhor,260124,pptx,1787856179.0,candidato,CC/3,numero
NOVA IDENTIDADE/CC/001 ao 100/CC-004-AO_DEUS_SANTO.pptx,CC,004,Ao Deus santo,259072,pptx,1787856179.0,candidato,CC/4,numero
NOVA IDENTIDADE/CC/001 ao 100/CC-005-PRESENÇA_DIVINA.pptx,CC,005,Presença divina,262306,pptx,1787856179.0,candidato,CC/5,numero
NOVA IDENTIDADE/CC/001 ao 100/CC-006-GLÓRIA_AO_SENHOR.pptx,CC,006,Glória ao Senhor,262318,pptx,1787856179.0,candidato,CC/6,numero
NOVA IDENTIDADE/CC/001 ao 100/CC-007-MARAVILHAS_DIVINAS.pptx,CC,007,Maravilhas divinas,266592,pptx,1787856179.0,candidato,CC/7,numero
NOVA IDENTIDADE/CC/001 ao 100/CC-008-A_DEUS_SUPREMO.pptx,CC,008,A Deus supremo,259074,pptx,1787856179.0,candidato,CC/8,numero
"NOVA IDENTIDADE/CC/001 ao 100/CC-009-SANTO,_SANTO.pptx",CC,009,"Santo, Santo",262303,pptx,1787856179.0,candidato,CC/9,numero
NOVA IDENTIDADE/CC/001 ao 100/CC-010-AUXÍLIO_DIVINO.pptx,CC,010,Auxílio divino,260130,pptx,1787856179.0,candidato,CC/10,numero
NOVA IDENTIDADE/CC/001 ao 100/CC-011-AO_DEUS_TRINO.pptx,CC,011,Ao Deus Trino,262277,pptx,1787856179.0,candidato,CC/11,numero
NOVA IDENTIDADE/CC/001 ao 100/CC-012-LOUVAMOS.pptx,CC,012,Louvamos,262326,pptx,1787856179.0,candidato,CC/12,numero
NOVA IDENTIDADE/CC/001 ao 100/CC-013-BENDIGAM_A_DEUS.pptx,CC,013,Bendigam a Deus,259102,pptx,1787856179.0,candidato,CC/13,numero
NOVA IDENTIDADE/CC/001 ao 100/CC-014-O_DEUS_DE_ABRAÃO.pptx,CC,014,O Deus de Abraão,262456,pptx,1787856179.0,candidato,CC/14,numero
NOVA IDENTIDADE/CC/001 ao 100/CC-015-EXULTAÇÃO.pptx,CC,015,Exultação,264543,pptx,1787856179.0,candidato,CC/15,numero
NOVA IDENTIDADE/CC/001 ao 100/CC-016-VINDE_ADORAR.pptx,CC,016,Vinde adorar,260173,pptx,1787856179.0,candidato,CC/16,numero
NOVA IDENTIDADE/CC/001 ao 100/CC-017-O_AMOR_DE_DEUS.pptx,CC,017,O amor de Deus,264256,pptx,1787856179.0,candidato,CC/17,numero
NOVA IDENTIDADE/CC/001 ao 100/CC-018-AMOR_SEM_IGUAL.pptx,CC,018,Amor sem igual,268509,pptx,1787856179.0,candidato,CC/18,numero
NOVA IDENTIDADE/CC/001 ao 100/CC-019-BOA_NOVA.pptx,CC,019,Boa Nova,262305,pptx,1787856179.0,candidato,CC/19,numero
NOVA IDENTIDADE/CC/001 ao 100/CC-020-AMOR_PERENE.pptx,CC,020,Amor perene,262492,pptx,1787856179.0,candidato,CC/20,numero
NOVA IDENTIDADE/CC/001 ao 100/CC-021-LOUVOR_AO_PAI_E_AO_FILHO.pptx,CC,021,Louvor Ao Pai e Ao Filho,262222,pptx,1787856179.0,candidato,CC/21,numero
NOVA IDENTIDADE/CC/001 ao 100/CC-022-AMOR_SUBLIME.pptx,CC,022,Amor Sublime,264326,pptx,1787856179.0,candidato,CC/22,numero
"NOVA IDENTIDADE/CC/001 ao 100/CC-023-DEUS,_FONTE_DA_VIDA.pptx",CC,023,"Deus, Fonte da Vida",265329,pptx,1787942357.0,candidato,CC/23,numero
NOVA IDENTIDADE/CC/001 ao 100/CC-024-DEUS_É_AMOR.pptx,CC,024,Deus é Amor,266146,pptx,1787942372.0,candidato,CC/24,numero
NOVA IDENTIDADE/CC/001 ao 100/CC-025-AMOR.pptx,CC,025,Amor,264293,pptx,1787856179.0,candidato,CC/25,numero
NOVA IDENTIDADE/CC/001 ao 100/CC-026-REI_EXCELSO.pptx,CC,026,Rei excelso,262309,pptx,1787856179.0,candidato,CC/26,numero
NOVA IDENTIDADE/CC/001 ao 100/CC-027-NATAL.pptx,CC,027,Natal,264191,pptx,1788525159.0,candidato,CC/27,numero
NOVA IDENTIDADE/CC/001 ao 100/CC-028-NASCEU_O_REDENTOR.pptx,CC,028,Nasceu o Redentor,268771,pptx,1787856179.0,candidato,CC/28,numero
NOVA IDENTIDADE/CC/001 ao 100/CC-029-NASCE_JESUS.pptx,CC,029,Nasce Jesus,266554,pptx,1788525309.0,candidato,CC/29,numero
NOVA IDENTIDADE/CC/001 ao 100/CC-030-NOITE_DE_PAZ.pptx,CC,030,Noite de paz,261269,pptx,1787856179.0,candidato,CC/30,numero
NOVA IDENTIDADE/CC/001 ao 100/CC-031-LUGAR_PARA_CRISTO.pptx,CC,031,Lugar para Cristo,266525,pptx,1787856179.0,candidato,CC/31,numero
NOVA IDENTIDADE/CC/001 ao 100/CC-032-CRISTO_EM_BELÉM.pptx,CC,032,Cristo em Belém,266560,pptx,1788525582.0,candidato,CC/32,numero
NOVA IDENTIDADE/CC/001 ao 100/CC-044-A_LINDA_HISTÓRIA.pptx,CC,044,A linda história,266400,pptx,1787856179.0,candidato,CC/44,numero
NOVA IDENTIDADE/CC/001 ao 100/CC-046-JESUS_ME_TRANSFORMOU.pptx,CC,046,Jesus me transformou,262352,pptx,1787856179.0,candidato,CC/46,numero
NOVA IDENTIDADE/CC/001 ao 100/CC-053-OS_FILHOS_DE_SIÃO.pptx,CC,053,Os filhos de Sião,266443,pptx,1787856179.0,candidato,CC/53,numero
NOVA IDENTIDADE/CC/001 ao 100/CC-060-COROAI.pptx,CC,060,Coroai,262204,pptx,1787856179.0,candidato,CC/60,numero
NOVA IDENTIDADE/CC/001 ao 100/CC-062-NOME_PRECIOSO.pptx,CC,062,Nome precioso,266298,pptx,1788031504.0,candidato,CC/62,numero
NOVA IDENTIDADE/CC/001 ao 100/CC-068-BEM-AVENTURADOS.pptx,CC,068,Bem-aventurados,264337,pptx,1787856179.0,candidato,CC/68,numero
NOVA IDENTIDADE/CC/001 ao 100/CC-081-AMIGO_INCOMPARÁVEL.pptx,CC,081,Amigo incomparável,266424,pptx,1788031172.0,candidato,CC/81,numero
NOVA IDENTIDADE/CC/001 ao 100/CC-089-O_PODER_DO_SANGUE.pptx,CC,089,O poder do sangue,266499,pptx,1787856179.0,candidato,CC/89,numero
NOVA IDENTIDADE/CC/101 ao 200/CC-101-RESSURGIU.pptx,CC,101,Ressurgiu,261186,pptx,1787856179.0,candidato,CC/101,numero
NOVA IDENTIDADE/CC/101 ao 200/CC-102-CRISTO_VOLTA.pptx,CC,102,Cristo volta,264655,pptx,1788180807.0,candidato,CC/102,numero
NOVA IDENTIDADE/CC/101 ao 200/CC-103-JESUS_VINDO.pptx,CC,103,Jesus vindo,263279,pptx,1787856179.0,candidato,CC/103,numero
NOVA IDENTIDADE/CC/101 ao 200/CC-105-FELIZ.pptx,CC,105,Feliz,259097,pptx,1788180885.0,candidato,CC/105,numero
NOVA IDENTIDADE/CC/101 ao 200/CC-107-ESPERANDO.pptx,CC,107,Esperando,261396,pptx,1788180937.0,candidato,CC/107,numero
NOVA IDENTIDADE/CC/101 ao 200/CC-109-POR_POUCO_TEMPO.pptx,CC,109,Por pouco tempo,261239,pptx,1788181020.0,candidato,CC/109,numero
NOVA IDENTIDADE/CC/101 ao 200/CC-110-QUANDO_CRISTO_VIER.pptx,CC,110,Quando Cristo Vier,266420,pptx,1788181120.0,candidato,CC/110,numero
NOVA IDENTIDADE/CC/101 ao 200/CC-111-NÃO_TARDARÁ.pptx,CC,111,Não tardará,266521,pptx,1788181224.0,candidato,CC/111,numero
NOVA IDENTIDADE/CC/101 ao 200/CC-123-BENDITO_CORDEIRO.pptx,CC,123,Bendito cordeiro,267477,pptx,1787856179.0,candidato,CC/123,numero
NOVA IDENTIDADE/CC/101 ao 200/CC-126-LOUVAI.pptx,CC,126,Louvai,270347,pptx,1787856179.0,candidato,CC/126,numero
NOVA IDENTIDADE/CC/101 ao 200/CC-132-EBENEZER.pptx,CC,132,Ebenezer,261422,pptx,1787856179.0,candidato,CC/132,numero
NOVA IDENTIDADE/CC/101 ao 200/CC-135-LOUVOR.pptx,CC,135,Louvor,266312,pptx,1787856179.0,candidato,CC/135,numero
NOVA IDENTIDADE/CC/101 ao 200/CC-148-HORA_BENDITA.pptx,CC,148,Hora bendita,264376,pptx,1787856179.0,candidato,CC/148,numero
NOVA IDENTIDADE/CC/101 ao 200/CC-149-PERSISTÊNCIA_EM_ORAÇÃO.pptx,CC,149,Persistência em oração,262417,pptx,1787856179.0,candidato,CC/149,numero
NOVA IDENTIDADE/CC/101 ao 200/CC-150-PAI_NOSSO.pptx,CC,150,Pai nosso,263291,pptx,1788180451.0,candidato,CC/150,numero
NOVA IDENTIDADE/CC/101 ao 200/CC-151-COMUNHÃO.pptx,CC,151,Comunhão,262538,pptx,1788180602.0,candidato,CC/151,numero
NOVA IDENTIDADE/CC/101 ao 200/CC-152-PASTOR_DIVINO.pptx,CC,152,Pastor divino,266279,pptx,1787856179.0,candidato,CC/152,numero
NOVA IDENTIDADE/CC/101 ao 200/CC-162-VIGIAR_E_ORAR.pptx,CC,162,Vigiar e orar,266404,pptx,1787856179.0,candidato,CC/162,numero
NOVA IDENTIDADE/CC/101 ao 200/CC-163-DESEJOS.pptx,CC,163,Desejos,261301,pptx,1787856179.0,candidato,CC/163,numero
NOVA IDENTIDADE/CC/101 ao 200/CC-186-É_JESUS_QUEM_SALVA.pptx,CC,186,É Jesus quem salva,266430,pptx,1788031729.0,candidato,CC/186,numero
NOVA IDENTIDADE/CC/101 ao 200/CC-190-PARA_SALVAR-TE.pptx,CC,190,Para salvar-te,270662,pptx,1787856179.0,candidato,CC/190,numero
NOVA IDENTIDADE/CC/101 ao 200/CC-192-SÓ_POR_JESUS.pptx,CC,192,Só por Jesus,266451,pptx,1787856179.0,candidato,CC/192,numero
NOVA IDENTIDADE/CC/201 ao 300/CC-207-MENSAGEM_REAL.pptx,CC,207,Mensagem real,264503,pptx,1787856179.0,candidato,CC/207,numero
NOVA IDENTIDADE/CC/201 ao 300/CC-239-A_LUZ_DO_CÉU.pptx,CC,239,A luz do céu,264372,pptx,1787856179.0,candidato,CC/239,numero
NOVA IDENTIDADE/CC/201 ao 300/CC-240-VEM_A_CRISTO.pptx,CC,240,Vem a Cristo,266470,pptx,1787945486.0,candidato,CC/240,numero
NOVA IDENTIDADE/CC/201 ao 300/CC-245-CRISTO_VAI_PASSAR.pptx,CC,245,Cristo vai passar,267526,pptx,1787945217.0,candidato,CC/245,numero
NOVA IDENTIDADE/CC/201 ao 300/CC-275-CONTENTAMENTO.pptx,CC,275,Contentamento,261236,pptx,1787856179.0,candidato,CC/275,numero
NOVA IDENTIDADE/CC/201 ao 300/CC-276-CORO_CELESTE.pptx,CC,276,Coro celeste,270580,pptx,1787856179.0,candidato,CC/276,numero
NOVA IDENTIDADE/CC/201 ao 300/CC-282-MARAVILHA.pptx,CC,282,Maravilha,262167,pptx,1787944991.0,candidato,CC/282,numero
"NOVA IDENTIDADE/CC/201 ao 300/CC-290-CRISTO,_MEU_MESTRE.pptx",CC,290,"Cristo, meu mestre",264377,pptx,1787856179.0,candidato,CC/290,numero
NOVA IDENTIDADE/CC/301 ao 400/CC-301-CRER_E_OBSERVAR.pptx,CC,301,Crer e observar,266461,pptx,1787856179.0,candidato,CC/301,numero
NOVA IDENTIDADE/CC/301 ao 400/CC-319-ABRIGO_PERFEITO.pptx,CC,319,Abrigo perfeito,266430,pptx,1787856179.0,candidato,CC/319,numero
NOVA IDENTIDADE/CC/301 ao 400/CC-328-SOSSEGAI.pptx,CC,328,Sossegai,270778,pptx,1787856179.0,candidato,CC/328,numero
NOVA IDENTIDADE/CC/301 ao 400/CC-329-CONTA_AS_BÊNÇÃOS.pptx,CC,329,Conta as bênçãos,266633,pptx,1787856179.0,candidato,CC/329,numero
NOVA IDENTIDADE/CC/301 ao 400/CC-339-NÃO_CONSINTAS.pptx,CC,339,Não consintas,264460,pptx,1787856179.0,candidato,CC/339,numero
NOVA IDENTIDADE/CC/301 ao 400/CC-354-CADA_MOMENTO.pptx,CC,354,Cada momento,266481,pptx,1787856179.0,candidato,CC/354,numero
NOVA IDENTIDADE/CC/301 ao 400/CC-366-FIRMEZA.pptx,CC,366,Firmeza,266300,pptx,1787856179.0,candidato,CC/366,numero
NOVA IDENTIDADE/CC/301 ao 400/CC-375-SEGURANÇA.pptx,CC,375,Segurança,264303,pptx,1787856179.0,candidato,CC/375,numero
NOVA IDENTIDADE/CC/301 ao 400/CC-376-SALVAÇÃO_PERFEITA.pptx,CC,376,Salvação perfeita,266627,pptx,1787856179.0,candidato,CC/376,numero
NOVA IDENTIDADE/CC/301 ao 400/CC-381-AMOR_FRATERNAL.pptx,CC,381,Amor fraternal,262429,pptx,1787856179.0,candidato,CC/381,numero
NOVA IDENTIDADE/CC/301 ao 400/CC-395-CRISTO_SATISFAZ.pptx,CC,395,Cristo satisfaz,264408,pptx,1787856179.0,candidato,CC/395,numero
NOVA IDENTIDADE/CC/401 ao 500/CC-403-EU_ALEGRE_VOU.pptx,CC,403,Eu alegre vou,266521,pptx,1787856179.0,candidato,CC/403,numero
NOVA IDENTIDADE/CC/401 ao 500/CC-411-QUE_ALEGRIA_NESTE_DIA.pptx,CC,411,Que alegria neste dia,266432,pptx,1787856179.0,candidato,CC/411,numero
NOVA IDENTIDADE/CC/401 ao 500/CC-416-FILHOS_DA_LUZ.pptx,CC,416,Filhos da luz,266415,pptx,1787856179.0,candidato,CC/416,numero
NOVA IDENTIDADE/CC/401 ao 500/CC-422-TRABALHO_CRISTÃO.pptx,CC,422,Trabalho cristão,266700,pptx,1787856179.0,candidato,CC/422,numero
NOVA IDENTIDADE/CC/401 ao 500/CC-424-VAMOS_À_COLHEITA.pptx,CC,424,Vamos à colheita,264632,pptx,1787856179.0,candidato,CC/424,numero
NOVA IDENTIDADE/CC/401 ao 500/CC-436-DAI-NOS_LUZ.pptx,CC,436,Dai-nos luz,266449,pptx,1787856179.0,candidato,CC/436,numero
NOVA IDENTIDADE/CC/401 ao 500/CC-454-VITÓRIAS_NAS_LUTAS.pptx,CC,454,Vitórias nas lutas,266454,pptx,1787856179.0,candidato,CC/454,numero
NOVA IDENTIDADE/CC/401 ao 500/CC-456-O_ESTANDARTE.pptx,CC,456,O Estandarte,267430,pptx,1787856179.0,candidato,CC/456,numero
NOVA IDENTIDADE/CC/401 ao 500/CC-476-BRILHO_CELESTE.pptx,CC,476,Brilho celeste,264455,pptx,1788180070.0,candidato,CC/476,numero
NOVA IDENTIDADE/CC/401 ao 500/CC-477-COMO_ANDAR.pptx,CC,477,Como andar,262456,pptx,1788180161.0,candidato,CC/477,numero
NOVA IDENTIDADE/CC/401 ao 500/CC-478-O_PEREGRINO.pptx,CC,478,O peregrino,261303,pptx,1788180300.0,candidato,CC/478,numero
NOVA IDENTIDADE/CC/401 ao 500/CC-483-PÁTRIA_CELESTIAL.pptx,CC,483,Pátria celestial,262492,pptx,1787856179.0,candidato,CC/483,numero
NOVA IDENTIDADE/CC/401 ao 500/CC-484-SAUDADE.pptx,CC,484,Saudade,261385,pptx,1787856179.0,candidato,CC/484,numero
NOVA IDENTIDADE/CC/501 ao 581/CC-500-GLÓRIA_PRA_MIM.pptx,CC,500,Glória pra mim,264370,pptx,1787856179.0,candidato,CC/500,numero
NOVA IDENTIDADE/CC/501 ao 581/CC-501-O_NOSSO_LAR.pptx,CC,501,O nosso lar,264369,pptx,1787856179.0,candidato,CC/501,numero
NOVA IDENTIDADE/CC/501 ao 581/CC-502-UM_POUCO_MAIS.pptx,CC,502,Um pouco mais,266436,pptx,1787856179.0,candidato,CC/502,numero
NOVA IDENTIDADE/CC/501 ao 581/CC-522-UM_BOM_AMIGO.pptx,CC,522,Um bom amigo,264638,pptx,1788282166.0,candidato,CC/522,numero
NOVA IDENTIDADE/CC/501 ao 581/CC-523-CORDEIRINHOS.pptx,CC,523,Cordeirinhos,260229,pptx,1788282024.0,candidato,CC/523,numero
NOVA IDENTIDADE/CC/501 ao 581/CC-524-JÓIAS_PRECIOSAS.pptx,CC,524,Jóias preciosas,264290,pptx,1788282062.0,candidato,CC/524,numero
"NOVA IDENTIDADE/CC/501 ao 581/CC-525-VINDE,_MENINOS.pptx",CC,525,"Vinde, meninos",266536,pptx,1788282113.0,candidato,CC/525,numero
NOVA IDENTIDADE/CC/501 ao 581/CC-527-A_BÊNÇÃO.pptx,CC,527,A Bênção,262274,pptx,1788280926.0,candidato,CC/527,numero
NOVA IDENTIDADE/CC/501 ao 581/CC-529-VAI_BUSCAR.pptx,CC,529,Vai buscar,263229,pptx,1788281734.0,candidato,CC/529,numero
NOVA IDENTIDADE/CC/501 ao 581/CC-530-SOLDADO_INFANTIL.pptx,CC,530,Soldado infantil,266608,pptx,1788281764.0,candidato,CC/530,numero
NOVA IDENTIDADE/CC/501 ao 581/CC-531-TEU_CANTINHO.pptx,CC,531,Teu Cantinho,261252,pptx,1788281825.0,candidato,CC/531,numero
"NOVA IDENTIDADE/CC/501 ao 581/CC-532-Ó_MENINOS,_VINDE!.pptx",CC,532,"Ó Meninos, Vinde!",262213,pptx,1788281884.0,candidato,CC/532,numero
NOVA IDENTIDADE/CC/501 ao 581/CC-533-PEQUENOS_GUERREIROS.pptx,CC,533,Pequenos guerreiros,261290,pptx,1788281924.0,candidato,CC/533,numero
NOVA IDENTIDADE/CC/501 ao 581/CC-534-CANTAM_GLÓRIA.pptx,CC,534,Cantam glória,268374,pptx,1788281961.0,candidato,CC/534,numero
NOVA IDENTIDADE/CC/501 ao 581/CC-536-A_LIÇÃO.pptx,CC,536,A lição,262194,pptx,1787856179.0,candidato,CC/536,numero
NOVA IDENTIDADE/CC/501 ao 581/CC-537-DESEJO_INFANTIL.pptx,CC,537,Desejo infantil,264321,pptx,1788280866.0,candidato,CC/537,numero
"NOVA IDENTIDADE/CC/501 ao 581/CC-538-OH,_VINDE,_MENINOS.pptx",CC,538,"Oh, vinde, meninos",262547,pptx,1788281608.0,candidato,CC/538,numero
NOVA IDENTIDADE/CC/501 ao 581/CC-539-BRILHANDO.pptx,CC,539,Brilhando,268344,pptx,1788281672.0,candidato,CC/539,numero
NOVA IDENTIDADE/CC/501 ao 581/CC-540-ORAÇÃO_DE_CRIANÇA.pptx,CC,540,Oração de criança,266621,pptx,1788274549.0,candidato,CC/540,numero
NOVA IDENTIDADE/CC/501 ao 581/CC-541-PEQUENOS_RAIOS.pptx,CC,541,Pequenos raios,264474,pptx,1788274372.0,candidato,CC/541,numero
NOVA IDENTIDADE/CC/501 ao 581/CC-542-JESUS_E_AS_CRIANÇAS.pptx,CC,542,Jesus e as crianças,266299,pptx,1788274296.0,candidato,CC/542,numero
NOVA IDENTIDADE/CC/501 ao 581/CC-556-VOU_DORMIR_EM_PAZ.pptx,CC,556,Vou dormir em paz,262359,pptx,1787856179.0,candidato,CC/556,numero
NOVA IDENTIDADE/CC/501 ao 581/CC-560-ANO_NOVO.pptx,CC,560,Ano novo,266383,pptx,1787856179.0,candidato,CC/560,numero
NOVA IDENTIDADE/CC/501 ao 581/CC-579-OLHANDO_PARA_CRISTO.pptx,CC,579,Olhando para Cristo,270597,pptx,1787856179.0,candidato,CC/579,numero
NOVA IDENTIDADE/CC/501 ao 581/CC-580-VEM_VISITA_A_TUA_IGREJA.pptx,CC,580,Vem visita a tua igreja,260113,pptx,1787856179.0,candidato,CC/580,numero
NOVA IDENTIDADE/CC/501 ao 581/CC-581-A_ÚNICA_ESPERANÇA.pptx,CC,581,A única esperança,267563,pptx,1787856179.0,candidato,CC/581,numero
NOVA IDENTIDADE/Corinhos/COR-001-A_COLHEITA.pptx,COR,001,A colheita,262376,pptx,1787855916.0,candidato,COR/1,numero
NOVA IDENTIDADE/Corinhos/COR-002-FOI_ASSIM.pptx,COR,002,Foi assim,264303,pptx,1787855916.0,candidato,COR/2,numero
"NOVA IDENTIDADE/Corinhos/COR-003-FALA,_Ó_DEUS.pptx",COR,003,"Fala, ó Deus",264383,pptx,1787855916.0,candidato,COR/3,numero
NOVA IDENTIDADE/Corinhos/COR-004-EIS_NOSSO_DEUS.pptx,COR,004,Eis nosso Deus,264294,pptx,1787855916.0,candidato,COR/4,numero
NOVA IDENTIDADE/Corinhos/COR-005-CONHECIMENTO_DE_DEUS.pptx,COR,005,Conhecimento de Deus,264422,pptx,1787855916.0,candidato,COR/5,numero
NOVA IDENTIDADE/Corinhos/COR-006-COMO_UM_MANANCIAL.pptx,COR,006,Como um manancial,264569,pptx,1787855916.0,candidato,COR/6,numero
"NOVA IDENTIDADE/Corinhos/COR-007-OH,_PROFUNDIDADE_DAS_RIQUEZAS.pptx",COR,007,"Oh, Profundidade das Riquezas",265324,pptx,1787855916.0,candidato,COR/7,numero
NOVA IDENTIDADE/Corinhos/COR-008-NOSSO_DEUS_É_SOBERANO.pptx,COR,008,Nosso Deus é soberano,263187,pptx,1787855916.0,candidato,COR/8,numero
NOVA IDENTIDADE/Corinhos/COR-009-DEUS_ESTÁ_PRESENTE.pptx,COR,009,Deus está presente,261119,pptx,1787855916.0,candidato,COR/9,numero
NOVA IDENTIDADE/Corinhos/COR-010-SALMOS_78.pptx,COR,010,Salmos 78,266360,pptx,1787855916.0,candidato,COR/10,numero
"NOVA IDENTIDADE/Corinhos/COR-011-Ó,_LOUVAI_A_DEUS_COMIGO.pptx",COR,011,"Ó, Louvai a Deus comigo",260161,pptx,1787855916.0,candidato,COR/11,numero
NOVA IDENTIDADE/Corinhos/COR-012-ELE_É_DEUS.pptx,COR,012,Ele é Deus,266541,pptx,1787855916.0,candidato,COR/12,numero
NOVA IDENTIDADE/Corinhos/COR-013-QUE_EXCELSA_GRAÇA.pptx,COR,013,Que Excelsa Graça,266478,pptx,1787855916.0,candidato,COR/13,numero
NOVA IDENTIDADE/Corinhos/COR-014-A_ALEGRIA_ESTÁ_NO_CORAÇÃO.pptx,COR,014,A alegria está no coração,262241,pptx,1788455986.0,candidato,COR/14,numero
NOVA IDENTIDADE/Corinhos/COR-015-A_ALEGRIA_NO_SENHOR.pptx,COR,015,A Alegria no Senhor,267389,pptx,1788456121.0,candidato,COR/15,numero
NOVA IDENTIDADE/Corinhos/COR-016-A_COMEÇAR_EM_MIM.pptx,COR,016,A começar em mim,260101,pptx,1788455690.0,candidato,COR/16,numero
NOVA IDENTIDADE/Corinhos/COR-041-CANTAI_AO_SENHOR_-_SALMO_96.pptx,COR,041,Cantai ao Senhor - Salmo 96,262202,pptx,1789030186.0,candidato,COR/41,numero
"NOVA IDENTIDADE/Corinhos/COR-099-MISSÕES,_UMA_OBRA_DE_FÉ.pptx",COR,099,"Missões, uma obra de fé",265488,pptx,1789245341.0,candidato,COR/99,numero
NOVA IDENTIDADE/Corinhos/COR-159-UMA_CENTELHA.pptx,COR,159,Uma centelha,264215,pptx,1789030661.0,candidato,COR/159,numero
NOVA IDENTIDADE/Corinhos/COR-160-UMA_LINDA_CANÇÃO.pptx,COR,160,Uma linda canção,260146,pptx,1789030753.0,candidato,COR/160,numero
NOVA IDENTIDADE/Corinhos/COR-162-VEM_COM_JOSUÉ.pptx,COR,162,Vem com Josué,262191,pptx,1788597726.0,candidato,COR/162,numero
NOVA IDENTIDADE/Corinhos/COR-163-VINHO_E_PÃO.pptx,COR,163,Vinho e pão,263285,pptx,1789030463.0,candidato,COR/163,numero
NOVA IDENTIDADE/Corinhos/COR-164-VIVE_EM_MIM.pptx,COR,164,Vive em Mim,262233,pptx,1788597262.0,candidato,COR/164,numero
NOVA IDENTIDADE/Corinhos/COR-165-VINDE_ADOREMOS.pptx,COR,165,Vinde Adoremos,260162,pptx,1789030322.0,candidato,COR/165,numero
NOVA IDENTIDADE/HCC/HCC-202-ELE_É_MEU_E_TEU_SENHOR.pptx,HCC,202,Ele é meu e teu Senhor,270657,pptx,1787856108.0,candidato,HCC/202,numero
"NOVA IDENTIDADE/HCC/HCC-374-AO_ORARMOS,_SENHOR.pptx",HCC,374,"Ao Orarmos, Senhor",260171,pptx,1788266923.0,candidato,HCC/374,numero
NOVA IDENTIDADE/HCC/HCC-380-COM_A_MINHA_VOZ_CLAMO_AO_SENHOR.pptx,HCC,380,Com a minha voz clamo ao Senhor,264518,pptx,1787856108.0,candidato,HCC/380,numero
NOVA IDENTIDADE/HCC/HCC-401-LOGO_DE_MANHÃ.pptx,HCC,401,Logo de manhã,262325,pptx,1787856108.0,candidato,HCC/401,numero
NOVA IDENTIDADE/HCC/HCC-574-UM_SÓ_REBANHO.pptx,HCC,574,Um só rebanho,262324,pptx,1787856108.0,candidato,HCC/574,numero
NOVA IDENTIDADE/HL/HL-001-GRANDIOSO_PAI.pptx,HL,001,Grandioso Pai,261215,pptx,1787856159.0,candidato,HL/1,numero
"NOVA IDENTIDADE/HL/HL-002-IMUTÁVEL,_ALTÍSSIMO_DEUS.pptx",HL,002,"Imutável, Altíssimo Deus",264390,pptx,1787856159.0,candidato,HL/2,numero
NOVA IDENTIDADE/HL/HL-003-ADORO_A_TI.pptx,HL,003,Adoro a Ti,264353,pptx,1787856159.0,candidato,HL/3,numero
NOVA IDENTIDADE/HL/HL-004-DE_ETERNIDADE_A_ETERNIDADE.pptx,HL,004,De Eternidade a Eternidade,266519,pptx,1787856159.0,candidato,HL/4,numero
NOVA IDENTIDADE/HL/HL-005-DIGNO_DE_LOUVOR.pptx,HL,005,Digno de Louvor,264312,pptx,1787856159.0,candidato,HL/5,numero
NOVA IDENTIDADE/HL/HL-006-DIGNO_É_O_SENHOR.pptx,HL,006,Digno É o Senhor,262382,pptx,1787856159.0,candidato,HL/6,numero
"NOVA IDENTIDADE/HL/HL-009-SANTO_ÉS,_SENHOR.pptx",HL,009,"Santo És, Senhor",262370,pptx,1788191300.0,candidato,HL/9,numero
NOVA IDENTIDADE/HL/HL-010-SÊ_EXALTADO.pptx,HL,010,Sê Exaltado,264433,pptx,1788193870.0,candidato,HL/10,numero
NOVA IDENTIDADE/HL/HL-011-VOS_PROSTRAI.pptx,HL,011,Vos Prostrai,262383,pptx,1787856159.0,candidato,HL/11,numero
NOVA IDENTIDADE/HL/HL-014-OS_CÉUS_DECLARAM.pptx,HL,014,Os Céus Declaram,262389,pptx,1788193908.0,candidato,HL/14,numero
NOVA IDENTIDADE/HL/HL-016-GRAÇA.pptx,HL,016,Graça,260214,pptx,1788191454.0,candidato,HL/16,numero
NOVA IDENTIDADE/HL/HL-017-JUNTO_AO_MEU_DEUS.pptx,HL,017,Junto ao Meu Deus,262391,pptx,1788191555.0,candidato,HL/17,numero
NOVA IDENTIDADE/HL/HL-018-PERFEITA_PAZ.pptx,HL,018,Perfeita Paz,266429,pptx,1787856159.0,candidato,HL/18,numero
NOVA IDENTIDADE/HL/HL-019-DELEITA-TE_NO_SENHOR.pptx,HL,019,Deleita-te no Senhor,262338,pptx,1787856159.0,candidato,HL/19,numero
NOVA IDENTIDADE/HL/HL-020-MEU_DEUS_É_BOM.pptx,HL,020,Meu Deus É Bom,262384,pptx,1788191641.0,candidato,HL/20,numero
NOVA IDENTIDADE/HL/HL-021-DIVINO_AMOR.pptx,HL,021,Divino Amor,264378,pptx,1788191732.0,candidato,HL/21,numero
NOVA IDENTIDADE/HL/HL-023-NASCEU_CRISTO_EM_BELÉM.pptx,HL,023,Nasceu Cristo em Belém,264391,pptx,1788264679.0,candidato,HL/23,numero
NOVA IDENTIDADE/HL/HL-027-TÃO_GRANDE_É_SEU_AMOR.pptx,HL,027,Tão Grande é Seu Amor,264480,pptx,1788191799.0,candidato,HL/27,numero
NOVA IDENTIDADE/HL/HL-028-SEU_MANTO_PELO_MEU.pptx,HL,028,Seu Manto pelo Meu,266727,pptx,1787856159.0,candidato,HL/28,numero
NOVA IDENTIDADE/HL/HL-031-FOI_POR_MIM.pptx,HL,031,Foi por Mim,267503,pptx,1787856159.0,candidato,HL/31,numero
NOVA IDENTIDADE/HL/HL-033-MORRI_NA_CRUZ_POR_TI.pptx,HL,033,Morri na Cruz por Ti,264201,pptx,1787856159.0,candidato,HL/33,numero
NOVA IDENTIDADE/HL/HL-037-NÃO_CHORES_MAIS.pptx,HL,037,Não Chores Mais,264399,pptx,1788191878.0,candidato,HL/37,numero
NOVA IDENTIDADE/HL/HL-040-HEI_DE_VÊ-LO.pptx,HL,040,Hei de Vê-LO,262344,pptx,1788192027.0,candidato,HL/40,numero
NOVA IDENTIDADE/HL/HL-041-GRAÇAS_A_DEUS.pptx,HL,041,Graças a Deus,259113,pptx,1788264731.0,candidato,HL/41,numero
NOVA IDENTIDADE/HL/HL-043-ENTREGAREI_A_TI.pptx,HL,043,Entregarei a Ti,259078,pptx,1788264769.0,candidato,HL/43,numero
"NOVA IDENTIDADE/HL/HL-047-SENHOR,_ME_ENSINA.pptx",HL,047,"Senhor, Me Ensina",261286,pptx,1787856159.0,candidato,HL/47,numero
NOVA IDENTIDADE/HL/HL-048-EU_IREI_A_UMA_TERRA_FELIZ.pptx,HL,048,Eu Irei a uma Terra Feliz,264283,pptx,1788192485.0,candidato,HL/48,numero
"NOVA IDENTIDADE/HL/HL-050-NÃO_EU,_MAS_CRISTO.pptx",HL,050,"Não Eu, mas Cristo",264338,pptx,1788264896.0,candidato,HL/50,numero
NOVA IDENTIDADE/HL/HL-051-EU_SEREI_FIEL.pptx,HL,051,Eu Serei Fiel,262183,pptx,1787856159.0,candidato,HL/51,numero
NOVA IDENTIDADE/HL/HL-053-CONTEMPLAI_OS_POVOS.pptx,HL,053,Contemplai os Povos,262407,pptx,1788192593.0,candidato,HL/53,numero
NOVA IDENTIDADE/HL/HL-055-SÊ_FORTE.pptx,HL,055,Sê Forte,264428,pptx,1788194064.0,candidato,HL/55,numero
NOVA IDENTIDADE/HL/HL-056-OLHANDO_PARA_CRISTO.pptx,HL,056,Olhando para Cristo,264627,pptx,1788168012.0,candidato,HL/56,numero
NOVA IDENTIDADE/HL/HL-058-JUNTOS.pptx,HL,058,Juntos,266234,pptx,1788194255.0,candidato,HL/58,numero
"NOVA IDENTIDADE/HL/HL-062-A_FAMÍLIA,_DOM_DIVINO.pptx",HL,062,"A Família, Dom Divino",267545,pptx,1788265333.0,candidato,HL/62,numero
NOVA IDENTIDADE/HL/HL-063-A_PALAVRA_DO_SENHOR.pptx,HL,063,A Palavra do Senhor,262486,pptx,1788192761.0,candidato,HL/63,numero
NOVA IDENTIDADE/HL/HL-070-BENDITA_CRUZ.pptx,HL,070,Bendita Cruz,261336,pptx,1788265389.0,candidato,HL/70,numero
NOVA IDENTIDADE/HL/HL-074-COMPLETO_EM_TI.pptx,HL,074,Completo em Ti,266403,pptx,1788192918.0,candidato,HL/74,numero
"NOVA IDENTIDADE/HL/HL-078-LINDO_ÉS,_MEU_MESTRE.pptx",HL,078,"Lindo És, Meu Mestre",262354,pptx,1788265444.0,candidato,HL/78,numero
"NOVA IDENTIDADE/HL/HL-080-OH,_GRAÇA_EXCELSA_DO_SENHOR.pptx",HL,080,"Oh, Graça Excelsa do Senhor",266430,pptx,1788193095.0,candidato,HL/80,numero
NOVA IDENTIDADE/HL/HL-082-MEU_CRISTO.pptx,HL,082,Meu Cristo,266454,pptx,1787856159.0,candidato,HL/82,numero
NOVA IDENTIDADE/HL/HL-085-NOSSA_GLÓRIA_É_JESUS_CONHECER.pptx,HL,085,Nossa Glória é Jesus Conhecer,262426,pptx,1788193172.0,candidato,HL/85,numero
NOVA IDENTIDADE/HL/HL-086-PRECISO_DO_SENHOR.pptx,HL,086,Preciso do Senhor,262407,pptx,1788194277.0,candidato,HL/86,numero
NOVA IDENTIDADE/HL/HL-091-SERVO_DE_TODOS.pptx,HL,091,Servo de Todos,262278,pptx,1788193251.0,candidato,HL/91,numero
NOVA IDENTIDADE/HL/HL-092-MARAVILHOSO_AMOR.pptx,HL,092,Maravilhoso Amor,261155,pptx,1788193326.0,candidato,HL/92,numero
NOVA IDENTIDADE/HL/HL-095-DÁ_TEU_MELHOR_PARA_O_MESTRE.pptx,HL,095,Dá Teu Melhor para O Mestre,262392,pptx,1788193397.0,candidato,HL/95,numero
NOVA IDENTIDADE/HL/HL-097-JUBILOSOS.pptx,HL,097,Jubilosos,261337,pptx,1788193488.0,candidato,HL/97,numero
NOVA IDENTIDADE/HL/HL-098-LOUVE_AO_SENHOR.pptx,HL,098,Louve ao Senhor,262377,pptx,1788265525.0,candidato,HL/98,numero
"NOVA IDENTIDADE/HL/HL-099-VÓS,_CRIATURAS_DO_SENHOR.pptx",HL,099,"Vós, Criaturas do Senhor",264295,pptx,1788193584.0,candidato,HL/99,numero
NOVA IDENTIDADE/HL/HL-101-NÃO_TEMAS.pptx,HL,101,Não Temas,262157,pptx,1788264329.0,candidato,HL/101,numero
NOVA IDENTIDADE/HL/HL-104-FIRMAI-VOS_EM_CRISTO.pptx,HL,104,Firmai-vos em Cristo,264424,pptx,1788264476.0,candidato,HL/104,numero
NOVA IDENTIDADE/HL/HL-105-QUEM_SOMOS_NÓS_.pptx,HL,105,Quem Somos Nós?,266607,pptx,1788193650.0,candidato,HL/105,numero
NOVA IDENTIDADE/HL/HL-116-PROSSIGA_PARA_O_ALVO.pptx,HL,116,Prossiga para o Alvo,264492,pptx,1787856159.0,candidato,HL/116,numero
NOVA IDENTIDADE/HL/HL-118-CANTAI_UM_NOVO_CÂNTICO.pptx,HL,118,Cantai Um Novo Cântico,264350,pptx,1788264589.0,candidato,HL/118,numero
NOVA IDENTIDADE/VM/VM-001-HINO_DE_LOUVOR.pptx,VM,001,Hino de louvor,262234,pptx,1788266506.0,candidato,VM/1,numero
NOVA IDENTIDADE/VM/VM-002-GRANDE_É_O_SENHOR.pptx,VM,002,Grande é o Senhor,264466,pptx,1787856167.0,candidato,VM/2,numero
NOVA IDENTIDADE/VM/VM-003-A_TI_A_GLÓRIA.pptx,VM,003,A ti a glória,262233,pptx,1788989229.0,candidato,VM/3,numero
NOVA IDENTIDADE/VM/VM-018-VENHA_ADORAR_AO_SENHOR.pptx,VM,018,Venha adorar ao Senhor,266364,pptx,1788368281.0,candidato,VM/18,numero
NOVA IDENTIDADE/VM/VM-041-Ó_DEUS_DO_IMPOSSÍVEL.pptx,VM,041,Ó Deus do Impossível,264478,pptx,1788368377.0,candidato,VM/41,numero
NOVA IDENTIDADE/VM/VM-069-DEUS_DE_MINHA_ALMA.pptx,VM,069,Deus de minha alma,261256,pptx,1787856167.0,candidato,VM/69,numero
NOVA IDENTIDADE/VM/VM-072-CREIA_EM_DEUS.pptx,VM,072,Creia em Deus,264425,pptx,1787856167.0,candidato,VM/72,numero
NOVA IDENTIDADE/VM/VM-088-GRAÇA_DE_DEUS.pptx,VM,088,Graça de Deus,264277,pptx,1788368616.0,candidato,VM/88,numero
NOVA IDENTIDADE/VM/VM-097-CRISTO_É_SENHOR.pptx,VM,097,Cristo é Senhor,263517,pptx,1789123494.0,candidato,VM/97,numero
NOVA IDENTIDADE/VM/VM-100-SERÁ_EXALTADO.pptx,VM,100,Será exaltado,264363,pptx,1788368816.0,candidato,VM/100,numero
NOVA IDENTIDADE/VM/VM-102-GLÓRIA_PRA_SEMPRE.pptx,VM,102,Glória pra sempre,262206,pptx,1787856167.0,candidato,VM/102,numero
NOVA IDENTIDADE/VM/VM-111-SEMPRE_O_MESMO.pptx,VM,111,Sempre o mesmo,262344,pptx,1787856167.0,candidato,VM/111,numero
NOVA IDENTIDADE/VM/VM-121-É_NATAL_DE_CRISTO.pptx,VM,121,É Natal de Cristo,264392,pptx,1788368981.0,candidato,VM/121,numero
NOVA IDENTIDADE/VM/VM-182-O_SANGUE_DE_CRISTO.pptx,VM,182,O sangue de Cristo,264566,pptx,1788369082.0,candidato,VM/182,numero
NOVA IDENTIDADE/VM/VM-232-EU_PERTENÇO_AO_REI_(FLORA_JEAN).pptx,VM,232,Eu pertenço ao Rei (Flora Jean),262437,pptx,1787856167.0,candidato,VM/232,numero
NOVA IDENTIDADE/VM/VM-260-UM_VASO_NOVO.pptx,VM,260,Um vaso novo,260154,pptx,1788369248.0,candidato,VM/260,numero
NOVA IDENTIDADE/VM/VM-262-GUARDA_O_TEU_CORAÇÃO.pptx,VM,262,Guarda o teu coração,262488,pptx,1788369462.0,candidato,VM/262,numero
NOVA IDENTIDADE/VM/VM-268-VASO_APENAS.pptx,VM,268,Vaso apenas,265461,pptx,1789244911.0,candidato,VM/268,numero
NOVA IDENTIDADE/VM/VM-278-UM_SERVO_TEU.pptx,VM,278,Um Servo Teu,262253,pptx,1788369562.0,candidato,VM/278,numero
NOVA IDENTIDADE/VM/VM-279-QUE_FIÉIS_NÓS_SEJAMOS.pptx,VM,279,Que fiéis nós sejamos,264449,pptx,1788370058.0,candidato,VM/279,numero
NOVA IDENTIDADE/VM/VM-289-NÃO_TEMEREI.pptx,VM,289,Não temerei,264403,pptx,1787856167.0,candidato,VM/289,numero
NOVA IDENTIDADE/VM/VM-304-BUSCAI_PRIMEIRO.pptx,VM,304,Buscai Primeiro,261138,pptx,1788370266.0,candidato,VM/304,numero
NOVA IDENTIDADE/VM/VM-310-MEU_TEMPO_A_SÓS_COM_DEUS.pptx,VM,310,Meu tempo a sós com Deus,266404,pptx,1788370332.0,candidato,VM/310,numero
NOVA IDENTIDADE/VM/VM-321-SEU_CAMINHO_É_PERFEITO.pptx,VM,321,Seu caminho é perfeito,262490,pptx,1787856167.0,candidato,VM/321,numero
NOVA IDENTIDADE/VM/VM-326-REGOZIJA_EM_DEUS.pptx,VM,326,Regozija em Deus,264520,pptx,1787856167.0,candidato,VM/326,numero
NOVA IDENTIDADE/VM/VM-337-FAZE-ME_UM_FORASTEIRO.pptx,VM,337,Faze-me um forasteiro,262324,pptx,1788372019.0,candidato,VM/337,numero
NOVA IDENTIDADE/VM/VM-351-ASAS_QUAL_ÁGUIAS.pptx,VM,351,Asas qual águias,264487,pptx,1787856167.0,candidato,VM/351,numero
NOVA IDENTIDADE/VM/VM-356-JESUS_É_MELHOR.pptx,VM,356,Jesus é melhor,264393,pptx,1787856167.0,candidato,VM/356,numero
NOVA IDENTIDADE/VM/VM-358-TE_AMO.pptx,VM,358,Te amo,262184,pptx,1787856167.0,candidato,VM/358,numero
NOVA IDENTIDADE/VM/VM-369-EU_VI_CRISTO_EM_TI.pptx,VM,369,Eu vi Cristo em Ti,263597,pptx,1789123581.0,candidato,VM/369,numero
NOVA IDENTIDADE/VM/VM-379-MAIS_VALE_QUE_O_OURO.pptx,VM,379,Mais vale que o ouro,263568,pptx,1789116859.0,candidato,VM/379,numero
"NOVA IDENTIDADE/VM/VM-402-EIS-ME_AQUI,_SENHOR.pptx",VM,402,"Eis-me aqui, Senhor",264257,pptx,1788635027.0,candidato,VM/402,numero
NOVA IDENTIDADE/VM/VM-403-UM_A_UM.pptx,VM,403,Um a um,267664,pptx,1789116671.0,candidato,VM/403,numero
NOVA IDENTIDADE/VM/VM-409-FIEL_QUERO_SER.pptx,VM,409,Fiel quero ser,263335,pptx,1789116550.0,candidato,VM/409,numero
NOVA IDENTIDADE/VM/VM-421-VEM_NOSSO_LAR_ABENÇOAR.pptx,VM,421,Vem nosso lar abençoar,262416,pptx,1788597599.0,candidato,VM/421,numero
NUMA CRUZ CRAVADO PELO AMOR.pptx,,,NUMA CRUZ CRAVADO PELO AMOR,128032,pptx,1701627372.0,candidato,COR/112,titulo
No vÍnculo da Perfeição.pptx,,,Letra e Música: Jaime F. da Costa Jr.,57124,pptx,1735466770.0,candidato,HL/61,titulo
Por sua cruz (1).pptx,,,Letra e Música: Jailson Vieira,9589266,pptx,1626026529.0,sem-match,,
Porque Ele vive.ppt,,,Para mim tenho por certo (Romanos 8:18),225792,ppt,1780260743.0,candidato,COR/132,titulo
Revisados/135.Louvor.pptx,,135,Louvor,92873,pptx,1656881884.0,sem-match,,
"Revisados/2. Imutável, Altíssimo Deus.pptx",,2,"Imutável, Altíssimo Deus",184938,pptx,1659887735.0,duplicado-antigo,HL/2,titulo
Revisados/3. Adoro a Ti.pptx,,3,Adoro a Ti,153614,pptx,1659887742.0,duplicado-antigo,HL/3,titulo
Revisados/351 Asas Qual Águias.pptx,,351,Asas Qual Águias,165970,pptx,1656882044.0,duplicado-antigo,VM/351,titulo
Revisados/89 O Poder do Sangue.pptx,,89,O Poder do Sangue,126126,pptx,1656881854.0,duplicado-antigo,CC/89,titulo
Revisados/HL 54 - Eis-me Aqui.pptx,HL,54,Eis-me Aqui,200218,pptx,1668370764.0,candidato,HL/54,numero
Revisados/HL 56 olhando para Cristo .pptx,HL,56,Olhando para Cristo,126997,pptx,1656882179.0,duplicado-antigo,HL/56,numero
Revisados/Por Fé o Justo Viverá - Pr. Jaime F da Costa Jr.pptx,,,Por Fé o Justo Viverá,191151,pptx,1668370441.0,sem-match,,
Revisados/VM 260 UM VASO NOVO.pptx,VM,260,UM VASO NOVO,108104,pptx,1656881935.0,duplicado-antigo,VM/260,numero
SEJAM SEMPRE A TI.pptx,,,SEJAM SEMPRE A TI,118274,pptx,1743336315.0,sem-match,,
Salmo 46.pptx,,,Salmo 46,128078,pptx,1528655820.0,candidato,COR/145,titulo
Salmo 78.pptx,,,Salmo 78,197677,pptx,1786230471.0,sem-match,,
Santa Vocação.pptx,,,Letra e Música: Jaime F. da Costa Jr.,48184,pptx,1763926217.0,sem-match,,
Senhor da Criacao.pptx,,,Senhor da Criação,125304,pptx,1713392926.0,sem-match,,
Só em Jesus.pptx,,,Música: Keith Getty,55509,pptx,1758453991.0,sem-match,,
Tema1.pptx,TEMA,1,,136961,pptx,1459110497.0,sem-match,,
Unidade.pptx,,,Letra e Música: Júnia W. da Rocha Araújo,44141,pptx,1763896722.0,sem-match,,
VM 88 - Graça de Deus.pptx,VM,88,Hino VM nº 88,6307717,pptx,1626026526.0,duplicado-antigo,VM/88,numero
Voltará.pptx,,,VOLTARÁ,43636,pptx,1650826045.0,sem-match,,
Voz de Melodia NOVO/01 Hino de Louvor.pptx,VM,01,Hino de Louvor,120322,pptx,1548543014.0,duplicado-antigo,VM/1,numero
Voz de Melodia NOVO/02.Grande É O Senhor.pptx,VM,02,Grande É O Senhor,189806,pptx,1553460266.0,duplicado-antigo,VM/2,numero
Voz de Melodia NOVO/100 Será Exaltado.pptx,VM,100,Será Exaltado,171444,pptx,1788368652.0,duplicado-antigo,VM/100,numero
Voz de Melodia NOVO/102 Glória Pra Sempre.pptx,VM,102,Glória Pra Sempre,165470,pptx,1524943505.0,duplicado-antigo,VM/102,numero
Voz de Melodia NOVO/121 É Natal de Cristo.pptx,VM,121,Hino VM nº 121,58086,pptx,1788368936.0,duplicado-antigo,VM/121,numero
Voz de Melodia NOVO/18 Venha Adorar.pptx,VM,18,Venha Adorar,177649,pptx,1751215044.0,duplicado-antigo,VM/18,numero
Voz de Melodia NOVO/182 O Sangue De Cristo.pptx,VM,182,O SANGUE DE CRISTO,171409,pptx,1757819338.0,duplicado-antigo,VM/182,numero
Voz de Melodia NOVO/232 Eu Pertenço Ao Rei.pptx,VM,232,Eu Pertenço Ao Rei,115985,pptx,1542554394.0,duplicado-antigo,VM/232,numero
Voz de Melodia NOVO/260. Um Vaso Novo.pptx,VM,260,UM VASO NOVO,99690,pptx,1760819901.0,duplicado-antigo,VM/260,numero
Voz de Melodia NOVO/262 Guarda O Teu Coração.pptx,VM,262,Guarda O Teu Coração,183770,pptx,1546303628.0,duplicado-antigo,VM/262,numero
Voz de Melodia NOVO/278. Um Servo Teu.pptx,VM,278,Um Servo Teu,166585,pptx,1755372976.0,duplicado-antigo,VM/278,numero
Voz de Melodia NOVO/279 Que Fiéis Nós Sejamos.pptx,VM,279,Que Fiéis Nós Sejamos,172600,pptx,1682788751.0,duplicado-antigo,VM/279,numero
Voz de Melodia NOVO/304. Buscai primeiro o reino.pptx,VM,304,BUSCAI PRIMEIROO REINO DE DEUS,102684,pptx,1553461058.0,duplicado-antigo,VM/304,numero
Voz de Melodia NOVO/310 Meu tempo a sós com Deus.pptx,VM,310,Meu Tempo a sós com Deus,166961,pptx,1756604051.0,duplicado-antigo,VM/310,numero
Voz de Melodia NOVO/321. SEU CAMINHO É PERFEITO.pptx,VM,321,321.  SEU CAMINHO É PERFEITO,76979,pptx,1696169839.0,duplicado-antigo,VM/321,numero
Voz de Melodia NOVO/326 Regozija Em Deus.pptx,VM,326,Regozija em Deus,188861,pptx,1747590642.0,duplicado-antigo,VM/326,numero
Voz de Melodia NOVO/337 Faze-me Um Forasteiro (Corrigida).pptx,VM,337,Faze-me Um Forasteiro,119394,pptx,1645375715.0,duplicado-antigo,VM/337,numero
Voz de Melodia NOVO/351 Asas Qual Águias.pptx,VM,351,Asas Qual Águias,165932,pptx,1785005124.0,duplicado-antigo,VM/351,numero
Voz de Melodia NOVO/369 Eu Vi Cristo Em Ti.pptx,VM,369,Eu Vi Cristo Em Ti,165233,pptx,1546730580.0,duplicado-antigo,VM/369,numero
Voz de Melodia NOVO/379 Mais Vale que o ouro.pptx,VM,379,Mais vale que o ouro,105408,pptx,1546303565.0,duplicado-antigo,VM/379,numero
Voz de Melodia NOVO/402 Eis-me Aqui.pptx,VM,402,Eis-me Aqui,170122,pptx,1542554746.0,duplicado-antigo,VM/402,numero
Voz de Melodia NOVO/403 Um a Um.pptx,VM,403,Um A Um,103367,pptx,1542482827.0,duplicado-antigo,VM/403,numero
Voz de Melodia NOVO/409 Fiel quero ser.pptx,VM,409,Fiel Quero Ser,102062,pptx,1538340249.0,duplicado-antigo,VM/409,numero
Voz de Melodia NOVO/41 O Deus do Impossível.pptx,VM,41,O Deus do Impossível,128179,pptx,1532184162.0,duplicado-antigo,VM/41,numero
Voz de Melodia NOVO/72.Creia Em Deus.pptx,VM,72,Creia Em Deus,165686,pptx,1777632636.0,duplicado-antigo,VM/72,numero
Voz de Melodia NOVO/88 - Graça de Deus.pptx,VM,88,Hino VM nº 88,74737,pptx,1788368519.0,duplicado-antigo,VM/88,numero
Voz de Melodia/01. HINO DE LOUVOR.pptx,VM,01,1.  HINO DE LOUVOR,90483,pptx,1376163816.0,duplicado-antigo,VM/1,numero
Voz de Melodia/02. GRANDE É O SENHOR.pptx,VM,02,2. GRANDE É O SENHOR,81129,pptx,1779644358.0,duplicado-antigo,VM/2,numero
Voz de Melodia/03. A TI A GLÓRIA.pptx,VM,03,A TI A GLÓRIA,80769,pptx,1788989165.0,duplicado-antigo,VM/3,numero
Voz de Melodia/04. A DEUS DEMOS GLÓRIA.pptx,VM,04,4.  A DEUS DEMOS GLÓRIA,114297,pptx,1390156712.0,candidato,VM/4,numero
Voz de Melodia/05. ADORAÇÃO.pptx,VM,05,ADORAÇÃO,53296,pptx,1376164100.0,candidato,VM/5,numero
Voz de Melodia/06. GLÓRIA AO TEU NOME.pptx,VM,06,6.  GLÓRIA AO TEU NOME,85122,pptx,1376164166.0,candidato,VM/6,numero
Voz de Melodia/07. AO DEUS DE ABRAÃO LOUVAI.pptx,VM,07,AO DEUS DE ABRAÃO LOUVAI,104616,pptx,1376164202.0,candidato,VM/7,numero
Voz de Melodia/08. A TI. Ó DEUS.pptx,VM,08,"A TI, Ó DEUS",101978,pptx,1376164262.0,candidato,VM/8,numero
Voz de Melodia/09. QUÃO GRANDE ÉS TU.pptx,VM,09,9.  QUÃO GRANDE ÉS TU,92263,pptx,1765377475.0,candidato,VM/9,numero
Voz de Melodia/10. Ó DEUS ETERNO AJUDADOR.pptx,VM,10,"Ó DEUS, ETERNO AJUDADOR",101511,pptx,1376164376.0,candidato,VM/10,numero
Voz de Melodia/100. SERÁ EXALTADO.pptx,VM,100,SERÁ EXALTADO,174421,pptx,1411915465.0,duplicado-antigo,VM/100,numero
Voz de Melodia/101. JESUS É A LUZ.pptx,VM,101,JESUS É A LUZ,75720,pptx,1378228408.0,candidato,VM/101,numero
Voz de Melodia/102. GLÓRIA PRÁ SEMPRE.pptx,VM,102,GLÓRIA PRA SEMPRE / ELE É O SENHOR,79577,pptx,1378228456.0,duplicado-antigo,VM/102,numero
"Voz de Melodia/103. CRISTO, SENHOR DE TUDO É.pptx",VM,103,"CRISTO, SENHOR DE TUDO É",70762,pptx,1378228494.0,candidato,VM/103,numero
Voz de Melodia/104. COMO É GRANDE MEU JESUS.pptx,VM,104,104.  COMO É GRANDE MEU JESUS,72936,pptx,1378228552.0,candidato,VM/104,numero
Voz de Melodia/105. QUE GRANDE AMIGO.pptx,VM,105,105.  QUE GRANDE AMIGO,73747,pptx,1378228594.0,candidato,VM/105,numero
"Voz de Melodia/106. JESUS, SEMPRE TE AMO.pptx",VM,106,"106.  JESUS, SEMPRE TE AMO",72070,pptx,1378228664.0,candidato,VM/106,numero
Voz de Melodia/107. MAIS DE CRISTO.pptx,VM,107,107.  MAIS DE CRISTO,72794,pptx,1378228724.0,candidato,VM/107,numero
Voz de Melodia/108. PRECIOSO É JESUS.pptx,VM,108,108.  PRECIOSO É JESUS,74993,pptx,1378228788.0,candidato,VM/108,numero
Voz de Melodia/109. JESUS É A LUZ DO MUNDO.pptx,VM,109,JESUS É A LUZ DO MUNDO,75151,pptx,1378228858.0,candidato,VM/109,numero
Voz de Melodia/11. ONIPOTENTE REI.pptx,VM,11,11.  ONIPOTENTE REI,106830,pptx,1376164442.0,candidato,VM/11,numero
Voz de Melodia/110. QUÃO PROFUNDO O AMOR DE CRISTO.pptx,VM,110,110.  QUÃO PROFUNDO O AMOR DE CRISTO,74972,pptx,1378229140.0,candidato,VM/110,numero
Voz de Melodia/111. SEMPRE O MESMO.pptx,VM,111,SEMPRE O MESMO,77412,pptx,1378229190.0,duplicado-antigo,VM/111,numero
"Voz de Melodia/112. ONTEM, HOJE E PARA SEMPRE.pptx",VM,112,"ONTEM, HOJE E PARA SEMPRE",68979,pptx,1378229216.0,candidato,VM/112,numero
Voz de Melodia/113. CRISTO É FIEL.pptx,VM,113,CRISTO É FIEL,57622,pptx,1378229246.0,candidato,VM/113,numero
Voz de Melodia/114. MARAVILHOSO É CRISTO.pptx,VM,114,MARAVILHOSO É CRISTO,68997,pptx,1378229276.0,candidato,VM/114,numero
"Voz de Melodia/115. MARAVILHOSO É, MEU SALVADOR!.pptx",VM,115,"MARAVILHOSO É, MEU SALVADOR!",70118,pptx,1378229312.0,candidato,VM/115,numero
Voz de Melodia/116. SEU NOME É MARAVILHOSO.pptx,VM,116,SEU NOME É MARAVILHOSO,72417,pptx,1378229352.0,candidato,VM/116,numero
Voz de Melodia/117. OH! EU AMO A CRISTO.pptx,VM,117,OH! EU AMO A CRISTO,74081,pptx,1378229396.0,candidato,VM/117,numero
Voz de Melodia/118. CRISTO É A ROCHA.pptx,VM,118,CRISTO É A ROCHA,77581,pptx,1378229424.0,candidato,VM/118,numero
Voz de Melodia/119. MEU BOM PASTOR É CRISTO.pptx,VM,119,MEU BOM PASTOR É CRISTO,58673,pptx,1378229452.0,candidato,VM/119,numero
"Voz de Melodia/12. VINDE CRISTÃOS, CANTAI.pptx",VM,12,"12.  VINDE, CRISTÃOS, CANTAI",108695,pptx,1376164524.0,candidato,VM/12,numero
Voz de Melodia/120. CANTAI QUE O SALVADOR CHEGOU.pptx,VM,120,120.  CANTAI QUE O SALVADOR CHEGOU,77148,pptx,1378229492.0,candidato,VM/120,numero
Voz de Melodia/121. É NATAL DE CRISTO.pptx,VM,121,É NATAL DE CRISTO,84479,pptx,1378229584.0,duplicado-antigo,VM/121,numero
Voz de Melodia/122. EIS QUE UMA ROSA SURGE.pptx,VM,122,EIS QUE UMA ROSA SURGE,71268,pptx,1378229618.0,candidato,VM/122,numero
Voz de Melodia/123. VIVA O REI DA GLÓRIA.pptx,VM,123,VIVA O REI DA GLÓRIA,70386,pptx,1378229650.0,candidato,VM/123,numero
Voz de Melodia/124. ANJOS VIERAM ANUNCIAR.pptx,VM,124,ANJOS VIERAM ANUNCIAR,72752,pptx,1378229696.0,candidato,VM/124,numero
Voz de Melodia/125. Ó CRENTES EXULTAI!.pptx,VM,125,Ó CRENTES EXULTAI,71281,pptx,1378229830.0,candidato,VM/125,numero
Voz de Melodia/126. GLÓRIA.pptx,VM,126,GLÓRIA,65653,pptx,1378229880.0,duplicado-antigo,VM/126,numero
Voz de Melodia/127. EIS DOS ANJOS HARMONIA.pptx,VM,127,EIS DOS ANJOS HARMONIA,85742,pptx,1378229948.0,candidato,VM/127,numero
Voz de Melodia/128. CRISTO EM BELÉM.pptx,VM,128,CRISTO EM BELÉM,74853,pptx,1378230018.0,candidato,VM/128,numero
Voz de Melodia/129. Ó NOITE SANTA.pptx,VM,129,Ó NOITE SANTA,68215,pptx,1378230076.0,candidato,VM/129,numero
Voz de Melodia/13. LOUVAMOS-TE. Ó DEUS.pptx,VM,13,"13.  LOUVAMOS-TE, Ó DEUS",102537,pptx,1376164658.0,candidato,VM/13,numero
Voz de Melodia/130. NATALÍCIO DE UM REI.pptx,VM,130,NATALÍCIO DE UM REI,61025,pptx,1378230114.0,candidato,VM/130,numero
Voz de Melodia/131. NOITE DE PAZ.pptx,VM,131,NOITE DE PAZ,71108,pptx,1378230146.0,candidato,VM/131,numero
Voz de Melodia/132. NUMA ESTREBARIA RUDE.pptx,VM,132,NUMA ESTREBARIA RUDE,71166,pptx,1378230174.0,candidato,VM/132,numero
Voz de Melodia/133. EM LINDA NOITE.pptx,VM,133,EM LINDA NOITE,74507,pptx,1378230206.0,candidato,VM/133,numero
Voz de Melodia/134. VINDE VÊ-LO.pptx,VM,134,VINDE VÊ-LO,70153,pptx,1378230240.0,candidato,VM/134,numero
Voz de Melodia/135. QUEM É O PEQUENO A REPOUSAR.pptx,VM,135,QUEM É O PEQUENO A REPOUSAR,74197,pptx,1378230274.0,candidato,VM/135,numero
Voz de Melodia/136. PEQUENA VILA DE BELÉM (Forest Green).pptx,VM,136,PEQUENA VILA DE BELÉM,78194,pptx,1378230938.0,candidato,VM/136,numero
Voz de Melodia/137. PEQUENA VILA DE BELÉM (St. Louis).pptx,VM,137,PEQUENA VILA DE BELÉM,72616,pptx,1378230984.0,candidato,VM/137,numero
Voz de Melodia/138. NOITE JUBILOSA.pptx,VM,138,138.  NOITE JUBILOSA,71104,pptx,1378231022.0,candidato,VM/138,numero
Voz de Melodia/139. NO CÉU BRILHOU FULGENTE LUZ.pptx,VM,139,NO CÉU BRILHOU FULGENTE LUZ,71111,pptx,1378231056.0,candidato,VM/139,numero
Voz de Melodia/14. SANTO! SANTO! SANTO!.pptx,VM,14,14.  SANTO! SANTO! SANTO!,107644,pptx,1376164706.0,candidato,VM/14,numero
Voz de Melodia/140. NO HUMILDE PRESÉPIO.pptx,VM,140,NO HUMILDE PRESÉPIO,71297,pptx,1378231092.0,candidato,VM/140,numero
Voz de Melodia/141. NO HUMILDE PRESÉPIO.pptx,VM,141,NO HUMILDE PRESÉPIO,71228,pptx,1378231130.0,candidato,VM/141,numero
Voz de Melodia/142. CRIANÇAS DE TODAS AS TERRAS.pptx,VM,142,CRIANÇAS DE TODAS AS TERRAS,70287,pptx,1378231164.0,candidato,VM/142,numero
"Voz de Melodia/143. EXULTEM, Ó POVOS.pptx",VM,143,"EXULTEM, Ó POVOS",72596,pptx,1378231242.0,candidato,VM/143,numero
Voz de Melodia/144. ENQUANTO NO CAMPO.pptx,VM,144,ENQUANTO NO CAMPO,71342,pptx,1378231280.0,candidato,VM/144,numero
"Voz de Melodia/145. QUE DEUS VOS DÊ, SENHORES.pptx",VM,145,"QUE DEUS VOS DÊ, SENHORES",76471,pptx,1378231348.0,candidato,VM/145,numero
"Voz de Melodia/146. VEM, JESUS, HABITAR COMIGO.pptx",VM,146,"VEM, JESUS, HABITAR COMIGO",76885,pptx,1378231394.0,candidato,VM/146,numero
"Voz de Melodia/147. VEM, JESUS, HABITAR COMIGO.pptx",VM,147,"VEM, JESUS, HABITAR COMIGO",76617,pptx,1378231436.0,candidato,VM/147,numero
Voz de Melodia/148. ADOREMOS.pptx,VM,148,ADOREMOS,72465,pptx,1378231470.0,candidato,VM/148,numero
Voz de Melodia/149. Ó VEM EMANUEL.pptx,VM,149,Ó VEM EMANUEL,71307,pptx,1378231500.0,candidato,VM/149,numero
Voz de Melodia/15. DEUS É SANTO.pptx,VM,15,DEUS É SANTO,111479,pptx,1376164796.0,candidato,VM/15,numero
"Voz de Melodia/150. OH! VINDE, FIÉIS.pptx",VM,150,"OH! VINDE, FIÉIS",76741,pptx,1388345696.0,candidato,VM/150,numero
Voz de Melodia/151. HÁ UM CANTO NO AR.pptx,VM,151,HÁ UM CANTO NO AR,70216,pptx,1378231568.0,candidato,VM/151,numero
Voz de Melodia/152. NO INVERNO FRIO.pptx,VM,152,NO INVERNO FRIO,71512,pptx,1378231604.0,duplicado-antigo,VM/152,numero
Voz de Melodia/153. MILHARES DE ALELUIAS.pptx,VM,153,MILHARES DE ALELUIAS,72628,pptx,1378231650.0,candidato,VM/153,numero
Voz de Melodia/154. O PRIMEIRO NATAL.pptx,VM,154,O PRIMEIRO NATAL,82643,pptx,1378231722.0,duplicado-antigo,VM/154,numero
Voz de Melodia/155. HÁ MUITOS ANOS.pptx,VM,155,HÁ MUITOS ANOS,75995,pptx,1378232230.0,candidato,VM/155,numero
"Voz de Melodia/156. Ó, VINDE ADOREMOS AO SENHOR.pptx",VM,156,"Ó, VINDE ADOREMOS AO SENHOR",76846,pptx,1378232276.0,candidato,VM/156,numero
Voz de Melodia/157. NÓS REIS MAGOS DO ORIENTE.pptx,VM,157,NÓS REIS MAGOS DO ORIENTE,67450,pptx,1378232354.0,candidato,VM/157,numero
Voz de Melodia/158. VIAJANTES.pptx,VM,158,VIAJANTES,61028,pptx,1378232380.0,candidato,VM/158,numero
Voz de Melodia/159. A CANÇÃO DO SERVO.pptx,VM,159,A CANÇÃO DO SERVO,71411,pptx,1378232418.0,candidato,VM/159,numero
Voz de Melodia/16. VAMOS NÓS LOUVAR A DEUS.pptx,VM,16,VAMOS NÓS LOUVAR A DEUS,114284,pptx,1376164870.0,candidato,VM/16,numero
Voz de Melodia/160. PRA MORRER NASCEU CRISTO.pptx,VM,160,QUANDO CRISTO NASCEU,86727,pptx,1378232466.0,candidato,VM/160,numero
Voz de Melodia/161. NÃO HOUVE LUGAR PARA CRISTO.pptx,VM,161,NÃO HOUVE LUGAR PARA CRISTO,74413,pptx,1378232850.0,candidato,VM/161,numero
Voz de Melodia/162. BENDITA CRUZ DE CRISTO.pptx,VM,162,BENDITA CRUZ DE CRISTO,71305,pptx,1378232886.0,candidato,VM/162,numero
Voz de Melodia/163. A FIM DE QUE JESUS SOFREU.pptx,VM,163,A FIM DE QUE JESUS SOFREU,72090,pptx,1378232920.0,candidato,VM/163,numero
Voz de Melodia/164. RUDE CRUZ.pptx,VM,164,RUDE CRUZ,74539,pptx,1378233004.0,candidato,VM/164,numero
Voz de Melodia/165. ALELUIA PELA CRUZ.pptx,VM,165,ALELUIA PELA CRUZ,74692,pptx,1378233156.0,candidato,VM/165,numero
Voz de Melodia/166. MORRI NA CRUZ POR TI.pptx,VM,166,MORRI NA CRUZ POR TI,73245,pptx,1378233202.0,candidato,VM/166,numero
Voz de Melodia/167. FAZ-ME LEMBRAR.pptx,VM,167,FAZE-ME LEMBRAR,60918,pptx,1378233232.0,candidato,VM/167,numero
Voz de Melodia/168. FOI NA CRUZ.pptx,VM,168,FOI NA CRUZ,62777,pptx,1378233304.0,candidato,VM/168,numero
Voz de Melodia/169. GLÓRIA AO SALVADOR.pptx,VM,169,GLÓRIA AO SALVADOR,72448,pptx,1378233342.0,candidato,VM/169,numero
Voz de Melodia/17. DESLUMBRANTE.pptx,VM,17,17.  DESLUMBRANTE,107793,pptx,1376164924.0,candidato,VM/17,numero
Voz de Melodia/170. PENDURADO NO MADEIRO.pptx,VM,170,PENDURADO NO MADEIRO,73498,pptx,1378233384.0,candidato,VM/170,numero
Voz de Melodia/171. AO CONTEMPLAR A RUDE CRUZ.pptx,VM,171,AO CONTEMPLAR A RUDE CRUZ,60851,pptx,1378233416.0,candidato,VM/171,numero
Voz de Melodia/172. QUANDO NO CALVÁRIO.pptx,VM,172,QUANDO NO CALVÁRIO,71310,pptx,1378233456.0,candidato,VM/172,numero
Voz de Melodia/173. CANTAREI DE JESUS CRISTO.pptx,VM,173,CANTAREI DE JESUS CRISTO,76474,pptx,1378233496.0,candidato,VM/173,numero
Voz de Melodia/174. O CORDEIRO DE DEUS.pptx,VM,174,O CORDEIRO DE DEUS,74556,pptx,1378233536.0,candidato,VM/174,numero
Voz de Melodia/175. O VARÃO DE GRANDE DOR.pptx,VM,175,O VARÃO DE GRANDE DOR,71662,pptx,1378233570.0,candidato,VM/175,numero
Voz de Melodia/176. QUERO ESTAR AO PÉ DA CRUZ.pptx,VM,176,176.  QUERO ESTAR AO PÉ DA CRUZ,63127,pptx,1378233610.0,candidato,VM/176,numero
Voz de Melodia/177. ROCHA ETERNA.pptx,VM,177,ROCHA ETERNA,71380,pptx,1378233646.0,candidato,VM/177,numero
"Voz de Melodia/178. SÓ TU, JESUS.pptx",VM,178,"178.  SÓ TU, JESUS",61077,pptx,1378233676.0,candidato,VM/178,numero
Voz de Melodia/179. TUDO CONSUMADO ESTÁ.pptx,VM,179,TUDO CONSUMADO ESTÁ!,86322,pptx,1378233714.0,candidato,VM/179,numero
Voz de Melodia/18. VENHA ADORAR.pptx,VM,18,18.  VENHA ADORAR,99990,pptx,1376165024.0,duplicado-antigo,VM/18,numero
Voz de Melodia/180. QUÃO CEGO JÁ VAGUEI.pptx,VM,180,180. O SANGUE DE CRISTO,75444,pptx,1378233776.0,candidato,VM/180,numero
"Voz de Melodia/181. TU, JESUS VIESTE ME SALVAR.pptx",VM,181,"181. TU, JESUS, VIESTE ME SALVAR",86288,pptx,1378234118.0,candidato,VM/181,numero
Voz de Melodia/182. O SANGUE DE CRISTO.pptx,VM,182,O SANGUE DE CRISTO,81964,pptx,1378234180.0,duplicado-antigo,VM/182,numero
Voz de Melodia/183. SÓ NO SANGUE.pptx,VM,183,SÓ NO SANGUE,76350,pptx,1378234220.0,candidato,VM/183,numero
Voz de Melodia/184. ACHEI A FONTE CARMESIM.pptx,VM,184,184. ACHEI A FONTE CARMESIM,69809,pptx,1378234260.0,candidato,VM/184,numero
Voz de Melodia/185. SEJA BENDITO O CORDEIRO.pptx,VM,185,SEJA BENDITO O CORDEIRO,78546,pptx,1378234296.0,candidato,VM/185,numero
Voz de Melodia/186. PÃO DA VIDA.pptx,VM,186,186.  PÃO DA VIDA,71318,pptx,1378234338.0,candidato,VM/186,numero
Voz de Melodia/187. CABEÇA ENSANGUENTADA.pptx,VM,187,187.  CABEÇA ENSANGUENTADA,71479,pptx,1379969652.0,candidato,VM/187,numero
Voz de Melodia/188. O PODER DO SANGUE.pptx,VM,188,188.  O PODER DO SANGUE,76879,pptx,1379969712.0,candidato,VM/188,numero
Voz de Melodia/189. Ó VINDE CRENTES E ENTOAI.pptx,VM,189,189.  Ó VINDE CRENTES E ENTOAI,74790,pptx,1379969776.0,candidato,VM/189,numero
Voz de Melodia/19. NA LUZ DA MADRUGADA.pptx,VM,19,NA LUZ DA MADRUGADA,107001,pptx,1376165098.0,candidato,VM/19,numero
Voz de Melodia/190. AGORA POSSO VER.pptx,VM,190,190.  AGORA POSSO VER,63143,pptx,1379969814.0,candidato,VM/190,numero
Voz de Melodia/191. RESSURGIU.pptx,VM,191,RESSURGIU,71127,pptx,1379969846.0,candidato,VM/191,numero
Voz de Melodia/192. DA SEPULTURA SAIU.pptx,VM,192,DA SEPULTURA SAIU,70204,pptx,1379969912.0,candidato,VM/192,numero
Voz de Melodia/193. ELE VIVE.pptx,VM,193,193.  ELE VIVE,74935,pptx,1379969970.0,candidato,VM/193,numero
"Voz de Melodia/194. CRISTO VOLTA, ALELUIA!.pptx",VM,194,"CRISTO VOLTA, ALELUIA!",74798,pptx,1379970010.0,candidato,VM/194,numero
"Voz de Melodia/195. REGOZIJAI-VOS, Ó CRENTES.pptx",VM,195,"REGOZIJAI-VOS, Ó CRENTES",63671,pptx,1379970064.0,candidato,VM/195,numero
Voz de Melodia/196. QUE BELÍSSIMO DIA.pptx,VM,196,196. QUE BELÍSSIMO DIA,70176,pptx,1389553176.0,candidato,VM/196,numero
Voz de Melodia/197. CRISTO VIRÁ OUTRA VEZ.pptx,VM,197,197. CRISTO VIRÁ OUTRA VEZ,61214,pptx,1379970128.0,candidato,VM/197,numero
Voz de Melodia/198. BREVE JESUS VOLTARÁ.pptx,VM,198,198. BREVE JESUS VOLTARÁ,72750,pptx,1379970254.0,candidato,VM/198,numero
Voz de Melodia/199. UM DIA O SALVADOR VIRÁ.pptx,VM,199,199. UM DIA O SALVADOR VIRÁ,74682,pptx,1379970294.0,candidato,VM/199,numero
Voz de Melodia/20. OH! VINDE ADORAR.pptx,VM,20,20.  OH! VINDE ADORAR,105620,pptx,1376165140.0,candidato,VM/20,numero
Voz de Melodia/200. HOJE TALVEZ.pptx,VM,200,"HOJE, TALVEZ",63218,pptx,1379970346.0,candidato,VM/200,numero
Voz de Melodia/201. CHAMADA FINAL.pptx,VM,201,201.  CHAMADA FINAL,75199,pptx,1379970392.0,candidato,VM/201,numero
Voz de Melodia/202. UM DIA.pptx,VM,202,UM DIA,77267,pptx,1379970472.0,candidato,VM/202,numero
Voz de Melodia/203. MARANATA.pptx,VM,203,203. MARANATA,69001,pptx,1379970500.0,candidato,VM/203,numero
Voz de Melodia/204. A REUNIÃO NO AR.pptx,VM,204,204. A REUNIÃO NO AR,58855,pptx,1379970534.0,candidato,VM/204,numero
Voz de Melodia/205. DO PÃO DO CÉU.pptx,VM,205,205.  DO PÃO DO CÉU,58793,pptx,1379970564.0,candidato,VM/205,numero
Voz de Melodia/206. LIVRO DA VIDA.pptx,VM,206,206.  LIVRO DA VIDA,75438,pptx,1379970618.0,candidato,VM/206,numero
Voz de Melodia/207. O PÃO DA VIDA.pptx,VM,207,207. O PÃO DA VIDA,71580,pptx,1379970666.0,candidato,VM/207,numero
Voz de Melodia/208. QUE FIRME ALICERCE.pptx,VM,208,208.  QUE FIRME ALICERCE,72686,pptx,1379970714.0,candidato,VM/208,numero
Voz de Melodia/209. FIRME NAS PROMESSAS.pptx,VM,209,FIRME NAS PROMESSAS,86576,pptx,1379970794.0,candidato,VM/209,numero
Voz de Melodia/21. LOUVAI AO NOSSO DEUS.pptx,VM,21,LOUVAI AO NOSSO DEUS,95782,pptx,1376165178.0,candidato,VM/21,numero
Voz de Melodia/210. NADA IMPOSSIVEL É.pptx,VM,210,210.  NADA IMPOSSIVEL É,61383,pptx,1379970832.0,candidato,VM/210,numero
Voz de Melodia/211. A PAZ DO CÉU.pptx,VM,211,211.  A PAZ DO CÉU,72549,pptx,1380033548.0,candidato,VM/211,numero
Voz de Melodia/212. TERÁS VIDA EM OLHAR PRA JESUS.pptx,VM,212,212. TERÁS VIDA,76928,pptx,1380033604.0,candidato,VM/212,numero
Voz de Melodia/213. A MENSAGEM DO SENHOR.pptx,VM,213,213. A MENSAGEM DO SENHOR,86162,pptx,1380033674.0,candidato,VM/213,numero
Voz de Melodia/214. QUE ALICERCE TENDES.pptx,VM,214,214.  QUE ALICERCE TENDES,81648,pptx,1380033734.0,candidato,VM/214,numero
Voz de Melodia/215. CRISTO SALVA O PECADOR.pptx,VM,215,215.  CRISTO SALVA O PECADOR,75067,pptx,1380033768.0,candidato,VM/215,numero
Voz de Melodia/216. SÓ POR JESUS.pptx,VM,216,216.  SÓ POR JESUS,77123,pptx,1380033826.0,candidato,VM/216,numero
Voz de Melodia/217. OH! QUE GRANDE É ESTA REDENÇÃO.pptx,VM,217,OH! QUE GRANDE,74729,pptx,1380033874.0,candidato,VM/217,numero
Voz de Melodia/218. EIS A ESCRAVA RESGATADA.pptx,VM,218,218. EIS A ESCRAVA RESGATADA,77259,pptx,1380033914.0,candidato,VM/218,numero
Voz de Melodia/219. CRISTO ME AMOU E  ME LIVROU.pptx,VM,219,219. CRISTO ME AMOU,77802,pptx,1380033960.0,candidato,VM/219,numero
Voz de Melodia/22. AO REI ADORAI.pptx,VM,22,AO REI ADORAI,107530,pptx,1376165226.0,candidato,VM/22,numero
"Voz de Melodia/220. REMIDO, EU VOU PROCLAMAR.pptx",VM,220,220. REMIDO EU VOU,62935,pptx,1380033992.0,candidato,VM/220,numero
Voz de Melodia/221. SALVO ESTOU.pptx,VM,221,221.  SALVO ESTOU,74877,pptx,1380034026.0,candidato,VM/221,numero
Voz de Melodia/222. ALMA ANSIOSA.pptx,VM,222,222.  ALMA ANSIOSA,62257,pptx,1380034152.0,candidato,VM/222,numero
Voz de Melodia/223. DE JESUS A DOCE VOZ.pptx,VM,223,223.  DE JESUS A DOCE VOZ,63012,pptx,1380034216.0,candidato,VM/223,numero
Voz de Melodia/224. CONTAI-ME A VELHA HISTÓRIA.pptx,VM,224,224. CONTAI-ME A VELHA HISTÓRIA,76288,pptx,1380034280.0,candidato,VM/224,numero
Voz de Melodia/225. NADA MEREÇO.pptx,VM,225,225.  NADA MEREÇO,63078,pptx,1380034686.0,candidato,VM/225,numero
Voz de Melodia/226. VEIO JESUS A ESTE MUNDO.pptx,VM,226,226. VEIO JESUS A ESTE MUNDO,76864,pptx,1380034748.0,candidato,VM/226,numero
Voz de Melodia/227. O MEU CÁLICE.pptx,VM,227,227. O MEU CÁLICE,74491,pptx,1380034782.0,candidato,VM/227,numero
Voz de Melodia/228. EU TENHO UM SALVADOR.pptx,VM,228,228.  EU TENHO UM SALVADOR,72485,pptx,1380034814.0,candidato,VM/228,numero
Voz de Melodia/229. MAIS UM NOME.pptx,VM,229,229.  MAIS UM NOME,74948,pptx,1380034846.0,candidato,VM/229,numero
Voz de Melodia/23. A CRISTO COROAI.pptx,VM,23,A CRISTO COROAI!,107556,pptx,1376165274.0,candidato,VM/23,numero
Voz de Melodia/230. NOVA VIDA.pptx,VM,230,230.  NOVA VIDA,72630,pptx,1380034890.0,candidato,VM/230,numero
Voz de Melodia/231. OS ANJOS ESTÃO A CANTAR.pptx,VM,231,231. OS ANJOS ESTÃO A CANTAR,81009,pptx,1380034944.0,candidato,VM/231,numero
Voz de Melodia/232. EU PERTENÇO AO REI.pptx,VM,232,232.  EU PERTENÇO AO REI,51650,pptx,1779644484.0,duplicado-antigo,VM/232,numero
Voz de Melodia/233. QUE SEGURANÇA!.pptx,VM,233,233.  QUE SEGURANÇA!,81856,pptx,1380035024.0,candidato,VM/233,numero
Voz de Melodia/234. O ABRIGO DE DEUS.pptx,VM,234,234. O ABRIGO DE DEUS,82018,pptx,1380035066.0,candidato,VM/234,numero
Voz de Melodia/235. DE UMA VEZ.pptx,VM,235,235. DE UMA VEZ,74347,pptx,1380035098.0,candidato,VM/235,numero
Voz de Melodia/236. SEGURO ESTOU.pptx,VM,236,236.  SEGURO ESTOU,89275,pptx,1382826906.0,candidato,VM/236,numero
Voz de Melodia/237. EU PERTENÇO AO REI.pptx,VM,237,237.  EU PERTENÇO AO REI,77205,pptx,1382827016.0,candidato,VM/237,numero
Voz de Melodia/238. EU SEI EM QUEM TENHO CRIDO.pptx,VM,238,EU SEI EM,76614,pptx,1382827092.0,candidato,VM/238,numero
Voz de Melodia/239. CRISTO SALVA.pptx,VM,239,239.  CRISTO SALVA,66083,pptx,1382827190.0,candidato,VM/239,numero
Voz de Melodia/24. COROAI (Coronation).pptx,VM,24,24.  COROAI,107110,pptx,1376165320.0,candidato,VM/24,numero
"Voz de Melodia/240. EU VENHO A TI, SENHOR.pptx",VM,240,"240. EU VENHO A TI, SENHOR",79647,pptx,1382827236.0,candidato,VM/240,numero
Voz de Melodia/241. ATRIBULADO CORAÇÃO.pptx,VM,241,241. ATRIBULADO CORAÇÃO,76671,pptx,1382827304.0,candidato,VM/241,numero
Voz de Melodia/242. DEIXA A LUZ DO CÉU ENTRAR.pptx,VM,242,242. DEIXA A LUZ DO CÉU ENTRAR,74432,pptx,1382827356.0,candidato,VM/242,numero
Voz de Melodia/243. DÁ TEU CORAÇÃO.pptx,VM,243,243. DÁ TEU CORAÇÃO,65229,pptx,1382827396.0,candidato,VM/243,numero
Voz de Melodia/244. JESUS QUER ENTRAR.pptx,VM,244,244. JESUS QUER ENTRAR,72213,pptx,1382827426.0,candidato,VM/244,numero
Voz de Melodia/245. TENDES VÓS LUGAR.pptx,VM,245,245.  TENDES VÓS LUGAR?,63202,pptx,1382827468.0,candidato,VM/245,numero
Voz de Melodia/246. A FRENTE DOIS CAMINHOS.pptx,VM,246,"À FRENTE, DOIS CAMINHOS",51199,pptx,1778540967.0,candidato,VM/246,numero
Voz de Melodia/247. O QUE FARÁS COM CRISTO.pptx,VM,247,247.  O QUE FARÁS COM CRISTO,72551,pptx,1382827592.0,candidato,VM/247,numero
Voz de Melodia/248. QUASE ACHEGADO.pptx,VM,248,248.  QUASE ACHEGADO,71390,pptx,1382827626.0,candidato,VM/248,numero
Voz de Melodia/249. QUE FARÁS COM SEU GRANDE AMOR.pptx,VM,249,QUE FARÁS COM SEU,72617,pptx,1382827656.0,candidato,VM/249,numero
Voz de Melodia/25. COROAI (Diadem).pptx,VM,25,25.  COROAI,102628,pptx,1376165358.0,candidato,VM/25,numero
Voz de Melodia/250. MANSO E SUAVE.pptx,VM,250,MANSO E SUAVE,76800,pptx,1382827698.0,candidato,VM/250,numero
Voz de Melodia/251. TAL QUAL ESTOU.pptx,VM,251,251. TAL QUAL ESTOU,72280,pptx,1382829204.0,candidato,VM/251,numero
"Voz de Melodia/252. SONDA-ME, Ó DEUS.pptx",VM,252,"252.  SONDA-ME, Ó DEUS",71302,pptx,1382829238.0,candidato,VM/252,numero
Voz de Melodia/253. UM CORAÇÃO PURO.pptx,VM,253,253.  UM CORAÇÃO PURO,72448,pptx,1382829284.0,candidato,VM/253,numero
Voz de Melodia/254. SOU FORASTEIRO AQUI.pptx,VM,254,254.  SOU FORASTEIRO AQUI,74743,pptx,1382829336.0,candidato,VM/254,numero
Voz de Melodia/255. CONFORME A TUA INFINITA GRAÇA.pptx,VM,255,CONFORME A TUA,72241,pptx,1382829362.0,candidato,VM/255,numero
Voz de Melodia/256. VOLTO AO LAR.pptx,VM,256,256. VOLTO AO LAR,65437,pptx,1382830916.0,candidato,VM/256,numero
Voz de Melodia/257. UM CORAÇÃO FRIO.pptx,VM,257,257. UM CORAÇÃO FRIO,71709,pptx,1382830950.0,candidato,VM/257,numero
Voz de Melodia/258. AVIVA-NOS SENHOR.pptx,VM,258,"258.  AVIVA-NOS, SENHOR",74699,pptx,1382830978.0,candidato,VM/258,numero
"Voz de Melodia/259. CRISTO, BOM MESTRE.pptx",VM,259,"CRISTO, BOM MESTRE",71144,pptx,1382831010.0,duplicado-antigo,VM/259,numero
Voz de Melodia/26. FONTE TU DE TODA A BENÇÃO.pptx,VM,26,26.  FONTE TU DE TODA BÊNÇÃO,111908,pptx,1376165404.0,candidato,VM/26,numero
Voz de Melodia/260. UM VASO NOVO.pptx,VM,260,UM VASO NOVO,45279,pptx,1756584423.0,duplicado-antigo,VM/260,numero
Voz de Melodia/261. TUDO ENTREGAREI.pptx,VM,261,261.  TUDO ENTREGAREI,67911,pptx,1382835636.0,candidato,VM/261,numero
Voz de Melodia/262. GUARDA O TEU CORAÇÃO.pptx,VM,262,262.  GUARDA O TEU CORAÇÃO,51237,pptx,1780829695.0,duplicado-antigo,VM/262,numero
Voz de Melodia/263. ESTOU SEGUINDO A JESUS.pptx,VM,263,ESTOU SEGUINDO A JESUS CRISTO,72404,pptx,1382835728.0,candidato,VM/263,numero
Voz de Melodia/264. TUDO POR CRISTO.pptx,VM,264,264. TUDO POR CRISTO,63225,pptx,1382835762.0,candidato,VM/264,numero
"Voz de Melodia/265. MEU SENHOR, SOU TEU.pptx",VM,265,"265.  MEU SENHOR, SOU TEU",74215,pptx,1382836452.0,candidato,VM/265,numero
Voz de Melodia/266. O QUE QUERES SENHOR.pptx,VM,266,"266.  O QUE QUERES, SENHOR",73104,pptx,1382836504.0,candidato,VM/266,numero
"Voz de Melodia/267. MAIS PERTO, SIM.pptx",VM,267,"267.  MAIS PERTO, SIM",74784,pptx,1382836534.0,candidato,VM/267,numero
Voz de Melodia/268. VASO APENAS.pptx,VM,268,268.  VASO APENAS,56656,pptx,1789244852.0,duplicado-antigo,VM/268,numero
Voz de Melodia/269. NÃO MEU QUERER.pptx,VM,269,269.  NÃO O MEU QUERER,76597,pptx,1382836596.0,candidato,VM/269,numero
Voz de Melodia/27. OH! QUE EU TIVERA LÍNGUAS MIL.pptx,VM,27,OH! QUE EU TIVERA,107582,pptx,1376165432.0,candidato,VM/27,numero
Voz de Melodia/270. TEMPO DE SER SANTO (Holiness).pptx,VM,270,270.  TEMPO DE SER SANTO,72402,pptx,1382836644.0,candidato,VM/270,numero
Voz de Melodia/271. TEMPO DE SER SANTO (Jason).pptx,VM,271,270.  TEMPO DE SER SANTO,72401,pptx,1382836742.0,candidato,VM/271,numero
Voz de Melodia/272. UMA PAIXÃO POR TI.pptx,VM,272,272.  UMA PAIXÃO POR TI,51116,pptx,1751747973.0,candidato,VM/272,numero
"Voz de Melodia/273. PERTO, MAIS PERTO.pptx",VM,273,"273.  PERTO, MAIS PERTO",74681,pptx,1382837144.0,candidato,VM/273,numero
Voz de Melodia/274. MEU DESEJO.pptx,VM,274,274.  MEU DESEJO,70146,pptx,1382837204.0,candidato,VM/274,numero
Voz de Melodia/275. HOMENS FIEIS.pptx,VM,275,275.  HOMENS FIEÍS,77009,pptx,1382837252.0,candidato,VM/275,numero
"Voz de Melodia/276. SEGUIREIS, PERGUNTA O MESTRE.pptx",VM,276,SEGUIREIS,77010,pptx,1382837286.0,candidato,VM/276,numero
"Voz de Melodia/277. TE DOU MINHA VIDA, SENHOR.pptx",VM,277,"TE DOU MINHA VIDA,",51175,pptx,1709495356.0,candidato,VM/277,numero
Voz de Melodia/278. UM SERVO TEU.pptx,VM,278,278. UM SERVO TEU,65500,pptx,1394545358.0,duplicado-antigo,VM/278,numero
Voz de Melodia/279. QUE FIÉIS NÓS SEJAMOS.pptx,VM,279,279.  QUE FIÉIS NÓS SEJAMOS,57636,pptx,1755979846.0,duplicado-antigo,VM/279,numero
Voz de Melodia/28. AO DEUS DA CRIAÇÃO LOUVAI.pptx,VM,28,AO DEUS DA,109152,pptx,1376165490.0,candidato,VM/28,numero
Voz de Melodia/280. ONDE QUER QUE SEJA.pptx,VM,280,280.  ONDE QUER QUE SEJA,81604,pptx,1394545418.0,candidato,VM/280,numero
"Voz de Melodia/281. Ó, MEU SENHOR, IREI.pptx",VM,281,"281.  Ó, MEU SENHOR, IREI",76927,pptx,1394545476.0,candidato,VM/281,numero
"Voz de Melodia/282. ONDE QUER QUE FOR, IREI.pptx",VM,282,"282.  ONDE QUER QUE FOR, IREI",85513,pptx,1394545524.0,candidato,VM/282,numero
Voz de Melodia/283. MEU CORAÇÃO.pptx,VM,283,283.  MEU CORAÇÃO,48334,pptx,1394545572.0,candidato,VM/283,numero
Voz de Melodia/284. O QUE DAREI A CRISTO.pptx,VM,284,284. O QUE DAREI A CRISTO?,71799,pptx,1394545622.0,candidato,VM/284,numero
Voz de Melodia/285. FRUTO DAR.pptx,VM,285,FRUTO DAR,69119,pptx,1394545678.0,candidato,VM/285,numero
Voz de Melodia/286. DAVI.pptx,VM,286,286.  DAVI,72527,pptx,1394545760.0,candidato,VM/286,numero
Voz de Melodia/287. DANIEL.pptx,VM,287,287.  DANIEL,58012,pptx,1394545812.0,candidato,VM/287,numero
Voz de Melodia/288. JONAS.pptx,VM,288,288.  JONAS,65740,pptx,1394545866.0,candidato,VM/288,numero
Voz de Melodia/289. NÃO TEMEREI.pptx,VM,289,289.  NÃO TEMEREI,56724,pptx,1755980449.0,duplicado-antigo,VM/289,numero
Voz de Melodia/29. ALELUIA.pptx,VM,29,ALELUIA,90883,pptx,1376165710.0,candidato,VM/29,numero
Voz de Melodia/290. O SEGREDO DO VIVER.pptx,VM,290,290. O SEGREDO DO VIVER,55134,pptx,1394545996.0,candidato,VM/290,numero
Voz de Melodia/291. CONFIAR EM CRISTO.pptx,VM,291,291. CONFIAR EM CRISTO,57451,pptx,1394546038.0,candidato,VM/291,numero
Voz de Melodia/292. A MINHA FÉ.pptx,VM,292,292.  A MINHA FÉ,74261,pptx,1394546086.0,candidato,VM/292,numero
Voz de Melodia/293. FÉ DOS NOSSOS PAIS.pptx,VM,293,293.  FÉ DOS NOSSOS PAIS,74747,pptx,1394546188.0,candidato,VM/293,numero
Voz de Melodia/294. CRISTO VALERÁ.pptx,VM,294,294.  CRISTO VALERÁ,64759,pptx,1394546540.0,candidato,VM/294,numero
Voz de Melodia/295. QUERO O SALVADOR.pptx,VM,295,295.  QUERO O SALVADOR,81114,pptx,1394546598.0,candidato,VM/295,numero
Voz de Melodia/296. SALVADOR BENDITO.pptx,VM,296,296.  SALVADOR BENDITO,81567,pptx,1388922544.0,candidato,VM/296,numero
Voz de Melodia/297. RICA PROMESSA.pptx,VM,297,297.  RICA PROMESSA,81460,pptx,1394546664.0,candidato,VM/297,numero
Voz de Melodia/298. CONFIANDO EM MEU JESUS.pptx,VM,298,298. CONFIANDO EM MEU JESUS,74688,pptx,1394546822.0,candidato,VM/298,numero
Voz de Melodia/299. SÓ CONFIAR.pptx,VM,299,299.  SÓ CONFIAR,68882,pptx,1394546880.0,candidato,VM/299,numero
"Voz de Melodia/30. TE LOUVAREI, MEU SALVADOR.pptx",VM,30,"TE LOUVAREI,",101894,pptx,1376165746.0,candidato,VM/30,numero
Voz de Melodia/300. SEGUIREI A TI.pptx,VM,300,300.  SEGUIREI A TI,56655,pptx,1789656444.0,candidato,VM/300,numero
Voz de Melodia/301. EU SÓ CONFIO NO SENHOR.pptx,VM,301,EU SÓ CONFIO,72755,pptx,1394547018.0,candidato,VM/301,numero
Voz de Melodia/302. CRER E OBSERVAR.pptx,VM,302,302.  CRER E OBSERVAR,76489,pptx,1394547264.0,candidato,VM/302,numero
Voz de Melodia/303. CONFIO SÓ EM TI.pptx,VM,303,303.  CONFIO SÓ EM TI,71318,pptx,1394547354.0,candidato,VM/303,numero
Voz de Melodia/304. BUSCAI PRIMEIRO O REINO DE DEUS.pptx,VM,304,BUSCAI PRIMEIRO,70178,pptx,1394547388.0,duplicado-antigo,VM/304,numero
Voz de Melodia/305. PRECISO DO SENHOR.pptx,VM,305,305.  PRECISO DO SENHOR,70858,pptx,1394547452.0,candidato,VM/305,numero
Voz de Melodia/306. EM JESUS AMIGO TEMOS.pptx,VM,306,306.  EM JESUS AMIGO TEMOS,78668,pptx,1394547504.0,candidato,VM/306,numero
Voz de Melodia/307. MAIS PERTO QUERO ESTAR.pptx,VM,307,MAIS PERTO,51117,pptx,1394547684.0,candidato,VM/307,numero
Voz de Melodia/308. CONTAR A JESUS.pptx,VM,308,308. CONTAR A JESUS,77094,pptx,1394547758.0,candidato,VM/308,numero
Voz de Melodia/309. OUÇA SUA VOZ.pptx,VM,309,OUÇA SUA VOZ,51302,pptx,1751215677.0,candidato,VM/309,numero
Voz de Melodia/31. EU TE ADORO.pptx,VM,31,EU TE ADORO,99012,pptx,1376165794.0,candidato,VM/31,numero
Voz de Melodia/310. MEU TEMPO A SÓS COM DEUS.pptx,VM,310,MEU TEMPO A SÓS COM DEUS,51203,pptx,1748691220.0,duplicado-antigo,VM/310,numero
Voz de Melodia/311. QUÃO PRECIOSAS SÃO AS HORAS.pptx,VM,311,QUÃO PRECIOSAS,80167,pptx,1394548120.0,candidato,VM/311,numero
Voz de Melodia/312. BENDITA A HORA DE ORAÇÃO.pptx,VM,312,BENDITA A HORA,78149,pptx,1394548284.0,candidato,VM/312,numero
Voz de Melodia/313. EM FERVENTE ORAÇÃO.pptx,VM,313,313.  EM FERVENTE ORAÇÃO,81631,pptx,1394548440.0,candidato,VM/313,numero
Voz de Melodia/314. SUA FÉ JESUS CONTEMPLARÁ.pptx,VM,314,314.  SUA FÉ JESUS CONTEMPLARÁ,85955,pptx,1394548496.0,candidato,VM/314,numero
Voz de Melodia/315. NOSSA ORAÇÃO.pptx,VM,315,315. NOSSA ORAÇÃO,73385,pptx,1394548536.0,candidato,VM/315,numero
Voz de Melodia/316. O CORAÇÃO EM PAZ.pptx,VM,316,316. O CORAÇÃO EM PAZ,74607,pptx,1394548596.0,candidato,VM/316,numero
Voz de Melodia/317. DIA A DIA.pptx,VM,317,317. DIA A DIA,80037,pptx,1394548638.0,candidato,VM/317,numero
Voz de Melodia/318. QUE CONSOLAÇÃO.pptx,VM,318,318.  QUE CONSOLAÇÃO,76749,pptx,1394548694.0,candidato,VM/318,numero
Voz de Melodia/319. COM CRISTO ESTOU CONTENTE.pptx,VM,319,COM CRISTO,74594,pptx,1394548750.0,candidato,VM/319,numero
"Voz de Melodia/32. EU TE AMO, Ó DEUS.pptx",VM,32,"32.  EU TE AMO, Ó DEUS",102647,pptx,1376165826.0,candidato,VM/32,numero
Voz de Melodia/320. SOSSEGAI.pptx,VM,320,320.  SOSSEGAI,83157,pptx,1394548820.0,candidato,VM/320,numero
Voz de Melodia/321. SEU CAMINHO É PERFEITO.pptx,VM,321,321.  SEU CAMINHO É PERFEITO,79778,pptx,1394548878.0,duplicado-antigo,VM/321,numero
Voz de Melodia/322. COMO UM CALMO RIO.pptx,VM,322,322.  COMO UM CALMO RIO,71451,pptx,1394548948.0,candidato,VM/322,numero
Voz de Melodia/323. JUNTO AO CORAÇÃO DE DEUS.pptx,VM,323,323. JUNTO AO CORAÇÃO DE DEUS,69141,pptx,1394548998.0,candidato,VM/323,numero
"Voz de Melodia/324. EXULTA, MEU CORAÇÃO.pptx",VM,324,324. EXULTA MEU CORAÇÃO,66004,pptx,1394549040.0,candidato,VM/324,numero
Voz de Melodia/325. SOU FELIZ.pptx,VM,325,325.  SOU FELIZ,85937,pptx,1394549084.0,candidato,VM/325,numero
Voz de Melodia/326. REGOZIJA EM DEUS.pptx,VM,326,REGOZIJA EM DEUS,74782,pptx,1394549132.0,duplicado-antigo,VM/326,numero
Voz de Melodia/327. DÁ-ME Ó DEUS UMA ALEGRIA.pptx,VM,327,327.  DÁ-ME Ó DEUS UMA ALEGRIA,78645,pptx,1394549198.0,candidato,VM/327,numero
Voz de Melodia/328. QUE ALEGRIA NESTE DIA.pptx,VM,328,328.  QUE ALEGRIA NESTE DIA,75270,pptx,1394549242.0,candidato,VM/328,numero
Voz de Melodia/329. Ó BENDITA LUZ DE DEUS.pptx,VM,329,329. Ó BENDITA LUZ DE DEUS,71619,pptx,1394549292.0,candidato,VM/329,numero
Voz de Melodia/33. LOUVAI.pptx,VM,33,LOUVAI,115722,pptx,1376165856.0,candidato,VM/33,numero
Voz de Melodia/330. BRILHO CELESTE.pptx,VM,330,330.  BRILHO CELESTE,81519,pptx,1394549332.0,candidato,VM/330,numero
Voz de Melodia/331. ANDO SEMPRE ALEGRE.pptx,VM,331,331.  ANDO SEMPRE ALEGRE,63532,pptx,1394549398.0,candidato,VM/331,numero
"Voz de Melodia/332. OH, EU SOU FELIZ.pptx",VM,332,"332. OH, EU SOU FELIZ!",60968,pptx,1394549434.0,candidato,VM/332,numero
Voz de Melodia/333. O HOMEM FELIZ.pptx,VM,333,333.  O HOMEM FELIZ,79090,pptx,1394549470.0,candidato,VM/333,numero
Voz de Melodia/334. BRILHA NO VIVER.pptx,VM,334,334.  BRILHA NO VIVER,74437,pptx,1394549512.0,candidato,VM/334,numero
Voz de Melodia/335. CANTANDO VOU.pptx,VM,335,335.  CANTANDO VOU,69927,pptx,1394549560.0,candidato,VM/335,numero
"Voz de Melodia/336. DE TI, JESUS SENHOR.pptx",VM,336,"336.  DE TI, JESUS SENHOR",62964,pptx,1394549594.0,candidato,VM/336,numero
Voz de Melodia/337. FAZE-ME UM FORASTEIRO.pptx,VM,337,FAZE-ME UM FORASTEIRO,72361,pptx,1394549632.0,duplicado-antigo,VM/337,numero
Voz de Melodia/338. MARCHAMOS PARA SIÃO.pptx,VM,338,338. MARCHAMOS PARA SIÃO,76591,pptx,1394549680.0,candidato,VM/338,numero
Voz de Melodia/339. O CAMINHO DA CRUZ.pptx,VM,339,339.  O CAMINHO DA CRUZ,74310,pptx,1394549720.0,candidato,VM/339,numero
Voz de Melodia/34. SOU SUA CRIAÇÃO.pptx,VM,34,SOU SUA CRIAÇÃO,112195,pptx,1376165906.0,candidato,VM/34,numero
Voz de Melodia/340. UM PENDÃO REAL.pptx,VM,340,340.  UM PENDÃO REAL,81400,pptx,1394549760.0,candidato,VM/340,numero
Voz de Melodia/341. VIVEREI PARA GLORIFICAR JESUS.pptx,VM,341,VIVEREI PARA,72227,pptx,1394549800.0,candidato,VM/341,numero
Voz de Melodia/342. PRA MIM O VIVER É CRISTO.pptx,VM,342,342. PRA MIM O VIVER É CRISTO,74907,pptx,1389553170.0,candidato,VM/342,numero
Voz de Melodia/343. OLHANDO PARA CRISTO.pptx,VM,343,343. OLHANDO PARA CRISTO,82576,pptx,1394549870.0,candidato,VM/343,numero
Voz de Melodia/344. JUNTO A TI.pptx,VM,344,344.  JUNTO A TI,69962,pptx,1394549908.0,candidato,VM/344,numero
Voz de Melodia/345. CRISTO É TUDO PARA MIM.pptx,VM,345,345. CRISTO É TUDO PARA MIM,74804,pptx,1394549994.0,candidato,VM/345,numero
Voz de Melodia/346. ANDANDO COM JESUS.pptx,VM,346,346.  ANDANDO COM JESUS,74266,pptx,1394550032.0,candidato,VM/346,numero
Voz de Melodia/347. NOVO CANTO HÁ EM MEU SER.pptx,VM,347,NOVO CANTO,64106,pptx,1390767416.0,candidato,VM/347,numero
Voz de Melodia/348. EU SOU DE JESUS.pptx,VM,348,348. EU SOU DE JESUS,75046,pptx,1394550090.0,candidato,VM/348,numero
"Voz de Melodia/349. NOME BOM, DOCE A FÉ.pptx",VM,349,"349.  NOME BOM, DOCE A FÉ",65407,pptx,1393787462.0,candidato,VM/349,numero
Voz de Melodia/35. GLORIOSO DIA.pptx,VM,35,GLORIOSO DIA,112402,pptx,1376165958.0,candidato,VM/35,numero
Voz de Melodia/350. EU SOU FILHO ADOTADO.pptx,VM,350,350.  EU SOU FILHO ADOTADO,76947,pptx,1394550150.0,candidato,VM/350,numero
Voz de Melodia/351. ASAS QUAL ÁGUIAS.pptx,VM,351,351. ASAS QUAL ÁGUIAS,58495,pptx,1542555514.0,duplicado-antigo,VM/351,numero
Voz de Melodia/352. MINHA ALMA CANTA MELODIAS.pptx,VM,352,MINHA ALMA,74621,pptx,1391372836.0,candidato,VM/352,numero
Voz de Melodia/353. CANTAREI A LINDA HISTÓRIA.pptx,VM,353,353.  CANTAREI A LINDA HISTÓRIA,76251,pptx,1394550358.0,candidato,VM/353,numero
Voz de Melodia/354. A ALEGRIA DE JESUS.pptx,VM,354,354.  A ALEGRIA DE JESUS,61298,pptx,1394550406.0,candidato,VM/354,numero
Voz de Melodia/355. COM CRISTO NO MEU CORAÇÃO.pptx,VM,355,COM CRISTO,77902,pptx,1394550488.0,candidato,VM/355,numero
Voz de Melodia/356. JESUS É MELHOR.pptx,VM,356,356. JESUS É MELHOR,74908,pptx,1390157066.0,duplicado-antigo,VM/356,numero
Voz de Melodia/357. POR JESUS DESPREZO O MUNDO.pptx,VM,357,357.  POR JESUS DESPREZO,75027,pptx,1394550598.0,candidato,VM/357,numero
Voz de Melodia/358. TE AMO.pptx,VM,358,358. TE AMO,51452,pptx,1394550636.0,duplicado-antigo,VM/358,numero
Voz de Melodia/359. CONTA AS BENÇÃOS.pptx,VM,359,CONTA AS BÊNÇÃOS,75220,pptx,1394550736.0,candidato,VM/359,numero
Voz de Melodia/36. BELA MANHÃ.pptx,VM,36,BELA MANHÃ,105809,pptx,1376166012.0,candidato,VM/36,numero
Voz de Melodia/360. CANTAREI DAS BÊNÇÃOS DO SENHOR.pptx,VM,360,CANTAREI DAS,74822,pptx,1388922894.0,candidato,VM/360,numero
Voz de Melodia/361. CHUVAS DE BÊNÇÃOS.pptx,VM,361,361.  CHUVAS DE BÊNÇÃOS,77035,pptx,1394550794.0,candidato,VM/361,numero
Voz de Melodia/362. QUE A BELEZA DE CRISTO.pptx,VM,362,362.  QUE A BELEZA DE CRISTO,69102,pptx,1394550828.0,candidato,VM/362,numero
Voz de Melodia/363. DEUS É TÃO BOM.pptx,VM,363,363. DEUS É TÃO BOM,71431,pptx,1394550868.0,candidato,VM/363,numero
Voz de Melodia/364. QUERO CANTAR UMA LINDA CANÇÃO.pptx,VM,364,QUERO CANTAR,70062,pptx,1394550922.0,candidato,VM/364,numero
Voz de Melodia/365. OH! REDIMIDO SOU.pptx,VM,365,365.  OH! REDIMIDO SOU,65489,pptx,1394550988.0,candidato,VM/365,numero
Voz de Melodia/366. DITOSO DIA.pptx,VM,366,366. DITOSO DIA,61072,pptx,1394551064.0,candidato,VM/366,numero
Voz de Melodia/367. SEMPRE SEGUIREI A CRISTO.pptx,VM,367,SEMPRE,74832,pptx,1394551170.0,candidato,VM/367,numero
Voz de Melodia/368. GLORIFICAR-TE É O MEU DEVER.pptx,VM,368,368.  GLORIFICAR-TE,75987,pptx,1394551298.0,candidato,VM/368,numero
Voz de Melodia/369. EU VI CRISTO EM TI.pptx,VM,369,369.  EU VI CRISTO EM TI,78821,pptx,1391372884.0,duplicado-antigo,VM/369,numero
Voz de Melodia/37. Ó NÓS QUE AMAMOS DEUS.pptx,VM,37,37.  Ó NÓS QUE AMAMOS DEUS,105338,pptx,1376166046.0,candidato,VM/37,numero
Voz de Melodia/370. SER COMO CRISTO.pptx,VM,370,SER COMO CRISTO,68997,pptx,1391372922.0,candidato,VM/370,numero
Voz de Melodia/371. LUTAI POR CRISTO.pptx,VM,371,371. LUTAI POR CRISTO,77322,pptx,1394551364.0,candidato,VM/371,numero
Voz de Melodia/372. VAMOS BATALHAR.pptx,VM,372,372.  VAMOS BATALHAR,74505,pptx,1394551434.0,candidato,VM/372,numero
Voz de Melodia/373. OH! QUE BELOS HINOS.pptx,VM,373,--- slide 2 ---,87206,pptx,1274986120.0,candidato,VM/373,numero
Voz de Melodia/374. CRISTO AMADO.pptx,VM,374,--- slide 2 ---,87381,pptx,1274986120.0,candidato,VM/374,numero
Voz de Melodia/375. LUTAI POR CRISTO.pptx,VM,375,375.  LUTAI POR CRISTO,76799,pptx,1393758802.0,candidato,VM/375,numero
Voz de Melodia/376. MAIS QUE VENCEDORES.pptx,VM,376,376. MAIS QUE VENCEDORES,74059,pptx,1393758924.0,candidato,VM/376,numero
Voz de Melodia/377. VITÓRIA EM CRISTO.pptx,VM,377,--- slide 2 ---,81596,pptx,1274986120.0,candidato,VM/377,numero
Voz de Melodia/378. GRAÇAS PELA VITÓRIA.pptx,VM,378,378. GRAÇAS PELA VITÓRIA,80630,pptx,1388922678.0,candidato,VM/378,numero
Voz de Melodia/379. MAIS VALE QUE O OURO.pptx,VM,379,MAIS VALE,72676,pptx,1394632080.0,duplicado-antigo,VM/379,numero
Voz de Melodia/38. DEUS DOS ANTIGOS.pptx,VM,38,DEUS DOS ANTIGOS,106254,pptx,1376166096.0,candidato,VM/38,numero
Voz de Melodia/380. VAI BUSCAR.pptx,VM,380,380.  VAI BUSCAR,69937,pptx,1394632170.0,candidato,VM/380,numero
Voz de Melodia/381. FALEMOS DE CRISTO.pptx,VM,381,381.  FALEMOS DE CRISTO,70100,pptx,1394632210.0,duplicado-antigo,VM/381,numero
Voz de Melodia/382. A MENSAGEM VEM DE DEUS.pptx,VM,382,A MENSAGEM,74958,pptx,1394632282.0,candidato,VM/382,numero
Voz de Melodia/383. É ISTO QUE ME FAZ CANTAR.pptx,VM,383,É ISTO QUE,69939,pptx,1394632316.0,candidato,VM/383,numero
"Voz de Melodia/384. HOJE, GUIA-ME, SENHOR.pptx",VM,384,"HOJE, GUIA-ME, SENHOR",74865,pptx,1394632346.0,candidato,VM/384,numero
Voz de Melodia/385. JESUS É BOM.pptx,VM,385,JESUS É BOM,70122,pptx,1394632382.0,candidato,VM/385,numero
Voz de Melodia/386. A NOVA DO EVANGELHO.pptx,VM,386,386.  A NOVA DO EVANGELHO,77072,pptx,1394632464.0,candidato,VM/386,numero
Voz de Melodia/387. CONTAI-ME A VELHA HISTÓRIA.pptx,VM,387,386.  CONTAI-ME A VELHA HISTÓRIA,76882,pptx,1382826658.0,candidato,VM/387,numero
Voz de Melodia/388. A DOCE HISTÓRIA.pptx,VM,388,388.  A DOCE HISTÓRIA,74442,pptx,1394632546.0,candidato,VM/388,numero
Voz de Melodia/389. NÃO ME FALARAM DE CRISTO.pptx,VM,389,389. NÃO ME FALARAM DE CRISTO,74638,pptx,1394632672.0,candidato,VM/389,numero
Voz de Melodia/39. CASTELO FORTE.pptx,VM,39,CASTELO FORTE,607084,pptx,1751194010.0,candidato,VM/39,numero
Voz de Melodia/390. ÀS NAÇÕES CONTAREMOS A HISTÓRIA.pptx,VM,390,390. ÀS NAÇÕES CONTAREMOS,74730,pptx,1394632752.0,candidato,VM/390,numero
Voz de Melodia/391. CRISTO É A ÚNICA ESPERANÇA.pptx,VM,391,391. CRISTO É A ÚNICA ESPERANÇA,81155,pptx,1394632824.0,candidato,VM/391,numero
Voz de Melodia/392. BRASIL.pptx,VM,392,392. BRASIL,71195,pptx,1394632884.0,candidato,VM/392,numero
Voz de Melodia/393. MIL VOZES PARA O BRASIL.pptx,VM,393,393. MIL VOZES PARA O BRASIL,74320,pptx,1394632928.0,candidato,VM/393,numero
Voz de Melodia/394. ORAÇÃO PELA PÁTRIA.pptx,VM,394,394.  ORAÇÃO PELA PÁTRIA,73744,pptx,1384717034.0,candidato,VM/394,numero
"Voz de Melodia/395. VAMOS, IRMÃOS, LEVAR ESSA LUZ.pptx",VM,395,"395. VAMOS, IRMÃOS, LEVAR ESSA LUZ",91591,pptx,1384716172.0,candidato,VM/395,numero
Voz de Melodia/396. DAI-NOS LUZ.pptx,VM,396,396.  DAI-NOS LUZ,74336,pptx,1394390698.0,candidato,VM/396,numero
"Voz de Melodia/397. SIM, MARCHAR AVANTE.pptx",VM,397,--- slide 2 ---,86029,pptx,1274986126.0,candidato,VM/397,numero
Voz de Melodia/398. EIS OS MILHÕES.pptx,VM,398,398.  EIS OS MILHÕES,76786,pptx,1394390418.0,candidato,VM/398,numero
Voz de Melodia/399. AS BOAS NOVAS.pptx,VM,399,399.  AS BOAS NOVAS,85879,pptx,1394633096.0,candidato,VM/399,numero
Voz de Melodia/40. DEUS VÊ O CORAÇÃO.pptx,VM,40,40.  DEUS VÊ O CORAÇÃO,106947,pptx,1376166192.0,candidato,VM/40,numero
Voz de Melodia/400. ONDE OS OBREIROS.pptx,VM,400,400.  ONDE OS OBREIROS?,75751,pptx,1394633258.0,candidato,VM/400,numero
Voz de Melodia/401. AVANÇAI COM JESUS.pptx,VM,401,401.  AVANÇAI COM JESUS,81606,pptx,1394633320.0,candidato,VM/401,numero
"Voz de Melodia/402. EIS-ME AQUI, SENHOR.pptx",VM,402,"402. EIS-ME AQUI, SENHOR",69902,pptx,1394633368.0,duplicado-antigo,VM/402,numero
Voz de Melodia/403. UM A UM.pptx,VM,403,UM A UM,62590,pptx,1772386888.0,duplicado-antigo,VM/403,numero
Voz de Melodia/404. HAVEMOS DE COLHER.pptx,VM,404,404.  HAVEMOS DE COLHER,81711,pptx,1394633500.0,candidato,VM/404,numero
Voz de Melodia/405. A ORDEM DO SENHOR.pptx,VM,405,405.  A ORDEM DO SENHOR,72390,pptx,1394390466.0,candidato,VM/405,numero
Voz de Melodia/406. IDE.pptx,VM,406,406.  IDE,81822,pptx,1390156852.0,candidato,VM/406,numero
Voz de Melodia/407. MÃOS AO TRABALHO.pptx,VM,407,MÃOS AO TRABALHO,74907,pptx,1394633554.0,candidato,VM/407,numero
Voz de Melodia/408. DÁ TEU MELHOR.pptx,VM,408,408.  DÁ TEU MELHOR PARA O MESTRE,189900,pptx,1448149527.0,candidato,VM/408,numero
Voz de Melodia/409. FIEL QUERO SER.pptx,VM,409,409.  FIEL QUERO SER,50678,pptx,1751215818.0,duplicado-antigo,VM/409,numero
Voz de Melodia/41. O DEUS DO IMPOSSÍVEL.pptx,VM,41,41. O DEUS DO IMPOSSÍVEL,115156,pptx,1376166266.0,duplicado-antigo,VM/41,numero
Voz de Melodia/410. NO SERVIÇO DO MEU REI.pptx,VM,410,410.  NO SERVIÇO DO MEU REI,76837,pptx,1388951810.0,candidato,VM/410,numero
Voz de Melodia/411. SERVO DE CRISTO.pptx,VM,411,411. SERVO DE CRISTO,77325,pptx,1388952732.0,candidato,VM/411,numero
Voz de Melodia/412. DEUS PROCURA UM PASTORZINHO.pptx,VM,412,DEUS PROCURA,77276,pptx,1388952538.0,candidato,VM/412,numero
Voz de Melodia/413. SERVIR A JESUS.pptx,VM,413,413.  SERVIR A JESUS,70957,pptx,1394633618.0,candidato,VM/413,numero
Voz de Melodia/414. QUERO SER UM VASO DE BENÇÃO.pptx,VM,414,QUERO SER,86442,pptx,1388952690.0,candidato,VM/414,numero
Voz de Melodia/415. VAMOS NÓS TRABALHAR.pptx,VM,415,VAMOS NÓS TRABALHAR,86811,pptx,1394633670.0,candidato,VM/415,numero
Voz de Melodia/416. VAMOS À IGREJA.pptx,VM,416,416.  VAMOS À IGREJA,76506,pptx,1394633738.0,candidato,VM/416,numero
Voz de Melodia/417. A IGREJA VERDADEIRA.pptx,VM,417,A IGREJA VERDADEIRA,73336,pptx,1394633780.0,candidato,VM/417,numero
Voz de Melodia/418. BENDITOS LAÇOS.pptx,VM,418,418.  BENDITOS LAÇOS,61459,pptx,1394633812.0,candidato,VM/418,numero
Voz de Melodia/419. ÀS AGUAS DO JORDÃO.pptx,VM,419,419.  ÀS ÁGUAS DO JORDÃO,73974,pptx,1394633850.0,candidato,VM/419,numero
Voz de Melodia/42. DEUS SÁBIO INVISÍVEL.pptx,VM,42,"DEUS SÁBIO, INVISÍVEL",106974,pptx,1376166316.0,candidato,VM/42,numero
Voz de Melodia/420. PERFEITO AMOR.pptx,VM,420,420. PERFEITO AMOR,71744,pptx,1394633900.0,candidato,VM/420,numero
Voz de Melodia/421. VEM NOSSO LAR ABENÇOAR.pptx,VM,421,VEM NOSSO LAR ABENÇOAR,51265,pptx,1749930632.0,duplicado-antigo,VM/421,numero
Voz de Melodia/422. TEMPOS PRECIOSOS.pptx,VM,422,422.  TEMPOS PRECIOSOS,74788,pptx,1394634050.0,candidato,VM/422,numero
Voz de Melodia/423. TEU PRA SEMPRE.pptx,VM,423,TEU PRA SEMPRE,70729,pptx,1465682818.0,candidato,VM/423,numero
Voz de Melodia/424. HUMILDEMENTE AO TEU ALTAR.pptx,VM,424,424.  HUMILDEMENTE,71269,pptx,1394634140.0,candidato,VM/424,numero
"Voz de Melodia/425. DE GRAÇA SALVO, CANTAREI.pptx",VM,425,"425. DE GRAÇA SALVO, CANTAREI",76541,pptx,1394634182.0,candidato,VM/425,numero
Voz de Melodia/426. PRIMEIRO QUERO VER O MEU SALVADOR.pptx,VM,426,426.  PRIMEIRO QUERO VER,72662,pptx,1394634256.0,candidato,VM/426,numero
Voz de Melodia/427. LÁ NO CÉU.pptx,VM,427,427.  LÁ NO CÉU,79256,pptx,1394634306.0,candidato,VM/427,numero
Voz de Melodia/428. FACE A FACE.pptx,VM,428,428.  FACE A FACE,65583,pptx,1394634348.0,candidato,VM/428,numero
Voz de Melodia/429. HEI DE VÊ-LO.pptx,VM,429,429.  HEI DE VÊ-LO,74912,pptx,1394634400.0,candidato,VM/429,numero
Voz de Melodia/43. DEUS CUIDARÁ DE TI.pptx,VM,43,43.  DEUS CUIDARÁ DE TI,105726,pptx,1376166346.0,candidato,VM/43,numero
Voz de Melodia/430. ANELO LAR.pptx,VM,430,ANELO O LAR,72444,pptx,1394634442.0,candidato,VM/430,numero
Voz de Melodia/431. HEI DE VER MEU REDENTOR.pptx,VM,431,431.  HEI DE VER MEU REDENTOR,74769,pptx,1394634498.0,candidato,VM/431,numero
Voz de Melodia/432. GLÓRIA PRA MIM.pptx,VM,432,432. GLÓRIA PRA MIM,74891,pptx,1394634542.0,candidato,VM/432,numero
"Voz de Melodia/433. GRANDES COISAS, MUI GLORIOSAS.pptx",VM,433,"433.  GRANDES COISAS,",75610,pptx,1394634588.0,candidato,VM/433,numero
Voz de Melodia/434. HINO NACIONAL BRASILEIRO.pptx,VM,434,434.  HINO NACIONAL BRASILEIRO,79037,pptx,1394634668.0,candidato,VM/434,numero
Voz de Melodia/435. FELICIDADES!.pptx,VM,435,435.  FELICIDADES!,68882,pptx,1394634710.0,candidato,VM/435,numero
Voz de Melodia/44. MEU AMIGO JESUS.pptx,VM,44,44.  MEU AMIGO JESUS,111739,pptx,1376166470.0,candidato,VM/44,numero
Voz de Melodia/45. MEU DEUS PROVERÁ.pptx,VM,45,45.  MEU DEUS PROVERÁ,123196,pptx,1376166516.0,candidato,VM/45,numero
Voz de Melodia/46. IMPORTARÁ.pptx,VM,46,46.  IMPORTARÁ,122686,pptx,1376166544.0,candidato,VM/46,numero
Voz de Melodia/47. QUE DOCE VOZ.pptx,VM,47,QUE DOCE VOZ,117066,pptx,1376166612.0,candidato,VM/47,numero
Voz de Melodia/48. REFÚGIO CRISTO SEMPRE DÁ.pptx,VM,48,REFÚGIO CRISTO,117184,pptx,1376166730.0,candidato,VM/48,numero
Voz de Melodia/49. NOS TUMULTOS DESTA VIDA.pptx,VM,49,NOS TUMULTOS,111132,pptx,1376166766.0,candidato,VM/49,numero
Voz de Melodia/50. DEUS VOS GUARDE.pptx,VM,50,50.  DEUS VOS GUARDE,123065,pptx,1376166816.0,candidato,VM/50,numero
Voz de Melodia/51. AMIGO INCOMPARÁVEL.pptx,VM,51,51.  AMIGO INCOMPARÁVEL,108409,pptx,1376166880.0,candidato,VM/51,numero
Voz de Melodia/52. FILHO NÓS DO PAI CELESTE.pptx,VM,52,FILHOS NÓS,103999,pptx,1376166932.0,candidato,VM/52,numero
Voz de Melodia/53. GUARDA O MEU CORAÇÃO.pptx,VM,53,53.  GUARDA O MEU CORAÇÃO,108941,pptx,1376167018.0,candidato,VM/53,numero
Voz de Melodia/54. TU ÉS O GRANDE AMPARADOR.pptx,VM,54,TU ÉS O GRANDE,105552,pptx,1376167094.0,candidato,VM/54,numero
Voz de Melodia/55. MEU DEUS CUIDA DE MIM.pptx,VM,55,MEU DEUS CUIDA DE MIM,104106,pptx,1376167148.0,candidato,VM/55,numero
Voz de Melodia/56. TU ÉS A ROCHA.pptx,VM,56,56.  TU ÉS A ROCHA,104332,pptx,1376167206.0,candidato,VM/56,numero
Voz de Melodia/57. DEUS É MEU ABRIGO.pptx,VM,57,57.  DEUS É MEU ABRIGO,108769,pptx,1376167298.0,candidato,VM/57,numero
"Voz de Melodia/58. TU ÉS FIEL, SENHOR.pptx",VM,58,"TU ÉS FIEL, SENHOR",85687,pptx,1755980655.0,candidato,VM/58,numero
Voz de Melodia/59.  NO ABRIGO DA ROCHA.pptx,VM,59,59.  NO ABRIGO DA ROCHA,106566,pptx,1376167450.0,candidato,VM/59,numero
Voz de Melodia/60. SEMPRE CUIDARÁ DE MIM.pptx,VM,60,60.  SEMPRE CUIDARÁ DE MIM,106723,pptx,1376167516.0,candidato,VM/60,numero
Voz de Melodia/61. UM BOM AMIGO.pptx,VM,61,61.  UM BOM AMIGO,94998,pptx,1376167614.0,candidato,VM/61,numero
Voz de Melodia/62. DEUS TEM CUIDADO DE VOCÊ.pptx,VM,62,DEUS TEM CUIDADO,100712,pptx,1376167658.0,candidato,VM/62,numero
Voz de Melodia/63. MINHA MORADA JESUS ASSEGURA.pptx,VM,63,MINHA MORADA,106481,pptx,1376167730.0,candidato,VM/63,numero
"Voz de Melodia/64. OUVE-NOS, PASTOR DIVINO.pptx",VM,64,"64.  OUVE-NOS, PASTOR DIVINO",107694,pptx,1376167796.0,candidato,VM/64,numero
Voz de Melodia/65. TÃO PERTO ESTÁ O SENHOR.pptx,VM,65,65. TÃO PERTO ESTÁ O SENHOR,101826,pptx,1376167838.0,candidato,VM/65,numero
Voz de Melodia/66. MEU JESUS ME GUIA SEMPRE.pptx,VM,66,MEU JESUS,106910,pptx,1376167944.0,candidato,VM/66,numero
Voz de Melodia/67. O MESTRE NOS CHAMA.pptx,VM,67,67.  O MESTRE NOS CHAMA,104567,pptx,1376168046.0,candidato,VM/67,numero
"Voz de Melodia/68. GUIA-ME, MEU SALVADOR.pptx",VM,68,"68.  GUIA ME, MEU SALVADOR",95442,pptx,1376168094.0,candidato,VM/68,numero
Voz de Melodia/69. DEUS DE MINHA ALMA.pptx,VM,69,DEUS DE MINHA ALMA,106623,pptx,1376168226.0,duplicado-antigo,VM/69,numero
Voz de Melodia/70. DEUS ME GUIA.pptx,VM,70,JESUS ME GUIA,97730,pptx,1376168278.0,candidato,VM/70,numero
Voz de Melodia/71. DEUS GUIA SEUS FILHOS.pptx,VM,71,DEUS GUIA SEUS FILHOS,108925,pptx,1376168368.0,candidato,VM/71,numero
Voz de Melodia/72. CREIA EM DEUS.pptx,VM,72,72.  CREIA EM DEUS,80514,pptx,1748690688.0,duplicado-antigo,VM/72,numero
Voz de Melodia/73. MEU JESUS.pptx,VM,73,73. MEU JESUS,103849,pptx,1376168480.0,candidato,VM/73,numero
Voz de Melodia/74. CADA MOMENTO.pptx,VM,74,CADA MOMENTO,106956,pptx,1376168564.0,candidato,VM/74,numero
"Voz de Melodia/75. GUIA-ME, SENHOR.pptx",VM,75,"GUIA-ME, SENHOR",80295,pptx,1376168602.0,candidato,VM/75,numero
"Voz de Melodia/76. SENHOR, TU ÉS O MEU PASTOR.pptx",VM,76,"SENHOR, TU ÉS",105278,pptx,1376168642.0,candidato,VM/76,numero
Voz de Melodia/77. OS PASSOS DO JUSTO.pptx,VM,77,OS PASSO DO JUSTO,99354,pptx,1376168744.0,duplicado-antigo,VM/77,numero
Voz de Melodia/78. PELO VALE.pptx,VM,78,"Vou segui-LO,",105372,pptx,1376168928.0,candidato,VM/78,numero
Voz de Melodia/79. O MEU PASTOR.pptx,VM,79,79.  O MEU PASTOR,92906,pptx,1376169014.0,candidato,VM/79,numero
Voz de Melodia/80. É TÃO VASTO O AMOR DIVINO.pptx,VM,80,É TÃO  VASTO,104146,pptx,1376169064.0,candidato,VM/80,numero
Voz de Melodia/81. O AMOR DE DEUS.pptx,VM,81,O AMOR DE DEUS,111054,pptx,1376169776.0,candidato,VM/81,numero
Voz de Melodia/82. QUE MARAVILHA SEU AMOR.pptx,VM,82,QUE MARAVILHA,97385,pptx,1376169858.0,candidato,VM/82,numero
Voz de Melodia/83. QUÃO VASTO É O AMOR DO PAI.pptx,VM,83,QUÃO VASTO,108013,pptx,1376169912.0,candidato,VM/83,numero
Voz de Melodia/84. AO DEUS DE AMOR.pptx,VM,84,84.  AO DEUS DE AMOR,113701,pptx,1376169974.0,candidato,VM/84,numero
Voz de Melodia/85. O AMOR DE JESUS.pptx,VM,85,O AMOR DE JESUS,108784,pptx,1376170050.0,candidato,VM/85,numero
Voz de Melodia/86. CRISTO TEM AMOR POR MIM.pptx,VM,86,86. CRISTO TEM AMOR,107635,pptx,1376170088.0,candidato,VM/86,numero
Voz de Melodia/87. OH GRAÇA EXCELSA DO SENHOR!.pptx,VM,87,"OH, GRAÇA EXCELSA",104053,pptx,1376170132.0,candidato,VM/87,numero
Voz de Melodia/88. GRAÇA DE DEUS.pptx,VM,88,88.  GRAÇA DE DEUS,86329,pptx,1376170190.0,duplicado-antigo,VM/88,numero
Voz de Melodia/89. MARAVILHOSA GRAÇA!.pptx,VM,89,89. MARAVILHOSA GRAÇA!,107618,pptx,1376170264.0,candidato,VM/89,numero
Voz de Melodia/90. PELA SUA GRAÇA.pptx,VM,90,Eis entronizado,114201,pptx,1376170334.0,candidato,VM/90,numero
Voz de Melodia/91. NOSSO GRANDE SALVADOR.pptx,VM,91,NOSSO GRANDE,104036,pptx,1376170382.0,candidato,VM/91,numero
"Voz de Melodia/92. LINDO ÉS, MEU MESTRE.pptx",VM,92,"92.  LINDO ÉS, MEU MESTRE",76887,pptx,1757818517.0,candidato,VM/92,numero
Voz de Melodia/93. REI DOS CÉUS.pptx,VM,93,93.  REI DOS CÉUS,95632,pptx,1376170494.0,candidato,VM/93,numero
"Voz de Melodia/94. JESUS, O SÓ PENSAR EM TI.pptx",VM,94,"JESUS,",104044,pptx,1376170534.0,candidato,VM/94,numero
Voz de Melodia/95. CRISTO JESUS HÁ DE REINAR.pptx,VM,95,95. CRISTO JESUS,93129,pptx,1376170574.0,candidato,VM/95,numero
Voz de Melodia/96. COROAI-O REI DOS REIS.pptx,VM,96,96. COROAI-O REI DOS REIS,103086,pptx,1376170662.0,candidato,VM/96,numero
Voz de Melodia/97. CRISTO É O SENHOR.pptx,VM,97,CRISTO É SENHOR,104275,pptx,1376170712.0,duplicado-antigo,VM/97,numero
"Voz de Melodia/98. GLÓRIA! GLÓRIA, ALELUIA!.pptx",VM,98,"98.  GLÓRIA! GLÓRIA, ALELUIA!",118690,pptx,1376170776.0,candidato,VM/98,numero
Voz de Melodia/99. ELE É REI.pptx,VM,99,99.  ELE É REI,113561,pptx,1376170840.0,candidato,VM/99,numero
Voz de Melodia/eu amo a cruz.pptx,VM,,Eu amo a cruz,179417,pptx,1448207515.0,sem-match,,
ate aqui deus ajudou.pptx,,,ATE AQUI DEUS AJUDOU,105103,pptx,1581547518.0,sem-match,,
tu me susterás (2).pptx,,,TU ME SUSTERÁS,6542018,pptx,1624143189.0,duplicado-antigo,COR/156,titulo
